Student_Name,Semester,Attendance,Assignment,Tutorial,Incourse,Final,GPA,Total_Marks,Risk_Status
Tashin Tuhin,3rd Year - Sem 1,24,10,16,38,51,4.0,115,Safe
Tashin Tuhin,2nd Year - Sem 1,20,6,12,25,38,3.0,81,Safe
Tashin Tuhin,2nd Year - Sem 1,23,9,17,37,59,4.0,122,Safe
Tashin Tuhin,3rd Year - Sem 1,12,6,14,21,38,3.0,79,Safe
Nadia Islam,2nd Year - Sem 2,7,3,4,9,27,0.0,43,High Risk
Rakib Hasan,3rd Year - Sem 1,9,4,9,19,19,0.0,51,High Risk
Nadia Islam,4th Year - Sem 2,24,9,19,40,56,4.0,124,Safe
Rakib Hasan,3rd Year - Sem 2,21,8,18,33,50,4.0,109,Safe
Ahad Ali,3rd Year - Sem 2,20,9,19,37,50,4.0,115,Safe
Shibay Yadav,1st Year - Sem 1,20,7,14,29,32,3.0,82,Safe
Rakib Hasan,4th Year - Sem 1,20,5,12,24,43,3.0,84,Safe
Rakib Hasan,4th Year - Sem 2,5,4,0,5,22,0.0,31,High Risk
Tashin Tuhin,4th Year - Sem 1,20,10,16,39,57,4.0,122,Safe
Nadia Islam,4th Year - Sem 1,14,7,10,24,41,3.0,82,Safe
Nadia Islam,2nd Year - Sem 2,3,1,5,9,28,0.0,43,High Risk
Rakib Hasan,3rd Year - Sem 2,23,9,17,32,55,4.0,113,Safe
Nadia Islam,2nd Year - Sem 1,16,8,13,22,38,3.0,81,Safe
Nadia Islam,3rd Year - Sem 1,10,5,3,15,10,0.0,33,High Risk
Ahad Ali,3rd Year - Sem 2,22,10,18,36,53,4.0,117,Safe
Karim Uddin,1st Year - Sem 2,13,6,11,26,36,3.0,79,Safe
Nadia Islam,3rd Year - Sem 2,9,1,9,20,24,2.0,54,High Risk
Nadia Islam,4th Year - Sem 1,24,8,15,35,58,4.0,116,Safe
Karim Uddin,1st Year - Sem 1,20,8,12,22,45,3.25,87,Safe
Rakib Hasan,2nd Year - Sem 1,21,10,15,39,48,4.0,112,Safe
Nadia Islam,2nd Year - Sem 2,20,10,18,37,58,4.0,123,Safe
Nadia Islam,4th Year - Sem 2,16,8,14,20,45,3.25,87,Safe
Shibay Yadav,3rd Year - Sem 2,16,5,15,22,39,3.0,81,Safe
Nadia Islam,1st Year - Sem 2,21,9,20,40,57,4.0,126,Safe
Tashin Tuhin,1st Year - Sem 1,21,8,17,34,51,4.0,110,Safe
Nadia Islam,4th Year - Sem 1,23,10,16,30,48,4.0,104,Safe
Karim Uddin,1st Year - Sem 1,20,10,18,30,56,4.0,114,Safe
Shibay Yadav,1st Year - Sem 1,20,9,20,32,56,4.0,117,Safe
Karim Uddin,3rd Year - Sem 2,13,8,10,24,43,3.25,85,Safe
Nadia Islam,1st Year - Sem 1,23,9,18,33,48,4.0,108,Safe
Rakib Hasan,2nd Year - Sem 2,12,7,14,29,30,3.0,80,Safe
Nadia Islam,3rd Year - Sem 1,4,4,4,14,2,0.0,24,High Risk
Karim Uddin,3rd Year - Sem 1,13,5,11,28,38,3.0,82,Safe
Nadia Islam,3rd Year - Sem 2,3,2,2,20,26,0.0,50,High Risk
Nadia Islam,4th Year - Sem 2,23,10,15,32,59,4.0,116,Safe
Karim Uddin,3rd Year - Sem 1,23,9,18,32,46,4.0,105,Safe
Nadia Islam,3rd Year - Sem 1,16,6,10,20,35,2.5,71,Medium Risk
Shibay Yadav,1st Year - Sem 1,20,10,20,39,46,4.0,115,Safe
Ahad Ali,4th Year - Sem 2,16,6,14,28,34,3.0,82,Safe
Shibay Yadav,3rd Year - Sem 1,4,0,4,10,8,0.0,22,High Risk
Tashin Tuhin,1st Year - Sem 2,21,10,15,33,56,4.0,114,Safe
Rakib Hasan,4th Year - Sem 2,19,5,13,26,38,3.0,82,Safe
Karim Uddin,2nd Year - Sem 1,15,6,15,23,34,3.0,78,Safe
Rakib Hasan,4th Year - Sem 2,13,6,14,28,32,3.0,80,Safe
Nadia Islam,2nd Year - Sem 2,21,9,19,39,56,4.0,123,Safe
Rakib Hasan,4th Year - Sem 2,19,5,15,25,37,3.0,82,Safe
Ahad Ali,4th Year - Sem 2,21,10,18,35,54,4.0,117,Safe
Tashin Tuhin,4th Year - Sem 1,2,3,2,19,17,0.0,41,High Risk
Karim Uddin,1st Year - Sem 2,14,8,10,21,36,2.75,75,Medium Risk
Ahad Ali,2nd Year - Sem 1,6,5,1,5,9,0.0,20,High Risk
Tashin Tuhin,4th Year - Sem 2,19,7,10,28,37,3.0,82,Safe
Karim Uddin,4th Year - Sem 2,23,10,20,32,55,4.0,117,Safe
Ahad Ali,2nd Year - Sem 2,9,0,4,8,21,0.0,33,High Risk
Ahad Ali,1st Year - Sem 2,20,8,17,32,53,4.0,110,Safe
Ahad Ali,4th Year - Sem 2,23,8,17,39,49,4.0,113,Safe
Ahad Ali,3rd Year - Sem 2,3,5,9,16,28,2.0,58,High Risk
Nadia Islam,2nd Year - Sem 2,24,9,20,35,45,4.0,109,Safe
Nadia Islam,4th Year - Sem 1,8,1,8,1,20,0.0,30,High Risk
Karim Uddin,4th Year - Sem 2,2,2,7,8,7,0.0,24,High Risk
Shibay Yadav,1st Year - Sem 1,13,6,14,22,45,3.25,87,Safe
Nadia Islam,3rd Year - Sem 1,22,8,17,30,52,4.0,107,Safe
Ahad Ali,2nd Year - Sem 1,13,8,14,25,30,2.75,77,Medium Risk
Nadia Islam,4th Year - Sem 1,23,10,17,31,56,4.0,114,Safe
Rakib Hasan,2nd Year - Sem 1,16,8,13,22,39,3.0,82,Safe
Shibay Yadav,1st Year - Sem 2,2,3,7,5,6,0.0,21,High Risk
Tashin Tuhin,3rd Year - Sem 1,7,1,1,6,17,0.0,25,High Risk
Rakib Hasan,1st Year - Sem 1,21,8,15,38,48,4.0,109,Safe
Karim Uddin,3rd Year - Sem 1,13,6,14,28,36,3.0,84,Safe
Tashin Tuhin,2nd Year - Sem 1,13,7,10,20,33,2.5,70,Medium Risk
Shibay Yadav,3rd Year - Sem 2,4,3,10,8,1,0.0,22,High Risk
Ahad Ali,3rd Year - Sem 2,17,6,11,30,40,3.25,87,Safe
Nadia Islam,2nd Year - Sem 2,23,10,20,38,50,4.0,118,Safe
Karim Uddin,2nd Year - Sem 2,5,3,7,10,10,0.0,30,High Risk
Ahad Ali,2nd Year - Sem 2,10,0,8,19,4,0.0,31,High Risk
Karim Uddin,4th Year - Sem 1,13,8,13,23,30,2.75,74,Medium Risk
Nadia Islam,4th Year - Sem 1,11,0,3,5,20,0.0,28,High Risk
Karim Uddin,4th Year - Sem 1,14,7,14,24,40,3.25,85,Safe
Shibay Yadav,4th Year - Sem 1,17,5,12,24,40,3.0,81,Safe
Ahad Ali,2nd Year - Sem 1,13,8,12,23,34,2.75,77,Medium Risk
Nadia Islam,3rd Year - Sem 1,18,5,12,20,30,2.5,67,Medium Risk
Karim Uddin,2nd Year - Sem 2,12,6,10,29,30,2.75,75,Medium Risk
Nadia Islam,3rd Year - Sem 2,12,6,10,29,42,3.25,87,Safe
Tashin Tuhin,3rd Year - Sem 1,15,5,11,26,40,3.0,82,Safe
Karim Uddin,4th Year - Sem 2,13,7,14,26,39,3.25,86,Safe
Nadia Islam,1st Year - Sem 2,3,1,2,7,26,0.0,36,High Risk
Tashin Tuhin,3rd Year - Sem 1,7,0,0,7,26,0.0,33,High Risk
Nadia Islam,3rd Year - Sem 2,4,3,5,16,3,0.0,27,High Risk
Ahad Ali,2nd Year - Sem 1,23,9,20,39,57,4.0,125,Safe
Ahad Ali,4th Year - Sem 2,12,8,12,20,35,2.75,75,Medium Risk
Ahad Ali,4th Year - Sem 1,12,8,13,23,33,2.75,77,Medium Risk
Tashin Tuhin,2nd Year - Sem 2,5,0,5,12,21,0.0,38,High Risk
Rakib Hasan,4th Year - Sem 2,5,2,5,9,30,0.0,46,High Risk
Rakib Hasan,3rd Year - Sem 2,20,10,18,30,55,4.0,113,Safe
Ahad Ali,1st Year - Sem 2,15,5,15,27,43,3.25,90,Safe
Karim Uddin,1st Year - Sem 1,15,8,11,26,41,3.25,86,Safe
Ahad Ali,1st Year - Sem 2,22,8,19,33,54,4.0,114,Safe
Tashin Tuhin,3rd Year - Sem 2,19,6,12,22,36,2.75,76,Medium Risk
Nadia Islam,2nd Year - Sem 1,18,6,15,21,41,3.0,83,Safe
Nadia Islam,4th Year - Sem 2,0,1,0,1,17,0.0,19,High Risk
Nadia Islam,2nd Year - Sem 1,17,5,14,28,31,3.0,78,Safe
Tashin Tuhin,1st Year - Sem 1,11,4,6,1,23,0.0,34,High Risk
Rakib Hasan,4th Year - Sem 1,12,7,10,30,38,3.25,85,Safe
Shibay Yadav,1st Year - Sem 1,16,6,10,21,45,3.0,82,Safe
Karim Uddin,3rd Year - Sem 2,0,0,6,8,15,0.0,29,High Risk
Nadia Islam,1st Year - Sem 1,2,2,1,16,26,0.0,45,High Risk
Rakib Hasan,3rd Year - Sem 2,20,7,11,22,36,2.75,76,Medium Risk
Tashin Tuhin,4th Year - Sem 1,24,8,19,38,54,4.0,119,Safe
Karim Uddin,2nd Year - Sem 1,20,10,15,36,59,4.0,120,Safe
Rakib Hasan,2nd Year - Sem 2,15,5,12,27,37,3.0,81,Safe
Rakib Hasan,1st Year - Sem 2,21,8,15,40,51,4.0,114,Safe
Ahad Ali,3rd Year - Sem 2,12,6,12,28,34,3.0,80,Safe
Tashin Tuhin,3rd Year - Sem 2,15,6,10,22,35,2.75,73,Medium Risk
Tashin Tuhin,3rd Year - Sem 2,19,5,11,30,37,3.0,83,Safe
Ahad Ali,2nd Year - Sem 1,18,8,12,25,30,2.75,75,Medium Risk
Tashin Tuhin,4th Year - Sem 2,22,10,16,34,55,4.0,115,Safe
Tashin Tuhin,3rd Year - Sem 1,12,6,10,26,40,3.0,82,Safe
Karim Uddin,2nd Year - Sem 1,20,8,13,21,31,2.75,73,Medium Risk
Rakib Hasan,1st Year - Sem 2,20,10,19,30,59,4.0,118,Safe
Karim Uddin,3rd Year - Sem 2,16,7,13,30,36,3.25,86,Safe
Ahad Ali,1st Year - Sem 1,14,5,15,21,41,3.0,82,Safe
Karim Uddin,4th Year - Sem 1,12,3,1,13,17,0.0,34,High Risk
Nadia Islam,1st Year - Sem 1,20,10,18,32,56,4.0,116,Safe
Nadia Islam,4th Year - Sem 1,16,7,15,27,42,3.5,91,Safe
Ahad Ali,3rd Year - Sem 2,19,5,15,23,35,3.0,78,Safe
Nadia Islam,2nd Year - Sem 1,20,10,19,37,57,4.0,123,Safe
Nadia Islam,2nd Year - Sem 2,17,5,12,23,42,3.0,82,Safe
Tashin Tuhin,4th Year - Sem 1,15,7,15,20,38,3.0,80,Safe
Shibay Yadav,4th Year - Sem 1,15,6,11,20,32,2.5,69,Medium Risk
Ahad Ali,1st Year - Sem 1,12,5,2,0,4,0.0,11,High Risk
Shibay Yadav,4th Year - Sem 1,23,8,20,33,53,4.0,114,Safe
Karim Uddin,1st Year - Sem 1,19,8,12,28,31,3.0,79,Safe
Karim Uddin,2nd Year - Sem 1,22,9,15,34,47,4.0,105,Safe
Ahad Ali,3rd Year - Sem 1,20,8,16,32,59,4.0,115,Safe
Tashin Tuhin,1st Year - Sem 2,23,10,20,33,48,4.0,111,Safe
Nadia Islam,1st Year - Sem 1,13,6,11,28,36,3.0,81,Safe
Ahad Ali,2nd Year - Sem 2,24,10,18,39,56,4.0,123,Safe
Rakib Hasan,1st Year - Sem 1,22,8,16,31,52,4.0,107,Safe
Karim Uddin,4th Year - Sem 1,24,8,18,38,55,4.0,119,Safe
Ahad Ali,1st Year - Sem 2,13,6,15,20,43,3.0,84,Safe
Ahad Ali,4th Year - Sem 2,5,4,7,17,28,2.0,56,High Risk
Rakib Hasan,2nd Year - Sem 1,5,1,7,12,23,0.0,43,High Risk
Nadia Islam,2nd Year - Sem 2,22,10,16,37,54,4.0,117,Safe
Shibay Yadav,4th Year - Sem 2,12,6,12,23,33,2.75,74,Medium Risk
Tashin Tuhin,4th Year - Sem 1,12,8,12,21,42,3.0,83,Safe
Karim Uddin,2nd Year - Sem 1,24,8,15,31,58,4.0,112,Safe
Rakib Hasan,3rd Year - Sem 2,13,6,15,24,42,3.25,87,Safe
Ahad Ali,3rd Year - Sem 1,18,6,13,22,35,2.75,76,Medium Risk
Ahad Ali,1st Year - Sem 1,7,5,4,20,8,0.0,37,High Risk
Tashin Tuhin,1st Year - Sem 2,20,10,18,31,58,4.0,117,Safe
Karim Uddin,3rd Year - Sem 1,18,7,13,24,39,3.0,83,Safe
Karim Uddin,2nd Year - Sem 2,20,10,18,30,58,4.0,116,Safe
Tashin Tuhin,4th Year - Sem 1,12,5,11,29,35,3.0,80,Safe
Ahad Ali,2nd Year - Sem 1,15,8,12,20,35,2.75,75,Medium Risk
Rakib Hasan,2nd Year - Sem 2,12,0,4,9,15,0.0,28,High Risk
Tashin Tuhin,2nd Year - Sem 1,5,1,9,12,27,0.0,49,High Risk
Shibay Yadav,3rd Year - Sem 1,19,7,15,28,36,3.25,86,Safe
Tashin Tuhin,4th Year - Sem 2,13,8,15,27,41,3.5,91,Safe
Karim Uddin,2nd Year - Sem 1,21,9,17,35,48,4.0,109,Safe
Rakib Hasan,2nd Year - Sem 1,13,5,15,29,45,3.5,94,Safe
Shibay Yadav,3rd Year - Sem 1,21,8,15,38,49,4.0,110,Safe
Nadia Islam,4th Year - Sem 1,11,0,10,5,11,0.0,26,High Risk
Nadia Islam,3rd Year - Sem 1,24,9,16,35,49,4.0,109,Safe
Tashin Tuhin,4th Year - Sem 2,11,3,0,7,17,0.0,27,High Risk
Karim Uddin,4th Year - Sem 1,17,5,15,20,42,3.0,82,Safe
Rakib Hasan,4th Year - Sem 1,15,5,10,26,38,3.0,79,Safe
Karim Uddin,2nd Year - Sem 2,21,10,16,30,54,4.0,110,Safe
Rakib Hasan,3rd Year - Sem 1,14,8,11,21,31,2.5,71,Medium Risk
Tashin Tuhin,4th Year - Sem 1,13,5,15,20,41,3.0,81,Safe
Rakib Hasan,3rd Year - Sem 1,19,6,13,25,31,2.75,75,Medium Risk
Karim Uddin,1st Year - Sem 2,7,4,8,18,15,0.0,45,High Risk
Tashin Tuhin,4th Year - Sem 2,22,10,16,36,45,4.0,107,Safe
Rakib Hasan,3rd Year - Sem 2,22,8,18,35,48,4.0,109,Safe
Nadia Islam,2nd Year - Sem 1,21,8,16,38,51,4.0,113,Safe
Shibay Yadav,2nd Year - Sem 1,1,0,1,20,25,0.0,46,High Risk
Nadia Islam,4th Year - Sem 1,15,6,11,27,36,3.0,80,Safe
Rakib Hasan,3rd Year - Sem 1,11,5,7,3,12,0.0,27,High Risk
Shibay Yadav,1st Year - Sem 1,20,9,19,38,49,4.0,115,Safe
Rakib Hasan,4th Year - Sem 2,16,7,12,24,37,3.0,80,Safe
Tashin Tuhin,4th Year - Sem 1,20,9,19,35,45,4.0,108,Safe
Rakib Hasan,4th Year - Sem 1,5,5,8,18,20,0.0,51,High Risk
Karim Uddin,4th Year - Sem 1,20,7,12,30,40,3.25,89,Safe
Ahad Ali,2nd Year - Sem 1,7,4,6,18,1,0.0,29,High Risk
Shibay Yadav,4th Year - Sem 2,22,9,19,30,54,4.0,112,Safe
Rakib Hasan,3rd Year - Sem 2,14,7,15,20,37,3.0,79,Safe
Tashin Tuhin,2nd Year - Sem 1,22,9,16,35,50,4.0,110,Safe
Tashin Tuhin,3rd Year - Sem 1,12,0,1,5,6,0.0,12,High Risk
Shibay Yadav,2nd Year - Sem 1,16,5,10,26,40,3.0,81,Safe
Nadia Islam,4th Year - Sem 1,13,8,12,26,30,2.75,76,Medium Risk
Tashin Tuhin,3rd Year - Sem 1,22,10,19,40,59,4.0,128,Safe
Nadia Islam,4th Year - Sem 2,22,9,16,37,53,4.0,115,Safe
Shibay Yadav,1st Year - Sem 2,19,8,15,27,38,3.25,88,Safe
Rakib Hasan,3rd Year - Sem 1,20,5,11,26,35,2.75,77,Medium Risk
Karim Uddin,2nd Year - Sem 1,13,6,11,22,36,2.75,75,Medium Risk
Tashin Tuhin,2nd Year - Sem 2,24,9,17,31,45,3.75,102,Safe
Tashin Tuhin,3rd Year - Sem 2,4,2,0,2,10,0.0,14,High Risk
Karim Uddin,4th Year - Sem 2,18,6,15,21,43,3.25,85,Safe
Karim Uddin,3rd Year - Sem 2,12,0,5,2,19,0.0,26,High Risk
Tashin Tuhin,4th Year - Sem 2,10,0,0,8,2,0.0,10,High Risk
Shibay Yadav,3rd Year - Sem 2,24,10,18,32,48,4.0,108,Safe
Ahad Ali,3rd Year - Sem 1,12,7,10,30,39,3.25,86,Safe
Karim Uddin,4th Year - Sem 1,14,6,11,27,45,3.25,89,Safe
Shibay Yadav,2nd Year - Sem 1,23,10,15,32,54,4.0,111,Safe
Tashin Tuhin,4th Year - Sem 1,22,10,15,32,47,4.0,104,Safe
Tashin Tuhin,2nd Year - Sem 1,24,8,18,34,45,4.0,105,Safe
Ahad Ali,2nd Year - Sem 1,12,7,13,23,36,3.0,79,Safe
Rakib Hasan,3rd Year - Sem 1,17,6,14,27,37,3.0,84,Safe
Tashin Tuhin,2nd Year - Sem 2,7,1,1,18,3,0.0,23,High Risk
Ahad Ali,3rd Year - Sem 1,18,5,11,25,34,2.75,75,Medium Risk
Ahad Ali,1st Year - Sem 2,17,8,14,29,36,3.25,87,Safe
Karim Uddin,4th Year - Sem 1,20,8,19,37,60,4.0,124,Safe
Nadia Islam,2nd Year - Sem 2,20,8,12,21,40,3.0,81,Safe
Ahad Ali,2nd Year - Sem 2,24,9,15,37,45,4.0,106,Safe
Ahad Ali,4th Year - Sem 1,19,7,11,28,37,3.0,83,Safe
Ahad Ali,1st Year - Sem 2,18,5,10,22,34,2.5,71,Medium Risk
Rakib Hasan,2nd Year - Sem 2,20,9,20,38,47,4.0,114,Safe
Nadia Islam,1st Year - Sem 1,20,7,14,21,45,3.25,87,Safe
Shibay Yadav,3rd Year - Sem 1,21,9,16,37,51,4.0,113,Safe
Tashin Tuhin,2nd Year - Sem 2,22,9,19,31,54,4.0,113,Safe
Shibay Yadav,3rd Year - Sem 1,20,7,15,21,32,2.75,75,Medium Risk
Ahad Ali,2nd Year - Sem 1,3,5,2,13,17,0.0,37,High Risk
Ahad Ali,1st Year - Sem 1,23,9,15,36,59,4.0,119,Safe
Rakib Hasan,4th Year - Sem 1,19,5,14,25,44,3.25,88,Safe
Karim Uddin,2nd Year - Sem 2,0,2,1,4,7,0.0,14,High Risk
Shibay Yadav,2nd Year - Sem 1,12,8,15,29,36,3.25,88,Safe
Tashin Tuhin,3rd Year - Sem 2,20,10,19,35,58,4.0,122,Safe
Nadia Islam,4th Year - Sem 1,21,10,18,40,59,4.0,127,Safe
Shibay Yadav,4th Year - Sem 2,20,6,14,30,39,3.25,89,Safe
Tashin Tuhin,1st Year - Sem 2,18,8,13,23,40,3.0,84,Safe
Nadia Islam,1st Year - Sem 1,21,10,20,31,58,4.0,119,Safe
Karim Uddin,4th Year - Sem 2,23,9,20,40,51,4.0,120,Safe
Ahad Ali,3rd Year - Sem 1,12,5,15,30,42,3.5,92,Safe
Ahad Ali,4th Year - Sem 1,17,5,10,28,40,3.0,83,Safe
Ahad Ali,3rd Year - Sem 2,20,10,20,37,45,4.0,112,Safe
Karim Uddin,1st Year - Sem 1,12,8,15,26,31,3.0,80,Safe
Rakib Hasan,1st Year - Sem 1,24,10,18,34,54,4.0,116,Safe
Karim Uddin,2nd Year - Sem 1,17,7,11,21,38,2.75,77,Medium Risk
Karim Uddin,3rd Year - Sem 2,19,8,11,21,45,3.25,85,Safe
Ahad Ali,4th Year - Sem 1,21,9,15,39,45,4.0,108,Safe
Shibay Yadav,4th Year - Sem 1,22,9,18,33,48,4.0,108,Safe
Rakib Hasan,1st Year - Sem 1,20,9,16,30,50,4.0,105,Safe
Ahad Ali,3rd Year - Sem 1,11,4,8,7,25,0.0,44,High Risk
Ahad Ali,1st Year - Sem 1,17,8,10,30,34,3.0,82,Safe
Ahad Ali,4th Year - Sem 1,23,8,18,38,51,4.0,115,Safe
Shibay Yadav,2nd Year - Sem 1,16,5,11,27,33,2.75,76,Medium Risk
Nadia Islam,2nd Year - Sem 1,3,5,6,20,18,0.0,49,High Risk
Nadia Islam,4th Year - Sem 2,8,1,8,1,8,0.0,18,High Risk
Nadia Islam,3rd Year - Sem 2,21,10,17,37,59,4.0,123,Safe
Ahad Ali,2nd Year - Sem 1,22,8,20,31,52,4.0,111,Safe
Ahad Ali,1st Year - Sem 2,0,5,0,5,30,0.0,40,High Risk
Karim Uddin,1st Year - Sem 2,18,7,15,26,36,3.0,84,Safe
Rakib Hasan,4th Year - Sem 2,21,9,16,37,48,4.0,110,Safe
Nadia Islam,2nd Year - Sem 1,22,8,20,40,53,4.0,121,Safe
Ahad Ali,3rd Year - Sem 2,5,5,7,0,15,0.0,27,High Risk
Nadia Islam,3rd Year - Sem 1,22,9,17,40,55,4.0,121,Safe
Tashin Tuhin,2nd Year - Sem 1,20,8,15,35,45,3.75,103,Safe
Rakib Hasan,2nd Year - Sem 1,17,7,13,21,42,3.0,83,Safe
Nadia Islam,1st Year - Sem 2,20,8,20,34,51,4.0,113,Safe
Tashin Tuhin,3rd Year - Sem 1,21,9,15,39,45,4.0,108,Safe
Tashin Tuhin,2nd Year - Sem 1,19,5,11,27,31,2.75,74,Medium Risk
Nadia Islam,1st Year - Sem 2,12,8,11,25,44,3.25,88,Safe
Karim Uddin,4th Year - Sem 2,8,2,0,2,3,0.0,7,High Risk
Ahad Ali,3rd Year - Sem 2,12,3,0,3,1,0.0,7,High Risk
Karim Uddin,3rd Year - Sem 1,21,10,18,34,58,4.0,120,Safe
Tashin Tuhin,3rd Year - Sem 1,20,10,20,36,53,4.0,119,Safe
Ahad Ali,3rd Year - Sem 2,13,7,11,24,45,3.25,87,Safe
Nadia Islam,2nd Year - Sem 2,21,10,20,30,60,4.0,120,Safe
Rakib Hasan,4th Year - Sem 1,15,7,14,27,42,3.25,90,Safe
Rakib Hasan,2nd Year - Sem 2,19,8,13,25,33,3.0,79,Safe
Ahad Ali,1st Year - Sem 2,20,5,15,27,44,3.5,91,Safe
Shibay Yadav,2nd Year - Sem 1,18,7,13,22,35,2.75,77,Medium Risk
Nadia Islam,1st Year - Sem 1,23,9,17,37,58,4.0,121,Safe
Nadia Islam,2nd Year - Sem 1,24,9,15,35,48,4.0,107,Safe
Tashin Tuhin,2nd Year - Sem 1,22,9,18,34,56,4.0,117,Safe
Shibay Yadav,1st Year - Sem 2,20,8,15,31,58,4.0,112,Safe
Nadia Islam,2nd Year - Sem 2,16,5,13,23,36,2.75,77,Medium Risk
Rakib Hasan,2nd Year - Sem 1,16,7,11,24,38,3.0,80,Safe
Shibay Yadav,3rd Year - Sem 2,21,9,15,35,59,4.0,118,Safe
Ahad Ali,1st Year - Sem 1,21,8,20,38,45,4.0,111,Safe
Tashin Tuhin,1st Year - Sem 2,24,10,16,40,46,4.0,112,Safe
Tashin Tuhin,4th Year - Sem 2,20,10,19,31,57,4.0,117,Safe
Nadia Islam,3rd Year - Sem 2,4,4,9,6,26,0.0,45,High Risk
Shibay Yadav,1st Year - Sem 2,21,8,20,39,51,4.0,118,Safe
Karim Uddin,4th Year - Sem 2,3,1,0,2,19,0.0,22,High Risk
Ahad Ali,1st Year - Sem 1,8,4,8,8,27,0.0,47,High Risk
Nadia Islam,2nd Year - Sem 1,20,8,19,38,56,4.0,121,Safe
Shibay Yadav,2nd Year - Sem 1,8,2,9,12,16,0.0,39,High Risk
Rakib Hasan,2nd Year - Sem 1,23,9,17,31,52,4.0,109,Safe
Rakib Hasan,2nd Year - Sem 1,8,0,6,3,20,0.0,29,High Risk
Ahad Ali,2nd Year - Sem 2,9,1,2,13,26,0.0,42,High Risk
Shibay Yadav,3rd Year - Sem 2,23,8,20,30,52,4.0,110,Safe
Ahad Ali,1st Year - Sem 1,20,8,17,31,48,4.0,104,Safe
Tashin Tuhin,2nd Year - Sem 2,13,7,11,22,33,2.75,73,Medium Risk
Rakib Hasan,3rd Year - Sem 2,12,0,3,14,4,0.0,21,High Risk
Karim Uddin,1st Year - Sem 2,22,10,19,38,48,4.0,115,Safe
Nadia Islam,2nd Year - Sem 1,18,5,11,25,45,3.25,86,Safe
Tashin Tuhin,1st Year - Sem 2,13,5,11,28,43,3.25,87,Safe
Shibay Yadav,4th Year - Sem 1,3,5,7,1,5,0.0,18,High Risk
Karim Uddin,3rd Year - Sem 1,22,10,19,32,52,4.0,113,Safe
Tashin Tuhin,1st Year - Sem 1,5,5,9,9,30,2.0,53,High Risk
Tashin Tuhin,2nd Year - Sem 1,2,3,0,1,19,0.0,23,High Risk
Ahad Ali,1st Year - Sem 1,21,8,20,40,52,4.0,120,Safe
Ahad Ali,4th Year - Sem 1,23,9,18,32,59,4.0,118,Safe
Tashin Tuhin,4th Year - Sem 1,1,0,0,14,25,0.0,39,High Risk
Ahad Ali,3rd Year - Sem 2,23,9,18,30,54,4.0,111,Safe
Ahad Ali,1st Year - Sem 2,21,9,15,34,55,4.0,113,Safe
Karim Uddin,4th Year - Sem 1,20,5,12,25,34,2.75,76,Medium Risk
Rakib Hasan,3rd Year - Sem 1,13,7,11,25,32,2.75,75,Medium Risk
Ahad Ali,3rd Year - Sem 1,18,5,10,21,43,3.0,79,Safe
Shibay Yadav,1st Year - Sem 1,12,6,14,29,35,3.0,84,Safe
Nadia Islam,4th Year - Sem 2,19,7,10,20,42,3.0,79,Safe
Karim Uddin,1st Year - Sem 1,12,0,10,6,20,0.0,36,High Risk
Shibay Yadav,3rd Year - Sem 2,20,10,20,32,56,4.0,118,Safe
Shibay Yadav,2nd Year - Sem 1,15,6,13,28,34,3.0,81,Safe
Tashin Tuhin,1st Year - Sem 2,14,5,12,29,43,3.25,89,Safe
Nadia Islam,4th Year - Sem 1,3,0,9,3,5,0.0,17,High Risk
Ahad Ali,3rd Year - Sem 1,16,8,10,22,33,2.75,73,Medium Risk
Karim Uddin,2nd Year - Sem 2,21,9,16,30,47,3.75,102,Safe
Tashin Tuhin,1st Year - Sem 2,0,3,10,20,12,0.0,45,High Risk
Ahad Ali,3rd Year - Sem 2,23,10,16,32,57,4.0,115,Safe
Rakib Hasan,3rd Year - Sem 1,15,6,14,22,39,3.0,81,Safe
Karim Uddin,3rd Year - Sem 2,18,7,11,22,31,2.5,71,Medium Risk
Karim Uddin,4th Year - Sem 1,16,7,13,21,34,2.75,75,Medium Risk
Rakib Hasan,4th Year - Sem 2,19,7,13,28,43,3.5,91,Safe
Ahad Ali,4th Year - Sem 1,19,6,13,20,40,3.0,79,Safe
Ahad Ali,3rd Year - Sem 1,16,7,10,20,37,2.75,74,Medium Risk
Karim Uddin,1st Year - Sem 1,12,5,15,28,30,3.0,78,Safe
Karim Uddin,2nd Year - Sem 1,22,9,18,32,46,4.0,105,Safe
Rakib Hasan,2nd Year - Sem 2,16,6,11,25,32,2.75,74,Medium Risk
Tashin Tuhin,1st Year - Sem 2,2,3,6,6,8,0.0,23,High Risk
Karim Uddin,4th Year - Sem 1,12,6,14,28,31,3.0,79,Safe
Karim Uddin,4th Year - Sem 1,19,8,10,25,44,3.25,87,Safe
Rakib Hasan,2nd Year - Sem 2,2,5,2,17,17,0.0,41,High Risk
Shibay Yadav,3rd Year - Sem 2,24,10,15,35,45,4.0,105,Safe
Karim Uddin,2nd Year - Sem 2,14,7,15,22,41,3.25,85,Safe
Rakib Hasan,4th Year - Sem 1,2,4,1,15,10,0.0,30,High Risk
Tashin Tuhin,3rd Year - Sem 2,18,6,11,22,42,3.0,81,Safe
Rakib Hasan,1st Year - Sem 1,8,2,2,10,30,0.0,44,High Risk
Nadia Islam,2nd Year - Sem 1,23,9,15,36,52,4.0,112,Safe
Tashin Tuhin,4th Year - Sem 2,19,5,15,24,30,2.75,74,Medium Risk
Shibay Yadav,2nd Year - Sem 1,24,9,17,39,54,4.0,119,Safe
Rakib Hasan,3rd Year - Sem 2,18,6,13,22,33,2.75,74,Medium Risk
Karim Uddin,1st Year - Sem 2,17,8,10,26,40,3.0,84,Safe
Tashin Tuhin,3rd Year - Sem 2,19,8,12,28,30,3.0,78,Safe
Karim Uddin,2nd Year - Sem 1,24,8,15,35,52,4.0,110,Safe
Tashin Tuhin,4th Year - Sem 2,4,3,9,14,4,0.0,30,High Risk
Nadia Islam,2nd Year - Sem 2,20,7,11,22,43,3.0,83,Safe
Nadia Islam,1st Year - Sem 2,9,1,2,12,14,0.0,29,High Risk
Tashin Tuhin,2nd Year - Sem 1,24,10,17,37,45,4.0,109,Safe
Rakib Hasan,4th Year - Sem 2,16,6,13,27,34,3.0,80,Safe
Shibay Yadav,3rd Year - Sem 1,5,5,10,15,10,0.0,40,High Risk
Nadia Islam,3rd Year - Sem 1,20,5,15,21,30,2.5,71,Medium Risk
Shibay Yadav,4th Year - Sem 2,15,6,12,23,31,2.75,72,Medium Risk
Shibay Yadav,4th Year - Sem 1,24,10,20,30,51,4.0,111,Safe
Tashin Tuhin,3rd Year - Sem 1,12,7,12,27,34,3.0,80,Safe
Ahad Ali,1st Year - Sem 1,20,5,11,26,43,3.25,85,Safe
Karim Uddin,2nd Year - Sem 1,23,10,19,30,45,4.0,104,Safe
Shibay Yadav,2nd Year - Sem 2,21,8,20,34,57,4.0,119,Safe
Rakib Hasan,4th Year - Sem 2,18,7,11,27,36,3.0,81,Safe
Ahad Ali,3rd Year - Sem 1,13,7,14,26,45,3.5,92,Safe
Ahad Ali,4th Year - Sem 1,18,8,14,27,35,3.0,84,Safe
Tashin Tuhin,2nd Year - Sem 2,0,2,6,16,22,0.0,46,High Risk
Karim Uddin,1st Year - Sem 1,23,9,19,33,59,4.0,120,Safe
Rakib Hasan,1st Year - Sem 1,21,10,17,32,56,4.0,115,Safe
Rakib Hasan,4th Year - Sem 2,14,8,13,28,32,3.0,81,Safe
Rakib Hasan,1st Year - Sem 1,5,5,8,3,13,0.0,29,High Risk
Nadia Islam,3rd Year - Sem 1,10,2,6,2,9,0.0,19,High Risk
Rakib Hasan,4th Year - Sem 2,14,7,14,24,40,3.25,85,Safe
Karim Uddin,3rd Year - Sem 1,20,10,17,34,51,4.0,112,Safe
Shibay Yadav,4th Year - Sem 1,20,6,13,29,44,3.5,92,Safe
Karim Uddin,1st Year - Sem 2,17,8,10,22,31,2.5,71,Medium Risk
Rakib Hasan,3rd Year - Sem 1,1,1,5,0,6,0.0,12,High Risk
Rakib Hasan,2nd Year - Sem 1,14,8,14,30,34,3.25,86,Safe
Ahad Ali,2nd Year - Sem 2,20,10,16,35,59,4.0,120,Safe
Tashin Tuhin,1st Year - Sem 1,20,8,14,26,31,3.0,79,Safe
Shibay Yadav,1st Year - Sem 1,18,6,15,23,36,3.0,80,Safe
Shibay Yadav,4th Year - Sem 1,18,5,15,21,36,2.75,77,Medium Risk
Karim Uddin,2nd Year - Sem 1,19,7,14,28,43,3.5,92,Safe
Nadia Islam,4th Year - Sem 2,20,8,12,25,37,3.0,82,Safe
Nadia Islam,2nd Year - Sem 1,16,7,15,30,36,3.25,88,Safe
Ahad Ali,1st Year - Sem 1,24,8,18,37,49,4.0,112,Safe
Rakib Hasan,2nd Year - Sem 1,19,6,14,26,43,3.25,89,Safe
Nadia Islam,3rd Year - Sem 1,15,7,13,26,37,3.0,83,Safe
Rakib Hasan,1st Year - Sem 2,17,7,15,22,34,3.0,78,Safe
Rakib Hasan,3rd Year - Sem 1,22,8,17,34,52,4.0,111,Safe
Tashin Tuhin,3rd Year - Sem 1,7,1,4,20,20,0.0,45,High Risk
Tashin Tuhin,2nd Year - Sem 2,3,1,7,11,9,0.0,28,High Risk
Karim Uddin,2nd Year - Sem 1,11,5,8,13,12,0.0,38,High Risk
Ahad Ali,4th Year - Sem 1,19,5,15,25,33,3.0,78,Safe
Nadia Islam,3rd Year - Sem 2,20,10,18,32,56,4.0,116,Safe
Karim Uddin,3rd Year - Sem 2,12,8,13,30,45,3.5,96,Safe
Ahad Ali,3rd Year - Sem 2,0,3,3,18,26,0.0,50,High Risk
Tashin Tuhin,2nd Year - Sem 1,6,4,3,16,7,0.0,30,High Risk
Ahad Ali,3rd Year - Sem 2,21,8,17,39,52,4.0,116,Safe
Tashin Tuhin,4th Year - Sem 1,22,8,18,36,53,4.0,115,Safe
Ahad Ali,1st Year - Sem 2,4,3,7,2,25,0.0,37,High Risk
Ahad Ali,3rd Year - Sem 1,20,9,17,35,60,4.0,121,Safe
Ahad Ali,4th Year - Sem 1,18,5,14,23,36,3.0,78,Safe
Tashin Tuhin,1st Year - Sem 1,20,7,13,20,34,2.75,74,Medium Risk
Rakib Hasan,4th Year - Sem 2,22,9,15,38,56,4.0,118,Safe
Tashin Tuhin,3rd Year - Sem 1,3,0,7,3,2,0.0,12,High Risk
Nadia Islam,3rd Year - Sem 1,24,9,16,30,60,4.0,115,Safe
Rakib Hasan,3rd Year - Sem 2,4,3,10,6,27,0.0,46,High Risk
Karim Uddin,3rd Year - Sem 1,20,8,20,32,53,4.0,113,Safe
Shibay Yadav,2nd Year - Sem 1,22,10,17,30,48,4.0,105,Safe
Nadia Islam,2nd Year - Sem 2,4,5,1,9,30,0.0,45,High Risk
Ahad Ali,4th Year - Sem 2,12,7,12,20,41,3.0,80,Safe
Shibay Yadav,3rd Year - Sem 1,21,9,19,37,58,4.0,123,Safe
Nadia Islam,4th Year - Sem 2,20,9,18,38,46,4.0,111,Safe
Nadia Islam,4th Year - Sem 2,20,10,19,38,57,4.0,124,Safe
Nadia Islam,3rd Year - Sem 1,22,8,18,31,49,4.0,106,Safe
Tashin Tuhin,1st Year - Sem 1,20,10,17,30,60,4.0,117,Safe
Shibay Yadav,1st Year - Sem 2,11,2,7,17,26,2.0,52,High Risk
Karim Uddin,1st Year - Sem 1,22,9,15,31,56,4.0,111,Safe
Karim Uddin,2nd Year - Sem 2,19,7,14,29,30,3.0,80,Safe
Ahad Ali,4th Year - Sem 2,16,7,12,27,43,3.25,89,Safe
Shibay Yadav,1st Year - Sem 2,24,8,15,32,48,3.75,103,Safe
Tashin Tuhin,1st Year - Sem 2,24,8,15,38,46,4.0,107,Safe
Nadia Islam,2nd Year - Sem 1,23,10,20,37,45,4.0,112,Safe
Nadia Islam,2nd Year - Sem 1,12,7,14,23,34,3.0,78,Safe
Karim Uddin,2nd Year - Sem 1,23,9,17,33,60,4.0,119,Safe
Tashin Tuhin,3rd Year - Sem 1,20,9,15,40,47,4.0,111,Safe
Karim Uddin,2nd Year - Sem 2,13,6,10,25,38,3.0,79,Safe
Shibay Yadav,3rd Year - Sem 1,22,10,19,35,45,4.0,109,Safe
Ahad Ali,4th Year - Sem 1,21,9,17,40,57,4.0,123,Safe
Karim Uddin,2nd Year - Sem 2,23,9,20,39,55,4.0,123,Safe
Tashin Tuhin,4th Year - Sem 1,17,7,11,23,40,3.0,81,Safe
Shibay Yadav,4th Year - Sem 2,24,9,20,39,47,4.0,115,Safe
Tashin Tuhin,2nd Year - Sem 2,19,5,11,23,44,3.0,83,Safe
Nadia Islam,3rd Year - Sem 1,20,5,12,29,44,3.25,90,Safe
Ahad Ali,2nd Year - Sem 2,20,8,17,36,48,4.0,109,Safe
Karim Uddin,3rd Year - Sem 1,14,7,15,27,39,3.25,88,Safe
Karim Uddin,3rd Year - Sem 1,10,1,10,7,16,0.0,34,High Risk
Ahad Ali,3rd Year - Sem 1,24,8,19,32,51,4.0,110,Safe
Rakib Hasan,4th Year - Sem 1,18,6,13,23,30,2.75,72,Medium Risk
Nadia Islam,1st Year - Sem 1,14,8,11,25,38,3.0,82,Safe
Ahad Ali,3rd Year - Sem 1,21,9,17,33,55,4.0,114,Safe
Nadia Islam,2nd Year - Sem 2,14,6,15,27,38,3.25,86,Safe
Karim Uddin,4th Year - Sem 1,13,7,15,21,38,3.0,81,Safe
Rakib Hasan,2nd Year - Sem 1,23,9,17,34,50,4.0,110,Safe
Ahad Ali,2nd Year - Sem 1,22,8,20,32,56,4.0,116,Safe
Nadia Islam,1st Year - Sem 1,20,9,19,30,57,4.0,115,Safe
Tashin Tuhin,1st Year - Sem 2,13,8,13,29,45,3.5,95,Safe
Tashin Tuhin,2nd Year - Sem 1,13,6,13,24,34,2.75,77,Medium Risk
Ahad Ali,1st Year - Sem 2,21,9,20,37,52,4.0,118,Safe
Ahad Ali,2nd Year - Sem 2,23,8,16,39,54,4.0,117,Safe
Shibay Yadav,3rd Year - Sem 1,15,7,13,24,35,3.0,79,Safe
Ahad Ali,4th Year - Sem 1,24,9,18,31,60,4.0,118,Safe
Tashin Tuhin,3rd Year - Sem 1,8,5,8,11,22,0.0,46,High Risk
Karim Uddin,1st Year - Sem 2,18,7,13,27,43,3.25,90,Safe
Tashin Tuhin,3rd Year - Sem 2,13,7,13,29,37,3.25,86,Safe
Shibay Yadav,1st Year - Sem 2,7,3,1,10,28,0.0,42,High Risk
Shibay Yadav,3rd Year - Sem 2,20,5,13,26,33,2.75,77,Medium Risk
Rakib Hasan,2nd Year - Sem 1,23,9,20,31,49,4.0,109,Safe
Rakib Hasan,2nd Year - Sem 1,12,5,15,25,41,3.25,86,Safe
Rakib Hasan,1st Year - Sem 2,17,5,14,27,37,3.0,83,Safe
Tashin Tuhin,1st Year - Sem 2,20,8,15,33,60,4.0,116,Safe
Tashin Tuhin,3rd Year - Sem 2,22,8,20,34,56,4.0,118,Safe
Karim Uddin,3rd Year - Sem 2,20,9,15,34,49,4.0,107,Safe
Tashin Tuhin,1st Year - Sem 1,20,10,20,33,49,4.0,112,Safe
Ahad Ali,1st Year - Sem 1,24,10,16,34,52,4.0,112,Safe
Rakib Hasan,3rd Year - Sem 1,12,5,10,23,45,3.0,83,Safe
Nadia Islam,3rd Year - Sem 1,24,8,17,38,48,4.0,111,Safe
Ahad Ali,2nd Year - Sem 1,16,5,14,28,38,3.25,85,Safe
Ahad Ali,1st Year - Sem 2,20,9,15,30,55,4.0,109,Safe
Nadia Islam,1st Year - Sem 2,3,3,1,4,26,0.0,34,High Risk
Karim Uddin,4th Year - Sem 2,22,9,20,33,58,4.0,120,Safe
Shibay Yadav,4th Year - Sem 2,21,9,18,40,49,4.0,116,Safe
Rakib Hasan,3rd Year - Sem 1,22,8,16,40,59,4.0,123,Safe
Shibay Yadav,2nd Year - Sem 2,20,8,17,40,58,4.0,123,Safe
Ahad Ali,1st Year - Sem 1,20,9,17,34,59,4.0,119,Safe
Ahad Ali,4th Year - Sem 2,14,5,15,22,32,2.75,74,Medium Risk
Karim Uddin,4th Year - Sem 2,9,0,6,11,17,0.0,34,High Risk
Ahad Ali,4th Year - Sem 2,14,8,11,28,33,3.0,80,Safe
Shibay Yadav,4th Year - Sem 2,22,8,20,37,55,4.0,120,Safe
Ahad Ali,1st Year - Sem 2,20,7,14,26,43,3.25,90,Safe
Nadia Islam,1st Year - Sem 2,23,10,16,38,45,4.0,109,Safe
Tashin Tuhin,1st Year - Sem 1,16,7,10,24,36,2.75,77,Medium Risk
Karim Uddin,4th Year - Sem 2,12,2,9,14,26,0.0,51,High Risk
Nadia Islam,3rd Year - Sem 1,20,9,18,34,51,4.0,112,Safe
Tashin Tuhin,2nd Year - Sem 1,18,8,11,28,34,3.0,81,Safe
Ahad Ali,1st Year - Sem 2,12,7,12,30,43,3.5,92,Safe
Ahad Ali,3rd Year - Sem 1,24,9,15,39,54,4.0,117,Safe
Karim Uddin,3rd Year - Sem 2,23,9,17,39,60,4.0,125,Safe
Karim Uddin,3rd Year - Sem 1,17,8,14,28,40,3.25,90,Safe
Nadia Islam,3rd Year - Sem 2,21,9,20,31,54,4.0,114,Safe
Shibay Yadav,4th Year - Sem 2,20,8,19,34,49,4.0,110,Safe
Shibay Yadav,2nd Year - Sem 1,23,8,18,31,51,4.0,108,Safe
Nadia Islam,3rd Year - Sem 1,22,10,15,31,57,4.0,113,Safe
Tashin Tuhin,1st Year - Sem 1,2,1,1,8,4,0.0,14,High Risk
Karim Uddin,3rd Year - Sem 2,20,7,15,23,41,3.25,86,Safe
Ahad Ali,4th Year - Sem 2,12,5,1,5,28,0.0,39,High Risk
Shibay Yadav,1st Year - Sem 2,12,3,4,4,13,0.0,24,High Risk
Shibay Yadav,3rd Year - Sem 1,22,10,16,40,50,4.0,116,Safe
Tashin Tuhin,2nd Year - Sem 2,2,5,1,12,5,0.0,23,High Risk
Rakib Hasan,3rd Year - Sem 2,16,8,10,24,44,3.25,86,Safe
Ahad Ali,2nd Year - Sem 2,20,5,11,26,36,3.0,78,Safe
Ahad Ali,2nd Year - Sem 1,17,5,10,22,36,2.75,73,Medium Risk
Shibay Yadav,4th Year - Sem 1,14,5,14,28,37,3.0,84,Safe
Shibay Yadav,3rd Year - Sem 2,4,5,6,1,30,0.0,42,High Risk
Karim Uddin,4th Year - Sem 2,23,8,20,38,56,4.0,122,Safe
Tashin Tuhin,1st Year - Sem 2,13,7,14,27,45,3.5,93,Safe
Ahad Ali,4th Year - Sem 2,2,5,4,8,6,0.0,23,High Risk
Shibay Yadav,2nd Year - Sem 1,22,9,20,38,53,4.0,120,Safe
Ahad Ali,1st Year - Sem 1,21,9,17,32,59,4.0,117,Safe
Ahad Ali,1st Year - Sem 1,21,9,19,35,49,4.0,112,Safe
Karim Uddin,2nd Year - Sem 2,21,9,15,39,60,4.0,123,Safe
Tashin Tuhin,3rd Year - Sem 2,12,5,10,26,30,2.5,71,Medium Risk
Karim Uddin,1st Year - Sem 1,21,10,18,37,54,4.0,119,Safe
Ahad Ali,1st Year - Sem 2,21,9,17,36,52,4.0,114,Safe
Shibay Yadav,3rd Year - Sem 2,13,7,14,28,36,3.25,85,Safe
Shibay Yadav,1st Year - Sem 1,20,10,18,33,45,4.0,106,Safe
Nadia Islam,4th Year - Sem 1,17,8,11,28,33,3.0,80,Safe
Rakib Hasan,4th Year - Sem 2,6,0,1,3,21,0.0,25,High Risk
Ahad Ali,4th Year - Sem 1,16,6,12,21,41,3.0,80,Safe
Rakib Hasan,4th Year - Sem 2,8,2,9,3,10,0.0,24,High Risk
Tashin Tuhin,1st Year - Sem 2,22,8,20,37,48,4.0,113,Safe
Rakib Hasan,3rd Year - Sem 2,15,6,13,20,36,2.75,75,Medium Risk
Rakib Hasan,1st Year - Sem 2,23,9,18,35,50,4.0,112,Safe
Ahad Ali,2nd Year - Sem 2,24,10,19,38,57,4.0,124,Safe
Ahad Ali,4th Year - Sem 1,24,10,19,34,52,4.0,115,Safe
Ahad Ali,1st Year - Sem 1,13,7,14,29,44,3.5,94,Safe
Ahad Ali,1st Year - Sem 2,13,7,13,23,41,3.0,84,Safe
Ahad Ali,2nd Year - Sem 2,14,8,13,22,32,2.75,75,Medium Risk
Tashin Tuhin,3rd Year - Sem 2,12,6,12,27,44,3.25,89,Safe
Ahad Ali,1st Year - Sem 2,10,1,5,7,30,0.0,43,High Risk
Ahad Ali,3rd Year - Sem 1,19,7,10,20,33,2.5,70,Medium Risk
Shibay Yadav,4th Year - Sem 2,21,10,16,33,50,4.0,109,Safe
Ahad Ali,4th Year - Sem 2,20,8,20,31,46,4.0,105,Safe
Rakib Hasan,1st Year - Sem 2,7,1,10,0,23,0.0,34,High Risk
Shibay Yadav,2nd Year - Sem 1,17,6,10,22,43,3.0,81,Safe
Nadia Islam,2nd Year - Sem 2,6,3,2,4,18,0.0,27,High Risk
Rakib Hasan,4th Year - Sem 1,14,7,11,26,44,3.25,88,Safe
Nadia Islam,4th Year - Sem 1,21,10,18,40,54,4.0,122,Safe
Nadia Islam,1st Year - Sem 1,23,8,17,40,48,4.0,113,Safe
Tashin Tuhin,2nd Year - Sem 1,16,6,11,27,35,3.0,79,Safe
Karim Uddin,1st Year - Sem 2,12,6,11,26,43,3.25,86,Safe
Nadia Islam,2nd Year - Sem 2,23,9,15,33,50,4.0,107,Safe
Tashin Tuhin,2nd Year - Sem 2,8,4,2,9,18,0.0,33,High Risk
Tashin Tuhin,3rd Year - Sem 1,23,9,15,30,58,4.0,112,Safe
Ahad Ali,3rd Year - Sem 2,17,7,10,28,44,3.25,89,Safe
Nadia Islam,1st Year - Sem 1,24,9,15,40,55,4.0,119,Safe
Tashin Tuhin,3rd Year - Sem 2,24,10,20,37,60,4.0,127,Safe
Rakib Hasan,3rd Year - Sem 1,14,5,10,20,42,2.75,77,Medium Risk
Shibay Yadav,4th Year - Sem 1,20,5,11,26,40,3.0,82,Safe
Tashin Tuhin,2nd Year - Sem 2,16,5,14,21,44,3.0,84,Safe
Nadia Islam,1st Year - Sem 2,21,9,18,40,56,4.0,123,Safe
Ahad Ali,1st Year - Sem 2,18,5,10,21,42,3.0,78,Safe
Rakib Hasan,2nd Year - Sem 1,2,3,7,5,12,0.0,27,High Risk
Shibay Yadav,3rd Year - Sem 2,20,8,15,37,53,4.0,113,Safe
Nadia Islam,2nd Year - Sem 1,9,3,1,8,29,0.0,41,High Risk
Rakib Hasan,2nd Year - Sem 1,4,3,6,2,10,0.0,21,High Risk
Tashin Tuhin,2nd Year - Sem 2,20,9,17,32,52,4.0,110,Safe
Ahad Ali,1st Year - Sem 2,17,7,11,23,45,3.25,86,Safe
Nadia Islam,3rd Year - Sem 2,22,10,17,37,52,4.0,116,Safe
Nadia Islam,3rd Year - Sem 1,24,9,20,40,45,4.0,114,Safe
Rakib Hasan,4th Year - Sem 1,10,2,9,10,6,0.0,27,High Risk
Ahad Ali,2nd Year - Sem 2,20,5,15,26,45,3.5,91,Safe
Tashin Tuhin,3rd Year - Sem 1,20,6,13,24,42,3.25,85,Safe
Ahad Ali,2nd Year - Sem 2,20,10,17,35,50,4.0,112,Safe
Nadia Islam,1st Year - Sem 2,11,1,10,8,26,0.0,45,High Risk
Shibay Yadav,3rd Year - Sem 1,6,0,5,14,5,0.0,24,High Risk
Tashin Tuhin,3rd Year - Sem 1,24,8,17,35,46,4.0,106,Safe
Tashin Tuhin,2nd Year - Sem 1,20,5,13,27,42,3.25,87,Safe
Nadia Islam,4th Year - Sem 1,24,8,17,30,47,3.75,102,Safe
Rakib Hasan,2nd Year - Sem 2,15,5,15,27,31,3.0,78,Safe
Nadia Islam,1st Year - Sem 2,22,10,20,32,56,4.0,118,Safe
Rakib Hasan,4th Year - Sem 1,17,8,14,27,36,3.25,85,Safe
Tashin Tuhin,4th Year - Sem 2,18,7,13,21,42,3.0,83,Safe
Ahad Ali,2nd Year - Sem 1,20,8,19,34,53,4.0,114,Safe
Rakib Hasan,4th Year - Sem 2,20,8,12,26,34,3.0,80,Safe
Ahad Ali,1st Year - Sem 1,5,2,8,3,0,0.0,13,High Risk
Shibay Yadav,4th Year - Sem 1,21,8,15,34,48,4.0,105,Safe
Karim Uddin,1st Year - Sem 1,18,7,14,23,31,2.75,75,Medium Risk
Ahad Ali,1st Year - Sem 2,18,5,15,27,44,3.5,91,Safe
Shibay Yadav,1st Year - Sem 1,20,10,19,35,57,4.0,121,Safe
Karim Uddin,3rd Year - Sem 1,20,8,16,33,59,4.0,116,Safe
Rakib Hasan,4th Year - Sem 1,14,8,13,28,44,3.5,93,Safe
Tashin Tuhin,3rd Year - Sem 1,12,8,14,22,36,3.0,80,Safe
Karim Uddin,3rd Year - Sem 2,22,9,16,37,54,4.0,116,Safe
Tashin Tuhin,2nd Year - Sem 2,2,4,6,7,11,0.0,28,High Risk
Ahad Ali,2nd Year - Sem 2,18,8,13,29,40,3.25,90,Safe
Tashin Tuhin,4th Year - Sem 2,18,7,10,21,41,3.0,79,Safe
Ahad Ali,4th Year - Sem 2,23,8,17,32,46,3.75,103,Safe
Tashin Tuhin,4th Year - Sem 1,21,10,16,38,45,4.0,109,Safe
Ahad Ali,4th Year - Sem 1,15,8,10,20,31,2.5,69,Medium Risk
Ahad Ali,3rd Year - Sem 2,15,7,13,22,35,2.75,77,Medium Risk
Ahad Ali,4th Year - Sem 1,24,8,17,33,54,4.0,112,Safe
Rakib Hasan,2nd Year - Sem 2,8,0,2,19,13,0.0,34,High Risk
Karim Uddin,1st Year - Sem 1,23,10,15,37,47,4.0,109,Safe
Tashin Tuhin,3rd Year - Sem 1,20,6,10,27,41,3.0,84,Safe
Ahad Ali,1st Year - Sem 1,12,1,4,17,28,0.0,50,High Risk
Rakib Hasan,3rd Year - Sem 1,14,7,13,25,35,3.0,80,Safe
Ahad Ali,4th Year - Sem 2,17,6,14,21,42,3.0,83,Safe
Shibay Yadav,1st Year - Sem 1,20,5,15,30,39,3.25,89,Safe
Rakib Hasan,2nd Year - Sem 2,18,8,15,21,43,3.25,87,Safe
Shibay Yadav,4th Year - Sem 1,13,8,11,28,43,3.25,90,Safe
Karim Uddin,2nd Year - Sem 2,22,8,20,34,54,4.0,116,Safe
Nadia Islam,3rd Year - Sem 2,14,7,14,28,35,3.0,84,Safe
Nadia Islam,1st Year - Sem 2,13,6,11,26,32,2.75,75,Medium Risk
Nadia Islam,3rd Year - Sem 1,23,9,18,37,59,4.0,123,Safe
Nadia Islam,1st Year - Sem 1,2,2,9,16,22,0.0,49,High Risk
Nadia Islam,1st Year - Sem 1,12,5,13,26,39,3.0,83,Safe
Tashin Tuhin,2nd Year - Sem 2,13,6,13,20,40,3.0,79,Safe
Shibay Yadav,2nd Year - Sem 1,20,8,17,37,50,4.0,112,Safe
Tashin Tuhin,3rd Year - Sem 1,17,5,15,29,42,3.5,91,Safe
Shibay Yadav,2nd Year - Sem 2,20,10,18,35,52,4.0,115,Safe
Karim Uddin,2nd Year - Sem 2,22,8,16,38,46,4.0,108,Safe
Karim Uddin,4th Year - Sem 1,12,6,11,22,40,3.0,79,Safe
Shibay Yadav,3rd Year - Sem 2,17,8,10,25,40,3.0,83,Safe
Karim Uddin,2nd Year - Sem 2,5,5,5,8,30,0.0,48,High Risk
Rakib Hasan,4th Year - Sem 1,24,9,18,36,54,4.0,117,Safe
Rakib Hasan,3rd Year - Sem 1,17,7,10,26,45,3.25,88,Safe
Tashin Tuhin,3rd Year - Sem 1,3,2,6,16,18,0.0,42,High Risk
Karim Uddin,4th Year - Sem 1,23,9,16,32,56,4.0,113,Safe
Nadia Islam,2nd Year - Sem 1,14,7,15,26,43,3.5,91,Safe
Rakib Hasan,2nd Year - Sem 1,9,2,7,18,2,0.0,29,High Risk
Karim Uddin,1st Year - Sem 2,16,5,15,25,31,2.75,76,Medium Risk
Rakib Hasan,2nd Year - Sem 2,7,5,6,4,27,0.0,42,High Risk
Shibay Yadav,2nd Year - Sem 2,19,6,13,28,31,3.0,78,Safe
Ahad Ali,2nd Year - Sem 1,18,8,11,23,30,2.75,72,Medium Risk
Tashin Tuhin,4th Year - Sem 1,4,1,7,10,1,0.0,19,High Risk
Shibay Yadav,2nd Year - Sem 2,8,1,4,5,2,0.0,12,High Risk
Rakib Hasan,4th Year - Sem 1,14,6,13,23,39,3.0,81,Safe
Karim Uddin,4th Year - Sem 1,22,9,17,32,54,4.0,112,Safe
Tashin Tuhin,4th Year - Sem 2,9,5,0,19,20,0.0,44,High Risk
Shibay Yadav,1st Year - Sem 2,23,8,18,37,50,4.0,113,Safe
Rakib Hasan,1st Year - Sem 1,22,9,20,36,53,4.0,118,Safe
Rakib Hasan,1st Year - Sem 1,21,10,15,40,50,4.0,115,Safe
Nadia Islam,2nd Year - Sem 2,21,8,16,35,55,4.0,114,Safe
Nadia Islam,1st Year - Sem 2,24,10,19,31,50,4.0,110,Safe
Karim Uddin,4th Year - Sem 2,17,5,15,25,41,3.25,86,Safe
Nadia Islam,3rd Year - Sem 2,23,8,15,36,56,4.0,115,Safe
Tashin Tuhin,2nd Year - Sem 1,21,8,19,31,58,4.0,116,Safe
Tashin Tuhin,3rd Year - Sem 2,24,8,20,37,58,4.0,123,Safe
Ahad Ali,3rd Year - Sem 2,14,8,10,22,40,3.0,80,Safe
Ahad Ali,4th Year - Sem 1,14,7,14,30,38,3.25,89,Safe
Tashin Tuhin,1st Year - Sem 2,5,2,6,0,13,0.0,21,High Risk
Tashin Tuhin,2nd Year - Sem 1,14,7,15,28,31,3.0,81,Safe
Shibay Yadav,3rd Year - Sem 2,23,9,17,33,57,4.0,116,Safe
Shibay Yadav,1st Year - Sem 1,10,0,8,11,8,0.0,27,High Risk
Karim Uddin,3rd Year - Sem 1,13,8,15,22,32,2.75,77,Medium Risk
Karim Uddin,3rd Year - Sem 1,24,10,19,34,49,4.0,112,Safe
Karim Uddin,1st Year - Sem 1,11,0,0,0,12,0.0,12,High Risk
Karim Uddin,1st Year - Sem 1,16,6,14,20,35,2.75,75,Medium Risk
Rakib Hasan,4th Year - Sem 1,12,5,13,20,32,2.5,70,Medium Risk
Karim Uddin,1st Year - Sem 1,13,7,10,23,33,2.75,73,Medium Risk
Ahad Ali,3rd Year - Sem 1,14,8,13,26,44,3.5,91,Safe
Ahad Ali,4th Year - Sem 2,3,5,2,17,16,0.0,40,High Risk
Karim Uddin,2nd Year - Sem 1,14,5,12,21,37,2.75,75,Medium Risk
Shibay Yadav,3rd Year - Sem 2,13,8,11,28,44,3.5,91,Safe
Shibay Yadav,1st Year - Sem 1,20,9,17,34,54,4.0,114,Safe
Rakib Hasan,2nd Year - Sem 2,1,2,6,5,17,0.0,30,High Risk
Shibay Yadav,3rd Year - Sem 2,12,5,11,21,34,2.5,71,Medium Risk
Shibay Yadav,1st Year - Sem 2,12,7,15,30,34,3.25,86,Safe
Karim Uddin,2nd Year - Sem 2,1,1,4,19,2,0.0,26,High Risk
Nadia Islam,1st Year - Sem 1,20,8,18,38,52,4.0,116,Safe
Karim Uddin,1st Year - Sem 2,15,5,14,28,37,3.0,84,Safe
Ahad Ali,3rd Year - Sem 1,22,10,20,38,46,4.0,114,Safe
Rakib Hasan,3rd Year - Sem 2,20,8,20,34,55,4.0,117,Safe
Shibay Yadav,1st Year - Sem 2,16,6,10,23,43,3.0,82,Safe
Tashin Tuhin,2nd Year - Sem 1,22,9,15,39,53,4.0,116,Safe
Rakib Hasan,4th Year - Sem 2,21,8,20,37,51,4.0,116,Safe
Tashin Tuhin,3rd Year - Sem 1,22,8,17,31,59,4.0,115,Safe
Shibay Yadav,4th Year - Sem 2,22,8,18,30,45,3.75,101,Safe
Karim Uddin,2nd Year - Sem 2,12,5,3,3,27,0.0,38,High Risk
Karim Uddin,1st Year - Sem 1,23,8,19,34,56,4.0,117,Safe
Karim Uddin,3rd Year - Sem 2,23,9,19,34,51,4.0,113,Safe
Ahad Ali,3rd Year - Sem 1,14,5,10,21,35,2.5,71,Medium Risk
Shibay Yadav,3rd Year - Sem 2,1,0,9,16,23,0.0,48,High Risk
Nadia Islam,4th Year - Sem 2,22,10,17,34,55,4.0,116,Safe
Shibay Yadav,4th Year - Sem 1,15,6,13,29,43,3.5,91,Safe
Rakib Hasan,4th Year - Sem 1,5,4,1,14,14,0.0,33,High Risk
Nadia Islam,3rd Year - Sem 2,7,3,6,8,14,0.0,31,High Risk
Ahad Ali,1st Year - Sem 2,20,8,20,34,47,4.0,109,Safe
Rakib Hasan,4th Year - Sem 1,21,10,19,39,46,4.0,114,Safe
Rakib Hasan,1st Year - Sem 2,20,8,16,37,54,4.0,115,Safe
Karim Uddin,1st Year - Sem 1,24,10,20,40,52,4.0,122,Safe
Rakib Hasan,3rd Year - Sem 1,12,6,15,26,31,3.0,78,Safe
Nadia Islam,4th Year - Sem 1,20,5,12,27,42,3.25,86,Safe
Ahad Ali,2nd Year - Sem 1,7,3,1,14,25,0.0,43,High Risk
Shibay Yadav,1st Year - Sem 1,24,9,18,36,60,4.0,123,Safe
Ahad Ali,2nd Year - Sem 1,20,8,16,33,48,4.0,105,Safe
Rakib Hasan,4th Year - Sem 1,20,8,19,31,45,3.75,103,Safe
Rakib Hasan,2nd Year - Sem 2,23,10,20,30,51,4.0,111,Safe
Ahad Ali,4th Year - Sem 2,19,7,10,25,38,3.0,80,Safe
Ahad Ali,4th Year - Sem 1,0,2,3,11,26,0.0,42,High Risk
Ahad Ali,1st Year - Sem 1,16,5,14,21,45,3.25,85,Safe
Shibay Yadav,3rd Year - Sem 2,24,8,16,38,57,4.0,119,Safe
Ahad Ali,1st Year - Sem 1,17,5,11,27,32,2.75,75,Medium Risk
Ahad Ali,3rd Year - Sem 1,20,10,16,38,56,4.0,120,Safe
Rakib Hasan,2nd Year - Sem 1,16,8,15,30,40,3.5,93,Safe
Tashin Tuhin,1st Year - Sem 2,24,10,19,37,51,4.0,117,Safe
Karim Uddin,2nd Year - Sem 1,23,9,17,39,50,4.0,115,Safe
Tashin Tuhin,2nd Year - Sem 2,22,10,20,37,45,4.0,112,Safe
Ahad Ali,1st Year - Sem 2,24,8,16,32,55,4.0,111,Safe
Tashin Tuhin,2nd Year - Sem 1,16,8,15,27,37,3.25,87,Safe
Nadia Islam,2nd Year - Sem 2,17,8,14,29,45,3.5,96,Safe
Nadia Islam,1st Year - Sem 2,23,8,16,34,51,4.0,109,Safe
Ahad Ali,3rd Year - Sem 1,22,8,17,32,45,3.75,102,Safe
Nadia Islam,4th Year - Sem 1,12,5,13,20,34,2.75,72,Medium Risk
Rakib Hasan,1st Year - Sem 2,23,8,15,35,51,4.0,109,Safe
Nadia Islam,3rd Year - Sem 1,21,8,17,34,49,4.0,108,Safe
Rakib Hasan,1st Year - Sem 2,22,8,19,35,46,4.0,108,Safe
Tashin Tuhin,2nd Year - Sem 1,24,9,20,39,56,4.0,124,Safe
Rakib Hasan,1st Year - Sem 1,19,6,10,20,33,2.5,69,Medium Risk
Rakib Hasan,2nd Year - Sem 2,22,8,20,34,60,4.0,122,Safe
Rakib Hasan,1st Year - Sem 2,20,9,20,36,51,4.0,116,Safe
Tashin Tuhin,4th Year - Sem 2,20,8,16,30,60,4.0,114,Safe
Rakib Hasan,1st Year - Sem 2,21,10,18,32,60,4.0,120,Safe
Ahad Ali,1st Year - Sem 2,22,10,18,31,52,4.0,111,Safe
Shibay Yadav,1st Year - Sem 2,13,8,15,30,34,3.25,87,Safe
Ahad Ali,4th Year - Sem 1,14,7,10,30,39,3.25,86,Safe
Tashin Tuhin,2nd Year - Sem 1,23,8,17,38,51,4.0,114,Safe
Karim Uddin,2nd Year - Sem 2,12,6,14,27,45,3.5,92,Safe
Ahad Ali,4th Year - Sem 2,13,8,15,21,33,2.75,77,Medium Risk
Karim Uddin,2nd Year - Sem 2,16,7,13,26,33,3.0,79,Safe
Tashin Tuhin,1st Year - Sem 2,12,5,14,27,35,3.0,81,Safe
Shibay Yadav,2nd Year - Sem 1,21,8,15,38,57,4.0,118,Safe
Rakib Hasan,2nd Year - Sem 1,11,3,7,7,21,0.0,38,High Risk
Rakib Hasan,3rd Year - Sem 2,2,1,2,3,24,0.0,30,High Risk
Tashin Tuhin,2nd Year - Sem 1,12,5,12,25,37,3.0,79,Safe
Rakib Hasan,2nd Year - Sem 1,17,7,12,29,38,3.25,86,Safe
Ahad Ali,3rd Year - Sem 2,14,7,14,26,30,2.75,77,Medium Risk
Tashin Tuhin,2nd Year - Sem 1,21,8,17,39,53,4.0,117,Safe
Karim Uddin,1st Year - Sem 2,9,5,6,4,30,0.0,45,High Risk
Shibay Yadav,1st Year - Sem 1,22,8,19,37,53,4.0,117,Safe
Tashin Tuhin,2nd Year - Sem 1,14,5,11,23,41,3.0,80,Safe
Shibay Yadav,2nd Year - Sem 1,15,8,12,24,38,3.0,82,Safe
Nadia Islam,4th Year - Sem 1,20,9,20,31,49,4.0,109,Safe
Nadia Islam,4th Year - Sem 2,17,8,14,30,36,3.25,88,Safe
Ahad Ali,4th Year - Sem 2,11,1,4,8,18,0.0,31,High Risk
Ahad Ali,2nd Year - Sem 2,19,7,14,22,36,3.0,79,Safe
Rakib Hasan,4th Year - Sem 1,5,2,6,11,2,0.0,21,High Risk
Nadia Islam,3rd Year - Sem 2,10,2,5,17,17,0.0,41,High Risk
Tashin Tuhin,1st Year - Sem 1,12,6,13,25,44,3.25,88,Safe
Karim Uddin,2nd Year - Sem 1,24,10,17,37,46,4.0,110,Safe
Ahad Ali,2nd Year - Sem 2,13,6,15,28,40,3.25,89,Safe
Karim Uddin,2nd Year - Sem 2,22,8,20,37,58,4.0,123,Safe
Karim Uddin,3rd Year - Sem 2,4,3,5,16,29,2.0,53,High Risk
Ahad Ali,2nd Year - Sem 1,10,3,5,4,16,0.0,28,High Risk
Tashin Tuhin,1st Year - Sem 1,12,7,14,23,38,3.0,82,Safe
Nadia Islam,3rd Year - Sem 2,21,10,18,40,55,4.0,123,Safe
Nadia Islam,3rd Year - Sem 1,1,3,10,14,12,0.0,39,High Risk
Shibay Yadav,2nd Year - Sem 1,12,7,11,26,44,3.25,88,Safe
Karim Uddin,2nd Year - Sem 1,20,9,16,40,56,4.0,121,Safe
Nadia Islam,4th Year - Sem 2,22,9,17,31,55,4.0,112,Safe
Ahad Ali,4th Year - Sem 1,21,8,15,31,60,4.0,114,Safe
Ahad Ali,1st Year - Sem 2,15,6,12,29,35,3.0,82,Safe
Shibay Yadav,4th Year - Sem 2,20,8,18,31,60,4.0,117,Safe
Shibay Yadav,1st Year - Sem 2,22,8,17,40,55,4.0,120,Safe
Nadia Islam,3rd Year - Sem 2,20,8,11,21,45,3.25,85,Safe
Ahad Ali,4th Year - Sem 2,13,6,10,30,33,3.0,79,Safe
Ahad Ali,1st Year - Sem 1,5,0,0,12,12,0.0,24,High Risk
Tashin Tuhin,4th Year - Sem 1,16,7,13,22,42,3.0,84,Safe
Shibay Yadav,3rd Year - Sem 1,17,8,15,25,33,3.0,81,Safe
Rakib Hasan,2nd Year - Sem 2,20,9,16,39,53,4.0,117,Safe
Tashin Tuhin,1st Year - Sem 1,17,8,12,25,35,3.0,80,Safe
Tashin Tuhin,1st Year - Sem 2,12,7,15,22,43,3.25,87,Safe
Tashin Tuhin,3rd Year - Sem 1,14,8,10,20,38,2.75,76,Medium Risk
Ahad Ali,4th Year - Sem 2,20,9,18,33,54,4.0,114,Safe
Rakib Hasan,1st Year - Sem 1,16,8,13,21,43,3.25,85,Safe
Shibay Yadav,1st Year - Sem 2,20,8,15,38,60,4.0,121,Safe
Ahad Ali,2nd Year - Sem 2,20,10,18,30,57,4.0,115,Safe
Karim Uddin,2nd Year - Sem 2,9,2,2,8,1,0.0,13,High Risk
Karim Uddin,3rd Year - Sem 1,4,5,5,12,18,0.0,40,High Risk
Shibay Yadav,1st Year - Sem 2,11,5,4,11,22,0.0,42,High Risk
Shibay Yadav,2nd Year - Sem 2,13,7,13,23,44,3.25,87,Safe
Tashin Tuhin,4th Year - Sem 2,22,10,20,32,47,4.0,109,Safe
Rakib Hasan,1st Year - Sem 1,1,1,8,5,10,0.0,24,High Risk
Shibay Yadav,2nd Year - Sem 2,11,3,5,7,23,0.0,38,High Risk
Karim Uddin,1st Year - Sem 1,11,3,10,19,15,0.0,47,High Risk
Karim Uddin,1st Year - Sem 1,14,5,15,21,43,3.0,84,Safe
Nadia Islam,4th Year - Sem 2,2,0,10,7,18,0.0,35,High Risk
Shibay Yadav,1st Year - Sem 1,24,9,16,36,49,4.0,110,Safe
Ahad Ali,2nd Year - Sem 1,24,9,18,37,45,4.0,109,Safe
Ahad Ali,3rd Year - Sem 2,19,7,10,28,38,3.0,83,Safe
Karim Uddin,2nd Year - Sem 1,21,9,18,36,52,4.0,115,Safe
Ahad Ali,2nd Year - Sem 1,15,7,14,22,35,3.0,78,Safe
Tashin Tuhin,2nd Year - Sem 2,23,10,17,36,52,4.0,115,Safe
Ahad Ali,1st Year - Sem 2,24,9,20,38,56,4.0,123,Safe
Tashin Tuhin,2nd Year - Sem 2,10,2,10,6,9,0.0,27,High Risk
Ahad Ali,2nd Year - Sem 1,19,5,13,21,35,2.75,74,Medium Risk
Nadia Islam,1st Year - Sem 1,13,7,13,28,34,3.0,82,Safe
Nadia Islam,4th Year - Sem 2,19,6,13,29,37,3.25,85,Safe
Shibay Yadav,4th Year - Sem 1,1,3,5,7,25,0.0,40,High Risk
Ahad Ali,4th Year - Sem 2,20,5,15,30,39,3.25,89,Safe
Karim Uddin,1st Year - Sem 1,23,9,18,38,55,4.0,120,Safe
Ahad Ali,2nd Year - Sem 2,20,5,14,27,44,3.25,90,Safe
Karim Uddin,4th Year - Sem 1,18,6,11,26,33,2.75,76,Medium Risk
Nadia Islam,4th Year - Sem 2,23,9,16,36,57,4.0,118,Safe
Shibay Yadav,1st Year - Sem 2,24,8,15,32,54,4.0,109,Safe
Ahad Ali,4th Year - Sem 1,22,9,16,39,48,4.0,112,Safe
Tashin Tuhin,2nd Year - Sem 1,3,1,7,12,15,0.0,35,High Risk
Ahad Ali,2nd Year - Sem 1,6,4,0,14,4,0.0,22,High Risk
Karim Uddin,4th Year - Sem 2,14,8,14,28,45,3.5,95,Safe
Tashin Tuhin,3rd Year - Sem 1,19,7,14,20,45,3.25,86,Safe
Tashin Tuhin,2nd Year - Sem 1,24,9,18,38,45,4.0,110,Safe
Ahad Ali,1st Year - Sem 2,7,2,6,10,2,0.0,20,High Risk
Rakib Hasan,3rd Year - Sem 1,12,5,11,27,43,3.25,86,Safe
Karim Uddin,1st Year - Sem 2,12,8,13,24,35,3.0,80,Safe
Nadia Islam,3rd Year - Sem 1,22,8,18,31,54,4.0,111,Safe
Ahad Ali,3rd Year - Sem 2,12,5,12,27,30,2.75,74,Medium Risk
Ahad Ali,3rd Year - Sem 2,6,5,4,12,9,0.0,30,High Risk
Rakib Hasan,3rd Year - Sem 2,20,8,18,39,49,4.0,114,Safe
Ahad Ali,1st Year - Sem 1,3,3,3,19,25,0.0,50,High Risk
Rakib Hasan,4th Year - Sem 2,15,8,15,25,39,3.25,87,Safe
Karim Uddin,1st Year - Sem 1,14,6,15,26,38,3.25,85,Safe
Karim Uddin,3rd Year - Sem 2,21,10,16,31,50,4.0,107,Safe
Ahad Ali,3rd Year - Sem 2,19,7,15,27,42,3.5,91,Safe
Tashin Tuhin,2nd Year - Sem 2,14,7,12,22,41,3.0,82,Safe
Ahad Ali,1st Year - Sem 1,19,7,11,24,40,3.0,82,Safe
Rakib Hasan,3rd Year - Sem 1,10,1,1,14,15,0.0,31,High Risk
Rakib Hasan,4th Year - Sem 1,12,6,12,21,30,2.5,69,Medium Risk
Shibay Yadav,3rd Year - Sem 2,10,4,0,8,26,0.0,38,High Risk
Karim Uddin,4th Year - Sem 1,20,5,14,24,31,2.75,74,Medium Risk
Rakib Hasan,4th Year - Sem 1,22,8,17,35,51,4.0,111,Safe
Shibay Yadav,2nd Year - Sem 2,19,8,15,21,42,3.25,86,Safe
Rakib Hasan,1st Year - Sem 2,23,9,16,36,45,4.0,106,Safe
Ahad Ali,4th Year - Sem 1,20,5,12,23,45,3.25,85,Safe
Karim Uddin,2nd Year - Sem 2,20,10,15,34,59,4.0,118,Safe
Tashin Tuhin,4th Year - Sem 2,4,4,7,4,30,0.0,45,High Risk
Tashin Tuhin,2nd Year - Sem 2,3,5,0,16,18,0.0,39,High Risk
Karim Uddin,2nd Year - Sem 2,21,9,16,32,59,4.0,116,Safe
Nadia Islam,1st Year - Sem 1,15,5,13,29,42,3.25,89,Safe
Rakib Hasan,2nd Year - Sem 1,7,1,3,11,6,0.0,21,High Risk
Karim Uddin,4th Year - Sem 1,22,8,17,30,51,4.0,106,Safe
Tashin Tuhin,3rd Year - Sem 2,0,5,4,2,22,0.0,33,High Risk
Ahad Ali,1st Year - Sem 1,24,10,18,37,48,4.0,113,Safe
Tashin Tuhin,3rd Year - Sem 1,22,9,15,30,48,3.75,102,Safe
Rakib Hasan,1st Year - Sem 1,3,4,6,7,3,0.0,20,High Risk
Tashin Tuhin,3rd Year - Sem 2,7,3,6,19,4,0.0,32,High Risk
Shibay Yadav,2nd Year - Sem 2,20,10,17,39,47,4.0,113,Safe
Karim Uddin,2nd Year - Sem 2,24,9,20,33,51,4.0,113,Safe
Shibay Yadav,1st Year - Sem 2,14,5,11,22,33,2.5,71,Medium Risk
Karim Uddin,1st Year - Sem 2,18,6,14,28,39,3.25,87,Safe
Shibay Yadav,1st Year - Sem 2,0,3,10,2,25,0.0,40,High Risk
Rakib Hasan,2nd Year - Sem 2,14,7,12,24,35,3.0,78,Safe
Karim Uddin,4th Year - Sem 2,20,8,13,24,40,3.25,85,Safe
Tashin Tuhin,3rd Year - Sem 2,11,1,3,18,7,0.0,29,High Risk
Nadia Islam,4th Year - Sem 2,17,8,12,20,36,2.75,76,Medium Risk
Ahad Ali,3rd Year - Sem 2,12,7,14,24,35,3.0,80,Safe
Rakib Hasan,1st Year - Sem 2,23,10,19,35,60,4.0,124,Safe
Rakib Hasan,3rd Year - Sem 2,14,8,14,29,32,3.0,83,Safe
Karim Uddin,4th Year - Sem 1,15,8,11,22,37,3.0,78,Safe
Shibay Yadav,3rd Year - Sem 2,12,1,4,11,19,0.0,35,High Risk
Tashin Tuhin,4th Year - Sem 2,16,5,11,27,32,2.75,75,Medium Risk
Shibay Yadav,4th Year - Sem 1,20,8,20,31,46,4.0,105,Safe
Shibay Yadav,3rd Year - Sem 1,19,8,15,28,31,3.0,82,Safe
Tashin Tuhin,2nd Year - Sem 1,20,8,16,32,46,3.75,102,Safe
Karim Uddin,1st Year - Sem 2,21,8,16,38,55,4.0,117,Safe
Nadia Islam,4th Year - Sem 2,24,9,15,37,49,4.0,110,Safe
Nadia Islam,2nd Year - Sem 1,22,10,17,32,55,4.0,114,Safe
Nadia Islam,2nd Year - Sem 2,20,6,11,28,30,2.75,75,Medium Risk
Tashin Tuhin,2nd Year - Sem 1,10,2,2,8,25,0.0,37,High Risk
Rakib Hasan,1st Year - Sem 1,23,10,18,37,48,4.0,113,Safe
Shibay Yadav,1st Year - Sem 1,13,6,15,25,42,3.25,88,Safe
Shibay Yadav,1st Year - Sem 1,24,9,16,37,51,4.0,113,Safe
Rakib Hasan,1st Year - Sem 1,15,8,10,27,32,2.75,77,Medium Risk
Nadia Islam,2nd Year - Sem 1,20,10,18,36,51,4.0,115,Safe
Nadia Islam,1st Year - Sem 1,9,1,5,19,21,0.0,46,High Risk
Rakib Hasan,1st Year - Sem 1,12,7,13,27,33,3.0,80,Safe
Rakib Hasan,3rd Year - Sem 2,19,5,11,25,36,2.75,77,Medium Risk
Shibay Yadav,1st Year - Sem 1,2,1,5,17,20,0.0,43,High Risk
Shibay Yadav,1st Year - Sem 2,14,8,13,24,45,3.25,90,Safe
Karim Uddin,4th Year - Sem 1,22,10,19,33,55,4.0,117,Safe
Ahad Ali,2nd Year - Sem 1,17,7,14,23,37,3.0,81,Safe
Tashin Tuhin,2nd Year - Sem 2,14,6,13,27,31,2.75,77,Medium Risk
Nadia Islam,1st Year - Sem 1,14,7,13,20,44,3.0,84,Safe
Rakib Hasan,4th Year - Sem 2,1,1,4,2,1,0.0,8,High Risk
Shibay Yadav,3rd Year - Sem 2,21,10,16,31,47,4.0,104,Safe
Karim Uddin,4th Year - Sem 2,21,9,16,37,60,4.0,122,Safe
Tashin Tuhin,2nd Year - Sem 2,20,10,18,38,46,4.0,112,Safe
Nadia Islam,1st Year - Sem 1,11,2,1,5,1,0.0,9,High Risk
Rakib Hasan,1st Year - Sem 2,21,9,20,33,52,4.0,114,Safe
Karim Uddin,2nd Year - Sem 2,10,0,1,2,2,0.0,5,High Risk
Rakib Hasan,2nd Year - Sem 1,21,10,18,34,52,4.0,114,Safe
Karim Uddin,2nd Year - Sem 1,23,8,17,38,50,4.0,113,Safe
Tashin Tuhin,1st Year - Sem 2,24,9,15,35,50,4.0,109,Safe
Tashin Tuhin,4th Year - Sem 1,20,5,11,21,44,3.0,81,Safe
Shibay Yadav,4th Year - Sem 2,17,8,13,28,34,3.0,83,Safe
Tashin Tuhin,3rd Year - Sem 2,21,8,17,30,54,4.0,109,Safe
Ahad Ali,4th Year - Sem 2,20,8,19,35,56,4.0,118,Safe
Karim Uddin,1st Year - Sem 1,7,5,5,9,8,0.0,27,High Risk
Karim Uddin,1st Year - Sem 1,16,6,12,30,38,3.25,86,Safe
Tashin Tuhin,2nd Year - Sem 2,23,10,18,34,60,4.0,122,Safe
Tashin Tuhin,2nd Year - Sem 2,14,6,15,26,42,3.25,89,Safe
Karim Uddin,2nd Year - Sem 1,20,8,18,38,51,4.0,115,Safe
Nadia Islam,1st Year - Sem 2,10,4,0,5,15,0.0,24,High Risk
Nadia Islam,2nd Year - Sem 1,23,10,18,36,56,4.0,120,Safe
Ahad Ali,1st Year - Sem 2,23,8,16,37,56,4.0,117,Safe
Nadia Islam,2nd Year - Sem 1,24,9,16,38,54,4.0,117,Safe
Rakib Hasan,4th Year - Sem 2,12,0,1,6,13,0.0,20,High Risk
Tashin Tuhin,3rd Year - Sem 2,0,2,0,7,17,0.0,26,High Risk
Shibay Yadav,2nd Year - Sem 1,20,8,10,27,39,3.0,84,Safe
Ahad Ali,3rd Year - Sem 2,15,6,13,22,41,3.0,82,Safe
Rakib Hasan,2nd Year - Sem 2,16,7,11,22,37,2.75,77,Medium Risk
Shibay Yadav,4th Year - Sem 1,23,8,17,37,53,4.0,115,Safe
Nadia Islam,1st Year - Sem 1,3,4,2,20,21,0.0,47,High Risk
Shibay Yadav,4th Year - Sem 1,23,9,16,30,45,3.75,100,Safe
Ahad Ali,1st Year - Sem 1,17,7,13,23,31,2.75,74,Medium Risk
Karim Uddin,1st Year - Sem 2,20,8,14,29,42,3.5,93,Safe
Karim Uddin,4th Year - Sem 1,14,8,15,22,40,3.25,85,Safe
Shibay Yadav,2nd Year - Sem 2,19,5,11,23,36,2.75,75,Medium Risk
Nadia Islam,3rd Year - Sem 1,12,8,12,25,43,3.25,88,Safe
Shibay Yadav,4th Year - Sem 2,12,4,5,11,7,0.0,27,High Risk
Shibay Yadav,4th Year - Sem 2,12,8,11,23,42,3.0,84,Safe
Shibay Yadav,4th Year - Sem 1,21,9,18,30,50,4.0,107,Safe
Ahad Ali,3rd Year - Sem 1,15,6,10,25,34,2.75,75,Medium Risk
Shibay Yadav,3rd Year - Sem 1,20,10,16,35,45,4.0,106,Safe
Ahad Ali,3rd Year - Sem 2,16,5,10,21,45,3.0,81,Safe
Nadia Islam,3rd Year - Sem 1,22,8,20,32,55,4.0,115,Safe
Karim Uddin,4th Year - Sem 2,20,8,12,29,38,3.25,87,Safe
Rakib Hasan,3rd Year - Sem 1,5,5,4,7,16,0.0,32,High Risk
Nadia Islam,3rd Year - Sem 2,18,8,11,22,31,2.75,72,Medium Risk
Ahad Ali,2nd Year - Sem 2,23,8,15,38,50,4.0,111,Safe
Ahad Ali,1st Year - Sem 1,2,4,6,6,0,0.0,16,High Risk
Nadia Islam,2nd Year - Sem 2,19,8,14,30,44,3.5,96,Safe
Karim Uddin,4th Year - Sem 2,13,6,11,30,41,3.25,88,Safe
Karim Uddin,4th Year - Sem 2,20,9,15,38,58,4.0,120,Safe
Shibay Yadav,2nd Year - Sem 1,3,3,8,2,20,0.0,33,High Risk
Tashin Tuhin,3rd Year - Sem 2,1,5,8,6,16,0.0,35,High Risk
Karim Uddin,4th Year - Sem 2,21,10,17,40,51,4.0,118,Safe
Ahad Ali,4th Year - Sem 2,12,5,5,1,8,0.0,19,High Risk
Nadia Islam,1st Year - Sem 1,21,9,18,38,51,4.0,116,Safe
Karim Uddin,1st Year - Sem 2,23,9,15,30,59,4.0,113,Safe
Shibay Yadav,2nd Year - Sem 1,12,4,6,5,10,0.0,25,High Risk
Karim Uddin,1st Year - Sem 1,13,8,13,23,44,3.25,88,Safe
Karim Uddin,1st Year - Sem 2,1,1,7,5,26,0.0,39,High Risk
Karim Uddin,4th Year - Sem 2,24,9,20,40,48,4.0,117,Safe
Nadia Islam,2nd Year - Sem 2,21,9,17,36,54,4.0,116,Safe
Shibay Yadav,3rd Year - Sem 2,14,5,13,29,41,3.25,88,Safe
Tashin Tuhin,3rd Year - Sem 2,12,8,12,30,32,3.0,82,Safe
Ahad Ali,3rd Year - Sem 1,17,8,13,21,40,3.0,82,Safe
Nadia Islam,3rd Year - Sem 2,12,6,10,24,34,2.75,74,Medium Risk
Shibay Yadav,2nd Year - Sem 2,4,3,4,4,24,0.0,35,High Risk
Karim Uddin,2nd Year - Sem 1,21,8,17,32,53,4.0,110,Safe
Tashin Tuhin,4th Year - Sem 1,9,2,6,2,10,0.0,20,High Risk
Nadia Islam,2nd Year - Sem 2,18,7,13,25,39,3.0,84,Safe
Rakib Hasan,1st Year - Sem 2,21,10,19,32,60,4.0,121,Safe
Karim Uddin,2nd Year - Sem 2,22,9,16,37,51,4.0,113,Safe
Nadia Islam,4th Year - Sem 1,17,6,10,26,41,3.0,83,Safe
Ahad Ali,2nd Year - Sem 1,20,6,10,20,32,2.5,68,Medium Risk
Rakib Hasan,3rd Year - Sem 2,11,0,2,10,30,0.0,42,High Risk
Rakib Hasan,4th Year - Sem 2,21,10,18,31,51,4.0,110,Safe
Nadia Islam,4th Year - Sem 1,20,9,19,30,45,3.75,103,Safe
Tashin Tuhin,3rd Year - Sem 2,18,8,11,20,34,2.75,73,Medium Risk
Karim Uddin,3rd Year - Sem 2,3,2,2,8,3,0.0,15,High Risk
Tashin Tuhin,1st Year - Sem 2,22,10,17,30,47,4.0,104,Safe
Tashin Tuhin,2nd Year - Sem 1,19,8,14,26,42,3.25,90,Safe
Karim Uddin,2nd Year - Sem 1,16,5,11,27,34,2.75,77,Medium Risk
Rakib Hasan,2nd Year - Sem 2,21,8,15,37,54,4.0,114,Safe
Nadia Islam,3rd Year - Sem 2,16,6,15,25,43,3.25,89,Safe
Ahad Ali,4th Year - Sem 1,7,4,10,11,30,2.0,55,High Risk
Karim Uddin,2nd Year - Sem 2,13,8,11,20,32,2.5,71,Medium Risk
Karim Uddin,4th Year - Sem 2,23,10,16,33,47,4.0,106,Safe
Ahad Ali,2nd Year - Sem 1,24,8,17,39,47,4.0,111,Safe
Rakib Hasan,2nd Year - Sem 1,20,8,18,34,55,4.0,115,Safe
Ahad Ali,2nd Year - Sem 1,21,9,17,33,46,4.0,105,Safe
Nadia Islam,3rd Year - Sem 2,7,1,3,18,5,0.0,27,High Risk
Rakib Hasan,3rd Year - Sem 1,18,5,12,25,44,3.25,86,Safe
Rakib Hasan,4th Year - Sem 2,13,5,11,29,35,3.0,80,Safe
Karim Uddin,1st Year - Sem 1,20,10,19,39,52,4.0,120,Safe
Ahad Ali,4th Year - Sem 1,18,6,13,25,39,3.0,83,Safe
Tashin Tuhin,3rd Year - Sem 1,20,8,17,39,55,4.0,119,Safe
Ahad Ali,1st Year - Sem 1,11,4,4,0,7,0.0,15,High Risk
Nadia Islam,2nd Year - Sem 1,7,1,5,7,22,0.0,35,High Risk
Rakib Hasan,1st Year - Sem 1,23,9,15,38,60,4.0,122,Safe
Karim Uddin,2nd Year - Sem 2,14,6,10,21,45,3.0,82,Safe
Nadia Islam,2nd Year - Sem 1,23,10,19,36,48,4.0,113,Safe
Karim Uddin,3rd Year - Sem 2,12,8,15,29,34,3.25,86,Safe
Ahad Ali,1st Year - Sem 1,24,10,19,39,50,4.0,118,Safe
Karim Uddin,2nd Year - Sem 1,12,7,12,22,30,2.5,71,Medium Risk
Shibay Yadav,4th Year - Sem 2,18,6,15,24,39,3.0,84,Safe
Ahad Ali,1st Year - Sem 2,20,10,16,31,50,4.0,107,Safe
Rakib Hasan,3rd Year - Sem 1,20,9,19,38,48,4.0,114,Safe
Tashin Tuhin,1st Year - Sem 2,24,9,19,32,54,4.0,114,Safe
Rakib Hasan,4th Year - Sem 1,14,6,11,23,39,3.0,79,Safe
Rakib Hasan,1st Year - Sem 1,22,10,18,37,47,4.0,112,Safe
Rakib Hasan,1st Year - Sem 1,20,6,14,29,40,3.25,89,Safe
Shibay Yadav,4th Year - Sem 2,24,8,19,30,48,4.0,105,Safe
Karim Uddin,4th Year - Sem 2,5,5,1,15,2,0.0,23,High Risk
Nadia Islam,2nd Year - Sem 2,20,8,20,34,55,4.0,117,Safe
Nadia Islam,4th Year - Sem 2,2,3,4,14,26,0.0,47,High Risk
Ahad Ali,3rd Year - Sem 2,12,5,11,21,41,3.0,78,Safe
Nadia Islam,2nd Year - Sem 2,20,9,16,39,53,4.0,117,Safe
Karim Uddin,2nd Year - Sem 2,14,5,13,21,32,2.5,71,Medium Risk
Rakib Hasan,1st Year - Sem 1,15,5,14,21,31,2.5,71,Medium Risk
Shibay Yadav,1st Year - Sem 1,24,9,20,37,50,4.0,116,Safe
Shibay Yadav,3rd Year - Sem 1,19,6,12,27,31,2.75,76,Medium Risk
Ahad Ali,1st Year - Sem 2,23,10,16,31,52,4.0,109,Safe
Ahad Ali,3rd Year - Sem 2,4,5,5,17,27,2.0,54,High Risk
Shibay Yadav,1st Year - Sem 2,12,8,14,23,30,2.75,75,Medium Risk
Nadia Islam,2nd Year - Sem 2,12,0,3,9,2,0.0,14,High Risk
Rakib Hasan,2nd Year - Sem 1,22,10,17,33,49,4.0,109,Safe
Karim Uddin,1st Year - Sem 2,20,7,14,27,43,3.5,91,Safe
Karim Uddin,3rd Year - Sem 1,3,5,0,4,12,0.0,21,High Risk
Karim Uddin,2nd Year - Sem 2,18,8,11,20,30,2.5,69,Medium Risk
Tashin Tuhin,4th Year - Sem 2,20,8,18,33,46,4.0,105,Safe
Karim Uddin,4th Year - Sem 1,16,7,14,29,40,3.25,90,Safe
Karim Uddin,3rd Year - Sem 2,22,9,20,34,60,4.0,123,Safe
Rakib Hasan,2nd Year - Sem 2,22,9,16,36,59,4.0,120,Safe
Rakib Hasan,1st Year - Sem 2,19,8,12,27,33,3.0,80,Safe
Karim Uddin,3rd Year - Sem 1,20,8,17,37,56,4.0,118,Safe
Shibay Yadav,4th Year - Sem 1,23,10,16,37,54,4.0,117,Safe
Tashin Tuhin,3rd Year - Sem 1,17,6,10,28,41,3.25,85,Safe
Rakib Hasan,1st Year - Sem 2,19,5,10,23,36,2.75,74,Medium Risk
Ahad Ali,4th Year - Sem 1,17,8,11,29,45,3.5,93,Safe
Rakib Hasan,1st Year - Sem 2,20,9,19,40,49,4.0,117,Safe
Karim Uddin,1st Year - Sem 2,2,5,5,7,28,0.0,45,High Risk
Rakib Hasan,3rd Year - Sem 2,18,5,12,20,33,2.5,70,Medium Risk
Ahad Ali,4th Year - Sem 1,20,9,19,35,57,4.0,120,Safe
Karim Uddin,1st Year - Sem 2,22,8,15,40,46,4.0,109,Safe
Shibay Yadav,2nd Year - Sem 2,10,5,1,17,28,0.0,51,High Risk
Rakib Hasan,2nd Year - Sem 1,16,5,11,21,33,2.5,70,Medium Risk
Rakib Hasan,2nd Year - Sem 1,22,9,19,35,54,4.0,117,Safe
Rakib Hasan,1st Year - Sem 2,19,5,13,21,33,2.75,72,Medium Risk
Ahad Ali,2nd Year - Sem 1,21,9,16,39,55,4.0,119,Safe
Karim Uddin,1st Year - Sem 1,22,10,16,35,57,4.0,118,Safe
Nadia Islam,4th Year - Sem 2,16,5,15,28,37,3.25,85,Safe
Shibay Yadav,1st Year - Sem 1,23,10,19,38,60,4.0,127,Safe
Karim Uddin,4th Year - Sem 1,16,8,15,21,35,3.0,79,Safe
Rakib Hasan,4th Year - Sem 2,24,10,18,30,58,4.0,116,Safe
Nadia Islam,1st Year - Sem 2,8,4,2,18,14,0.0,38,High Risk
Shibay Yadav,3rd Year - Sem 2,14,8,11,27,40,3.25,86,Safe
Ahad Ali,4th Year - Sem 2,22,9,16,34,54,4.0,113,Safe
Shibay Yadav,4th Year - Sem 1,23,8,19,40,59,4.0,126,Safe
Tashin Tuhin,3rd Year - Sem 2,19,7,12,24,45,3.25,88,Safe
Karim Uddin,4th Year - Sem 1,16,8,13,25,33,3.0,79,Safe
Shibay Yadav,4th Year - Sem 1,6,0,9,15,15,0.0,39,High Risk
Karim Uddin,4th Year - Sem 1,2,4,4,11,28,0.0,47,High Risk
Shibay Yadav,1st Year - Sem 1,20,10,20,37,56,4.0,123,Safe
Rakib Hasan,2nd Year - Sem 1,15,8,15,26,31,3.0,80,Safe
Shibay Yadav,4th Year - Sem 1,12,5,13,28,34,3.0,80,Safe
Tashin Tuhin,1st Year - Sem 1,18,8,10,21,30,2.5,69,Medium Risk
Nadia Islam,3rd Year - Sem 2,20,8,17,39,53,4.0,117,Safe
Tashin Tuhin,2nd Year - Sem 1,12,6,10,22,36,2.75,74,Medium Risk
Tashin Tuhin,2nd Year - Sem 1,23,8,19,35,57,4.0,119,Safe
Nadia Islam,4th Year - Sem 1,12,7,14,24,32,2.75,77,Medium Risk
Rakib Hasan,2nd Year - Sem 2,8,3,2,13,14,0.0,32,High Risk
Tashin Tuhin,1st Year - Sem 2,16,5,11,22,44,3.0,82,Safe
Nadia Islam,2nd Year - Sem 2,16,6,13,25,33,2.75,77,Medium Risk
Ahad Ali,3rd Year - Sem 2,6,4,1,16,24,0.0,45,High Risk
Tashin Tuhin,3rd Year - Sem 1,13,6,11,28,44,3.25,89,Safe
Karim Uddin,1st Year - Sem 1,15,8,14,27,30,3.0,79,Safe
Nadia Islam,3rd Year - Sem 2,23,9,18,39,58,4.0,124,Safe
Nadia Islam,1st Year - Sem 1,16,5,12,24,30,2.5,71,Medium Risk
Shibay Yadav,2nd Year - Sem 1,11,1,1,1,6,0.0,9,High Risk
Ahad Ali,2nd Year - Sem 1,21,8,17,32,56,4.0,113,Safe
Rakib Hasan,4th Year - Sem 1,13,5,11,22,33,2.5,71,Medium Risk
Shibay Yadav,4th Year - Sem 2,3,2,6,4,25,0.0,37,High Risk
Nadia Islam,4th Year - Sem 1,24,8,20,37,52,4.0,117,Safe
Shibay Yadav,1st Year - Sem 1,20,6,11,20,34,2.5,71,Medium Risk
Rakib Hasan,3rd Year - Sem 2,22,9,19,40,51,4.0,119,Safe
Ahad Ali,1st Year - Sem 2,18,5,15,24,37,3.0,81,Safe
Ahad Ali,1st Year - Sem 2,6,2,3,0,26,0.0,31,High Risk
Tashin Tuhin,4th Year - Sem 1,21,8,17,30,48,3.75,103,Safe
Tashin Tuhin,3rd Year - Sem 1,18,8,12,25,36,3.0,81,Safe
Rakib Hasan,2nd Year - Sem 1,14,5,14,28,31,3.0,78,Safe
Nadia Islam,2nd Year - Sem 2,22,9,18,31,56,4.0,114,Safe
Rakib Hasan,3rd Year - Sem 1,19,8,15,22,34,3.0,79,Safe
Ahad Ali,3rd Year - Sem 2,20,9,15,39,58,4.0,121,Safe
Ahad Ali,3rd Year - Sem 1,20,9,18,40,54,4.0,121,Safe
Nadia Islam,1st Year - Sem 1,14,6,13,24,32,2.75,75,Medium Risk
Rakib Hasan,4th Year - Sem 2,19,5,10,29,31,2.75,75,Medium Risk
Shibay Yadav,3rd Year - Sem 1,18,5,11,30,41,3.25,87,Safe
Tashin Tuhin,2nd Year - Sem 2,22,8,15,30,57,4.0,110,Safe
Ahad Ali,4th Year - Sem 1,24,10,18,33,46,4.0,107,Safe
Shibay Yadav,1st Year - Sem 2,12,1,8,18,23,0.0,50,High Risk
Rakib Hasan,1st Year - Sem 2,18,8,14,30,32,3.0,84,Safe
Shibay Yadav,3rd Year - Sem 1,20,9,15,30,54,4.0,108,Safe
Shibay Yadav,1st Year - Sem 2,20,5,13,20,37,2.75,75,Medium Risk
Tashin Tuhin,4th Year - Sem 1,20,8,20,37,54,4.0,119,Safe
Tashin Tuhin,1st Year - Sem 1,13,5,14,28,38,3.25,85,Safe
Shibay Yadav,1st Year - Sem 2,20,5,12,22,45,3.0,84,Safe
Nadia Islam,1st Year - Sem 1,13,7,15,30,31,3.0,83,Safe
Nadia Islam,1st Year - Sem 1,21,10,19,39,46,4.0,114,Safe
Shibay Yadav,3rd Year - Sem 1,21,9,18,37,45,4.0,109,Safe
Rakib Hasan,3rd Year - Sem 1,24,9,15,33,55,4.0,112,Safe
Nadia Islam,3rd Year - Sem 2,15,8,12,30,30,3.0,80,Safe
Shibay Yadav,4th Year - Sem 2,16,8,12,29,43,3.5,92,Safe
Ahad Ali,3rd Year - Sem 2,18,7,11,27,45,3.25,90,Safe
Nadia Islam,3rd Year - Sem 2,14,5,14,24,43,3.25,86,Safe
Karim Uddin,3rd Year - Sem 2,22,8,20,37,60,4.0,125,Safe
Rakib Hasan,3rd Year - Sem 2,24,8,17,35,60,4.0,120,Safe
Karim Uddin,1st Year - Sem 2,20,8,13,30,35,3.25,86,Safe
Karim Uddin,2nd Year - Sem 2,20,5,10,21,36,2.75,72,Medium Risk
Shibay Yadav,1st Year - Sem 1,7,4,10,7,3,0.0,24,High Risk
Ahad Ali,2nd Year - Sem 1,10,1,8,0,21,0.0,30,High Risk
Shibay Yadav,4th Year - Sem 2,15,8,13,28,41,3.25,90,Safe
Karim Uddin,2nd Year - Sem 1,24,9,16,39,54,4.0,118,Safe
Nadia Islam,2nd Year - Sem 1,20,10,18,31,50,4.0,109,Safe
Nadia Islam,4th Year - Sem 1,10,2,2,11,15,0.0,30,High Risk
Rakib Hasan,4th Year - Sem 2,12,0,5,11,17,0.0,33,High Risk
Shibay Yadav,3rd Year - Sem 1,20,6,10,27,42,3.25,85,Safe
Karim Uddin,4th Year - Sem 1,10,3,6,0,8,0.0,17,High Risk
Shibay Yadav,1st Year - Sem 2,15,8,15,25,33,3.0,81,Safe
Karim Uddin,3rd Year - Sem 1,24,9,20,37,50,4.0,116,Safe
Tashin Tuhin,3rd Year - Sem 2,0,5,1,16,30,2.0,52,High Risk
Shibay Yadav,3rd Year - Sem 1,9,1,7,17,1,0.0,26,High Risk
Ahad Ali,1st Year - Sem 2,22,8,17,40,51,4.0,116,Safe
Karim Uddin,2nd Year - Sem 2,20,9,15,40,49,4.0,113,Safe
Tashin Tuhin,3rd Year - Sem 1,12,1,5,16,19,0.0,41,High Risk
Shibay Yadav,3rd Year - Sem 1,24,8,17,39,46,4.0,110,Safe
Karim Uddin,3rd Year - Sem 2,16,8,13,29,32,3.0,82,Safe
Karim Uddin,1st Year - Sem 1,4,5,2,5,24,0.0,36,High Risk
Rakib Hasan,4th Year - Sem 2,3,3,7,11,13,0.0,34,High Risk
Rakib Hasan,3rd Year - Sem 2,15,6,15,29,38,3.25,88,Safe
Shibay Yadav,2nd Year - Sem 2,23,8,17,38,47,4.0,110,Safe
Tashin Tuhin,2nd Year - Sem 2,19,5,12,30,42,3.25,89,Safe
Ahad Ali,1st Year - Sem 2,21,8,20,31,57,4.0,116,Safe
Tashin Tuhin,4th Year - Sem 1,2,3,7,14,3,0.0,27,High Risk
Tashin Tuhin,1st Year - Sem 1,20,10,20,39,45,4.0,114,Safe
Tashin Tuhin,2nd Year - Sem 2,20,8,11,27,36,3.0,82,Safe
Nadia Islam,3rd Year - Sem 2,4,2,10,19,15,0.0,46,High Risk
Shibay Yadav,2nd Year - Sem 1,17,8,13,26,41,3.25,88,Safe
Shibay Yadav,1st Year - Sem 2,16,7,15,27,44,3.5,93,Safe
Nadia Islam,4th Year - Sem 2,20,9,18,34,60,4.0,121,Safe
Tashin Tuhin,2nd Year - Sem 2,20,8,14,20,30,2.75,72,Medium Risk
Rakib Hasan,3rd Year - Sem 2,23,9,15,40,56,4.0,120,Safe
Ahad Ali,1st Year - Sem 1,20,9,19,34,59,4.0,121,Safe
Nadia Islam,2nd Year - Sem 1,22,10,16,38,59,4.0,123,Safe
Rakib Hasan,1st Year - Sem 1,16,6,12,22,39,3.0,79,Safe
Tashin Tuhin,1st Year - Sem 1,19,7,12,29,34,3.0,82,Safe
Tashin Tuhin,1st Year - Sem 1,15,8,13,27,37,3.25,85,Safe
Nadia Islam,2nd Year - Sem 2,19,5,14,26,30,2.75,75,Medium Risk
Shibay Yadav,3rd Year - Sem 1,24,10,17,33,57,4.0,117,Safe
Ahad Ali,4th Year - Sem 2,20,7,12,30,37,3.25,86,Safe
Karim Uddin,4th Year - Sem 1,7,5,3,20,11,0.0,39,High Risk
Nadia Islam,1st Year - Sem 1,10,4,0,9,16,0.0,29,High Risk
Tashin Tuhin,3rd Year - Sem 2,24,10,17,39,51,4.0,117,Safe
Rakib Hasan,3rd Year - Sem 2,21,9,18,39,57,4.0,123,Safe
Nadia Islam,2nd Year - Sem 1,15,7,14,24,41,3.25,86,Safe
Nadia Islam,2nd Year - Sem 2,22,8,16,39,56,4.0,119,Safe
Tashin Tuhin,2nd Year - Sem 2,17,7,13,28,40,3.25,88,Safe
Shibay Yadav,3rd Year - Sem 1,0,3,5,1,2,0.0,11,High Risk
Shibay Yadav,3rd Year - Sem 2,16,7,13,28,45,3.5,93,Safe
Nadia Islam,4th Year - Sem 1,23,10,16,35,60,4.0,121,Safe
Tashin Tuhin,4th Year - Sem 2,19,8,11,29,43,3.5,91,Safe
Karim Uddin,3rd Year - Sem 2,21,9,17,30,55,4.0,111,Safe
Tashin Tuhin,1st Year - Sem 1,22,8,19,38,57,4.0,122,Safe
Tashin Tuhin,3rd Year - Sem 2,21,10,15,33,46,4.0,104,Safe
Tashin Tuhin,1st Year - Sem 1,16,8,15,30,39,3.5,92,Safe
Karim Uddin,2nd Year - Sem 2,21,8,18,33,52,4.0,111,Safe
Nadia Islam,3rd Year - Sem 1,22,9,19,37,58,4.0,123,Safe
Rakib Hasan,3rd Year - Sem 1,16,8,14,20,33,2.75,75,Medium Risk
Tashin Tuhin,2nd Year - Sem 2,16,5,15,23,36,3.0,79,Safe
Ahad Ali,4th Year - Sem 2,13,8,14,30,35,3.25,87,Safe
Tashin Tuhin,3rd Year - Sem 2,13,7,11,24,33,2.75,75,Medium Risk
Tashin Tuhin,2nd Year - Sem 2,20,8,15,31,55,4.0,109,Safe
Karim Uddin,2nd Year - Sem 1,10,0,0,1,8,0.0,9,High Risk
Shibay Yadav,1st Year - Sem 1,17,6,15,25,31,2.75,77,Medium Risk
Shibay Yadav,2nd Year - Sem 2,14,7,13,29,32,3.0,81,Safe
Nadia Islam,4th Year - Sem 2,24,10,19,31,57,4.0,117,Safe
Tashin Tuhin,1st Year - Sem 2,14,6,14,24,38,3.0,82,Safe
Shibay Yadav,3rd Year - Sem 2,17,6,15,29,32,3.0,82,Safe
Ahad Ali,1st Year - Sem 2,18,7,10,26,38,3.0,81,Safe
Shibay Yadav,1st Year - Sem 2,13,8,13,22,39,3.0,82,Safe
Karim Uddin,1st Year - Sem 2,19,8,12,27,35,3.0,82,Safe
Shibay Yadav,3rd Year - Sem 1,14,7,14,20,39,3.0,80,Safe
Karim Uddin,2nd Year - Sem 2,14,5,14,29,39,3.25,87,Safe
Rakib Hasan,1st Year - Sem 1,21,8,19,35,54,4.0,116,Safe
Shibay Yadav,1st Year - Sem 2,0,0,2,7,25,0.0,34,High Risk
Karim Uddin,4th Year - Sem 2,18,6,12,24,34,2.75,76,Medium Risk
Shibay Yadav,1st Year - Sem 2,24,8,17,33,56,4.0,114,Safe
Karim Uddin,2nd Year - Sem 1,13,6,14,28,44,3.5,92,Safe
Nadia Islam,1st Year - Sem 2,23,9,17,37,56,4.0,119,Safe
Shibay Yadav,3rd Year - Sem 1,12,5,3,5,22,0.0,35,High Risk
Karim Uddin,2nd Year - Sem 1,19,6,12,28,37,3.0,83,Safe
Shibay Yadav,3rd Year - Sem 2,24,9,15,33,45,3.75,102,Safe
Ahad Ali,1st Year - Sem 1,20,5,13,26,39,3.0,83,Safe
Ahad Ali,4th Year - Sem 2,18,8,10,22,30,2.5,70,Medium Risk
Rakib Hasan,2nd Year - Sem 2,6,2,1,9,28,0.0,40,High Risk
Nadia Islam,4th Year - Sem 2,12,8,14,20,38,3.0,80,Safe
Karim Uddin,1st Year - Sem 1,23,8,17,36,53,4.0,114,Safe
Shibay Yadav,3rd Year - Sem 1,16,5,15,30,41,3.5,91,Safe
Rakib Hasan,2nd Year - Sem 1,1,0,10,15,10,0.0,35,High Risk
Karim Uddin,4th Year - Sem 2,4,2,8,20,24,2.0,54,High Risk
Ahad Ali,2nd Year - Sem 1,0,2,8,7,13,0.0,30,High Risk
Shibay Yadav,2nd Year - Sem 1,23,10,20,31,45,4.0,106,Safe
Tashin Tuhin,2nd Year - Sem 2,22,8,19,39,48,4.0,114,Safe
Karim Uddin,3rd Year - Sem 1,17,6,10,20,31,2.5,67,Medium Risk
Karim Uddin,4th Year - Sem 2,20,8,14,25,45,3.5,92,Safe
Nadia Islam,4th Year - Sem 2,24,8,20,38,59,4.0,125,Safe
Nadia Islam,1st Year - Sem 2,12,6,12,23,38,3.0,79,Safe
Tashin Tuhin,1st Year - Sem 2,11,1,8,1,15,0.0,25,High Risk
Nadia Islam,1st Year - Sem 2,20,8,14,28,45,3.5,95,Safe
Tashin Tuhin,3rd Year - Sem 1,20,7,11,22,45,3.25,85,Safe
Ahad Ali,3rd Year - Sem 1,17,6,15,26,37,3.0,84,Safe
Shibay Yadav,1st Year - Sem 2,13,8,13,25,43,3.25,89,Safe
Shibay Yadav,1st Year - Sem 1,22,8,19,32,54,4.0,113,Safe
Rakib Hasan,3rd Year - Sem 2,24,9,18,34,55,4.0,116,Safe
Ahad Ali,2nd Year - Sem 1,12,8,13,29,41,3.5,91,Safe
Nadia Islam,1st Year - Sem 2,4,4,10,0,11,0.0,25,High Risk
Nadia Islam,4th Year - Sem 1,24,10,18,37,54,4.0,119,Safe
Rakib Hasan,3rd Year - Sem 2,22,10,16,36,47,4.0,109,Safe
Rakib Hasan,3rd Year - Sem 1,22,10,16,37,50,4.0,113,Safe
Karim Uddin,3rd Year - Sem 1,4,0,9,15,23,0.0,47,High Risk
Karim Uddin,2nd Year - Sem 1,22,10,20,34,53,4.0,117,Safe
Karim Uddin,3rd Year - Sem 1,18,6,13,28,32,3.0,79,Safe
Shibay Yadav,2nd Year - Sem 1,1,5,0,0,29,0.0,34,High Risk
Karim Uddin,2nd Year - Sem 2,24,8,18,30,51,4.0,107,Safe
Nadia Islam,1st Year - Sem 1,11,1,8,14,22,0.0,45,High Risk
Rakib Hasan,4th Year - Sem 1,12,3,5,8,6,0.0,22,High Risk
Shibay Yadav,3rd Year - Sem 1,22,9,17,38,46,4.0,110,Safe
Nadia Islam,4th Year - Sem 2,13,7,13,29,37,3.25,86,Safe
Shibay Yadav,3rd Year - Sem 1,22,10,15,31,55,4.0,111,Safe
Rakib Hasan,2nd Year - Sem 1,17,6,11,24,38,3.0,79,Safe
Shibay Yadav,4th Year - Sem 2,3,5,1,10,26,0.0,42,High Risk
Karim Uddin,2nd Year - Sem 2,12,5,4,17,26,2.0,52,High Risk
Nadia Islam,3rd Year - Sem 1,19,5,15,26,30,2.75,76,Medium Risk
Nadia Islam,1st Year - Sem 2,21,9,18,38,51,4.0,116,Safe
Ahad Ali,3rd Year - Sem 2,21,8,18,33,47,4.0,106,Safe
Ahad Ali,3rd Year - Sem 1,8,5,2,8,7,0.0,22,High Risk
Rakib Hasan,1st Year - Sem 2,21,9,20,30,54,4.0,113,Safe
Tashin Tuhin,2nd Year - Sem 2,18,5,11,20,38,2.75,74,Medium Risk
Nadia Islam,4th Year - Sem 2,4,5,10,9,9,0.0,33,High Risk
Karim Uddin,3rd Year - Sem 1,19,7,12,21,30,2.5,70,Medium Risk
Rakib Hasan,3rd Year - Sem 1,21,10,15,36,57,4.0,118,Safe
Shibay Yadav,2nd Year - Sem 2,20,7,14,27,32,3.0,80,Safe
Ahad Ali,4th Year - Sem 2,23,9,16,38,50,4.0,113,Safe
Ahad Ali,2nd Year - Sem 2,3,2,8,4,13,0.0,27,High Risk
Rakib Hasan,1st Year - Sem 2,2,1,3,4,25,0.0,33,High Risk
Tashin Tuhin,1st Year - Sem 2,20,8,20,32,55,4.0,115,Safe
Ahad Ali,3rd Year - Sem 2,20,10,15,34,47,4.0,106,Safe
Rakib Hasan,2nd Year - Sem 2,22,10,19,30,58,4.0,117,Safe
Tashin Tuhin,1st Year - Sem 1,14,8,14,24,36,3.0,82,Safe
Tashin Tuhin,3rd Year - Sem 2,21,10,19,37,49,4.0,115,Safe
Nadia Islam,2nd Year - Sem 2,0,3,8,19,15,0.0,45,High Risk
Rakib Hasan,3rd Year - Sem 2,1,3,6,5,17,0.0,31,High Risk
Nadia Islam,4th Year - Sem 2,22,9,18,40,53,4.0,120,Safe
Karim Uddin,3rd Year - Sem 2,12,1,4,8,30,0.0,43,High Risk
Shibay Yadav,1st Year - Sem 2,16,8,11,30,31,3.0,80,Safe
Nadia Islam,2nd Year - Sem 2,21,9,19,32,47,4.0,107,Safe
Ahad Ali,4th Year - Sem 2,17,6,10,25,33,2.75,74,Medium Risk
Ahad Ali,3rd Year - Sem 2,13,8,11,22,45,3.25,86,Safe
Tashin Tuhin,4th Year - Sem 1,22,9,19,32,55,4.0,115,Safe
Karim Uddin,4th Year - Sem 1,24,9,17,40,49,4.0,115,Safe
Nadia Islam,3rd Year - Sem 1,16,5,14,24,35,3.0,78,Safe
Shibay Yadav,4th Year - Sem 2,1,5,0,20,6,0.0,31,High Risk
Nadia Islam,1st Year - Sem 1,13,8,10,22,34,2.75,74,Medium Risk
Nadia Islam,3rd Year - Sem 2,12,6,12,21,45,3.0,84,Safe
Shibay Yadav,1st Year - Sem 1,0,0,3,20,27,0.0,50,High Risk
Tashin Tuhin,3rd Year - Sem 1,22,8,16,35,45,4.0,104,Safe
Nadia Islam,2nd Year - Sem 2,24,9,20,33,46,4.0,108,Safe
Ahad Ali,3rd Year - Sem 2,20,5,15,30,40,3.25,90,Safe
Rakib Hasan,4th Year - Sem 1,17,8,10,25,38,3.0,81,Safe
Shibay Yadav,2nd Year - Sem 1,12,5,13,26,39,3.0,83,Safe
Ahad Ali,3rd Year - Sem 2,14,8,15,21,33,2.75,77,Medium Risk
Karim Uddin,4th Year - Sem 2,11,3,3,20,11,0.0,37,High Risk
Nadia Islam,3rd Year - Sem 2,9,3,9,4,19,0.0,35,High Risk
Tashin Tuhin,3rd Year - Sem 1,21,8,16,36,59,4.0,119,Safe
Karim Uddin,2nd Year - Sem 2,23,10,15,30,59,4.0,114,Safe
Ahad Ali,4th Year - Sem 2,18,7,10,25,35,2.75,77,Medium Risk
Nadia Islam,1st Year - Sem 1,16,6,14,30,40,3.25,90,Safe
Ahad Ali,1st Year - Sem 1,17,5,11,29,35,3.0,80,Safe
Ahad Ali,2nd Year - Sem 2,5,1,4,19,20,0.0,44,High Risk
Nadia Islam,1st Year - Sem 2,16,5,10,28,34,2.75,77,Medium Risk
Rakib Hasan,3rd Year - Sem 2,8,2,6,8,14,0.0,30,High Risk
Tashin Tuhin,1st Year - Sem 1,5,1,5,8,14,0.0,28,High Risk
Karim Uddin,3rd Year - Sem 1,23,8,18,34,47,4.0,107,Safe
Rakib Hasan,4th Year - Sem 1,22,8,16,37,54,4.0,115,Safe
Nadia Islam,4th Year - Sem 2,16,5,12,27,45,3.25,89,Safe
Rakib Hasan,1st Year - Sem 1,21,9,20,33,55,4.0,117,Safe
Shibay Yadav,2nd Year - Sem 2,20,8,19,38,53,4.0,118,Safe
Karim Uddin,4th Year - Sem 2,20,8,17,30,48,3.75,103,Safe
Nadia Islam,2nd Year - Sem 1,21,10,17,34,49,4.0,110,Safe
Nadia Islam,1st Year - Sem 1,24,9,19,39,51,4.0,118,Safe
Rakib Hasan,3rd Year - Sem 2,6,0,8,15,21,0.0,44,High Risk
Nadia Islam,3rd Year - Sem 1,11,2,3,12,12,0.0,29,High Risk
Karim Uddin,1st Year - Sem 2,19,6,12,28,37,3.0,83,Safe
Ahad Ali,4th Year - Sem 1,21,9,16,37,46,4.0,108,Safe
Tashin Tuhin,2nd Year - Sem 1,19,8,12,30,31,3.0,81,Safe
Shibay Yadav,3rd Year - Sem 1,22,10,20,36,57,4.0,123,Safe
Nadia Islam,2nd Year - Sem 1,24,10,17,30,54,4.0,111,Safe
Karim Uddin,4th Year - Sem 2,20,9,19,30,45,3.75,103,Safe
Karim Uddin,3rd Year - Sem 1,22,9,18,36,59,4.0,122,Safe
Ahad Ali,2nd Year - Sem 1,13,5,12,23,45,3.25,85,Safe
Ahad Ali,4th Year - Sem 1,15,7,15,24,31,2.75,77,Medium Risk
Rakib Hasan,1st Year - Sem 2,19,5,14,29,33,3.0,81,Safe
Ahad Ali,4th Year - Sem 2,20,10,19,33,50,4.0,112,Safe
Tashin Tuhin,1st Year - Sem 1,11,5,8,9,21,0.0,43,High Risk
Tashin Tuhin,1st Year - Sem 2,23,10,15,36,46,4.0,107,Safe
Shibay Yadav,4th Year - Sem 1,14,6,13,28,42,3.25,89,Safe
Shibay Yadav,1st Year - Sem 2,19,5,13,30,45,3.5,93,Safe
Rakib Hasan,1st Year - Sem 2,11,1,3,9,3,0.0,16,High Risk
Ahad Ali,4th Year - Sem 1,17,6,13,21,44,3.0,84,Safe
Rakib Hasan,4th Year - Sem 2,21,9,19,32,55,4.0,115,Safe
Karim Uddin,4th Year - Sem 1,12,8,10,24,38,3.0,80,Safe
Tashin Tuhin,1st Year - Sem 1,6,0,3,2,1,0.0,6,High Risk
Nadia Islam,2nd Year - Sem 2,24,9,16,32,53,4.0,110,Safe
Shibay Yadav,3rd Year - Sem 2,13,7,12,29,30,3.0,78,Safe
Rakib Hasan,3rd Year - Sem 2,15,7,13,27,35,3.0,82,Safe
Shibay Yadav,1st Year - Sem 1,13,5,14,30,35,3.0,84,Safe
Shibay Yadav,2nd Year - Sem 1,17,6,13,22,34,2.75,75,Medium Risk
Tashin Tuhin,1st Year - Sem 2,15,8,12,21,35,2.75,76,Medium Risk
Ahad Ali,2nd Year - Sem 2,22,9,17,34,54,4.0,114,Safe
Karim Uddin,1st Year - Sem 2,23,9,19,35,49,4.0,112,Safe
Rakib Hasan,2nd Year - Sem 2,15,7,12,24,38,3.0,81,Safe
Rakib Hasan,1st Year - Sem 1,13,7,12,21,44,3.0,84,Safe
Tashin Tuhin,3rd Year - Sem 2,20,6,14,30,40,3.25,90,Safe
Rakib Hasan,3rd Year - Sem 1,20,9,17,34,59,4.0,119,Safe
Shibay Yadav,2nd Year - Sem 2,7,1,9,13,10,0.0,33,High Risk
Ahad Ali,2nd Year - Sem 2,23,8,15,36,48,4.0,107,Safe
Shibay Yadav,3rd Year - Sem 2,12,5,10,30,39,3.0,84,Safe
Rakib Hasan,1st Year - Sem 2,5,1,1,9,6,0.0,17,High Risk
Ahad Ali,1st Year - Sem 2,23,9,20,33,54,4.0,116,Safe
Nadia Islam,3rd Year - Sem 2,15,6,12,25,35,3.0,78,Safe
Karim Uddin,4th Year - Sem 1,8,0,10,6,11,0.0,27,High Risk
Rakib Hasan,1st Year - Sem 1,19,8,10,29,33,3.0,80,Safe
Nadia Islam,1st Year - Sem 1,9,2,2,16,5,0.0,25,High Risk
Shibay Yadav,4th Year - Sem 1,15,6,11,21,43,3.0,81,Safe
Rakib Hasan,4th Year - Sem 1,18,5,14,26,41,3.25,86,Safe
Karim Uddin,2nd Year - Sem 1,1,4,2,1,3,0.0,10,High Risk
Shibay Yadav,4th Year - Sem 2,23,8,16,37,58,4.0,119,Safe
Ahad Ali,2nd Year - Sem 1,22,9,19,33,50,4.0,111,Safe
Karim Uddin,3rd Year - Sem 1,22,8,17,32,45,3.75,102,Safe
Shibay Yadav,2nd Year - Sem 1,20,10,17,39,51,4.0,117,Safe
Shibay Yadav,3rd Year - Sem 2,22,10,20,30,50,4.0,110,Safe
Tashin Tuhin,2nd Year - Sem 1,2,3,1,7,29,0.0,40,High Risk
Ahad Ali,2nd Year - Sem 1,21,10,18,35,45,4.0,108,Safe
Ahad Ali,1st Year - Sem 1,22,10,16,34,51,4.0,111,Safe
Shibay Yadav,2nd Year - Sem 1,23,8,17,38,50,4.0,113,Safe
Shibay Yadav,2nd Year - Sem 2,23,9,19,33,45,4.0,106,Safe
Rakib Hasan,4th Year - Sem 2,22,10,16,33,53,4.0,112,Safe
Shibay Yadav,4th Year - Sem 2,10,0,2,11,28,0.0,41,High Risk
Shibay Yadav,1st Year - Sem 1,5,4,9,20,11,0.0,44,High Risk
Rakib Hasan,1st Year - Sem 2,6,1,7,11,30,0.0,49,High Risk
Rakib Hasan,4th Year - Sem 2,12,1,6,1,8,0.0,16,High Risk
Shibay Yadav,2nd Year - Sem 2,19,5,13,26,43,3.25,87,Safe
Karim Uddin,1st Year - Sem 1,12,6,13,26,34,3.0,79,Safe
Nadia Islam,1st Year - Sem 2,21,10,18,31,55,4.0,114,Safe
Karim Uddin,3rd Year - Sem 1,12,0,4,4,13,0.0,21,High Risk
Rakib Hasan,4th Year - Sem 1,21,8,17,32,59,4.0,116,Safe
Rakib Hasan,2nd Year - Sem 2,21,9,19,30,51,4.0,109,Safe
Nadia Islam,1st Year - Sem 1,6,5,1,8,3,0.0,17,High Risk
Shibay Yadav,1st Year - Sem 2,19,8,11,29,35,3.0,83,Safe
Shibay Yadav,3rd Year - Sem 2,20,9,19,39,60,4.0,127,Safe
Nadia Islam,4th Year - Sem 2,16,7,15,21,35,3.0,78,Safe
Nadia Islam,3rd Year - Sem 2,21,9,16,37,52,4.0,114,Safe
Shibay Yadav,2nd Year - Sem 1,11,0,7,17,1,0.0,25,High Risk
Shibay Yadav,1st Year - Sem 2,21,9,20,34,59,4.0,122,Safe
Rakib Hasan,2nd Year - Sem 2,19,7,13,26,38,3.0,84,Safe
Nadia Islam,3rd Year - Sem 2,18,6,14,23,30,2.75,73,Medium Risk
Karim Uddin,1st Year - Sem 2,3,0,3,20,16,0.0,39,High Risk
Ahad Ali,1st Year - Sem 2,20,8,16,39,59,4.0,122,Safe
Shibay Yadav,1st Year - Sem 1,18,6,12,25,43,3.25,86,Safe
Rakib Hasan,2nd Year - Sem 1,20,8,19,36,57,4.0,120,Safe
Shibay Yadav,2nd Year - Sem 2,3,2,6,5,7,0.0,20,High Risk
Tashin Tuhin,1st Year - Sem 1,12,1,8,8,22,0.0,39,High Risk
Rakib Hasan,3rd Year - Sem 1,5,5,4,5,9,0.0,23,High Risk
Karim Uddin,2nd Year - Sem 2,22,9,19,35,56,4.0,119,Safe
Karim Uddin,1st Year - Sem 1,20,9,16,39,49,4.0,113,Safe
Nadia Islam,1st Year - Sem 2,23,9,16,36,54,4.0,115,Safe
Tashin Tuhin,2nd Year - Sem 2,23,8,19,33,46,4.0,106,Safe
Ahad Ali,4th Year - Sem 1,20,8,16,31,45,3.75,100,Safe
Ahad Ali,4th Year - Sem 2,12,6,11,26,42,3.25,85,Safe
Karim Uddin,2nd Year - Sem 2,23,9,20,39,49,4.0,117,Safe
Nadia Islam,1st Year - Sem 2,13,7,15,28,32,3.0,82,Safe
Rakib Hasan,1st Year - Sem 1,24,8,17,31,54,4.0,110,Safe
Rakib Hasan,1st Year - Sem 1,20,5,13,29,39,3.25,86,Safe
Rakib Hasan,4th Year - Sem 1,24,8,19,32,45,4.0,104,Safe
Tashin Tuhin,1st Year - Sem 1,12,5,12,28,45,3.25,90,Safe
Ahad Ali,1st Year - Sem 2,10,0,8,14,2,0.0,24,High Risk
Karim Uddin,4th Year - Sem 2,19,6,15,26,36,3.0,83,Safe
Rakib Hasan,4th Year - Sem 1,0,1,9,17,0,0.0,27,High Risk
Shibay Yadav,4th Year - Sem 1,4,3,10,19,8,0.0,40,High Risk
Karim Uddin,3rd Year - Sem 2,16,5,12,23,42,3.0,82,Safe
Rakib Hasan,4th Year - Sem 2,20,9,18,35,48,4.0,110,Safe
Karim Uddin,3rd Year - Sem 1,24,9,15,39,56,4.0,119,Safe
Shibay Yadav,3rd Year - Sem 2,15,7,10,30,39,3.25,86,Safe
Rakib Hasan,1st Year - Sem 1,18,6,15,29,44,3.5,94,Safe
Tashin Tuhin,1st Year - Sem 1,15,8,15,20,45,3.25,88,Safe
Karim Uddin,3rd Year - Sem 1,5,5,2,2,6,0.0,15,High Risk
Nadia Islam,1st Year - Sem 2,11,1,7,5,18,0.0,31,High Risk
Tashin Tuhin,3rd Year - Sem 1,13,8,14,23,36,3.0,81,Safe
Nadia Islam,3rd Year - Sem 2,23,9,20,34,52,4.0,115,Safe
Shibay Yadav,4th Year - Sem 2,24,9,20,37,58,4.0,124,Safe
Tashin Tuhin,3rd Year - Sem 2,16,8,14,21,30,2.75,73,Medium Risk
Tashin Tuhin,2nd Year - Sem 1,0,4,6,5,21,0.0,36,High Risk
Rakib Hasan,3rd Year - Sem 1,24,9,16,36,51,4.0,112,Safe
Karim Uddin,4th Year - Sem 1,13,6,12,30,37,3.25,85,Safe
Rakib Hasan,2nd Year - Sem 2,20,8,19,31,46,4.0,104,Safe
Ahad Ali,2nd Year - Sem 2,21,8,18,38,45,4.0,109,Safe
Ahad Ali,3rd Year - Sem 1,21,10,19,35,57,4.0,121,Safe
Shibay Yadav,4th Year - Sem 2,11,5,6,13,23,0.0,47,High Risk
Rakib Hasan,4th Year - Sem 1,23,9,16,39,45,4.0,109,Safe
Nadia Islam,4th Year - Sem 1,24,10,15,32,52,4.0,109,Safe
Ahad Ali,1st Year - Sem 1,3,3,6,10,4,0.0,23,High Risk
Ahad Ali,3rd Year - Sem 2,24,8,19,40,46,4.0,113,Safe
Shibay Yadav,3rd Year - Sem 1,20,9,19,38,57,4.0,123,Safe
Shibay Yadav,4th Year - Sem 1,20,5,15,21,34,2.75,75,Medium Risk
Ahad Ali,2nd Year - Sem 2,20,10,19,40,47,4.0,116,Safe
Tashin Tuhin,1st Year - Sem 1,12,5,14,28,37,3.0,84,Safe
Shibay Yadav,1st Year - Sem 2,16,6,12,23,39,3.0,80,Safe
Nadia Islam,4th Year - Sem 2,16,8,15,20,34,2.75,77,Medium Risk
Karim Uddin,2nd Year - Sem 2,24,9,15,33,47,4.0,104,Safe
Nadia Islam,4th Year - Sem 1,22,8,16,37,46,4.0,107,Safe
Tashin Tuhin,1st Year - Sem 1,13,8,13,29,36,3.25,86,Safe
Nadia Islam,4th Year - Sem 1,20,8,19,35,53,4.0,115,Safe
Ahad Ali,3rd Year - Sem 1,21,8,20,39,46,4.0,113,Safe
Rakib Hasan,2nd Year - Sem 2,18,7,13,26,35,3.0,81,Safe
Tashin Tuhin,3rd Year - Sem 1,14,6,10,26,31,2.75,73,Medium Risk
Karim Uddin,3rd Year - Sem 1,21,10,18,33,59,4.0,120,Safe
Nadia Islam,3rd Year - Sem 2,21,9,17,39,55,4.0,120,Safe
Karim Uddin,4th Year - Sem 2,24,9,16,32,49,4.0,106,Safe
Ahad Ali,1st Year - Sem 1,19,6,13,21,30,2.5,70,Medium Risk
Tashin Tuhin,3rd Year - Sem 2,6,0,3,6,16,0.0,25,High Risk
Nadia Islam,4th Year - Sem 2,12,8,14,22,37,3.0,81,Safe
Nadia Islam,4th Year - Sem 2,18,6,13,21,40,3.0,80,Safe
Nadia Islam,2nd Year - Sem 2,15,6,13,25,38,3.0,82,Safe
Nadia Islam,2nd Year - Sem 1,13,8,11,27,33,3.0,79,Safe
Shibay Yadav,4th Year - Sem 2,1,3,2,12,20,0.0,37,High Risk
Ahad Ali,3rd Year - Sem 2,24,8,15,32,59,4.0,114,Safe
Rakib Hasan,4th Year - Sem 2,12,5,11,26,34,2.75,76,Medium Risk
Ahad Ali,4th Year - Sem 2,13,8,12,20,41,3.0,81,Safe
Shibay Yadav,2nd Year - Sem 1,7,4,4,3,7,0.0,18,High Risk
Tashin Tuhin,3rd Year - Sem 2,23,8,15,33,49,4.0,105,Safe
Rakib Hasan,4th Year - Sem 1,22,9,18,38,56,4.0,121,Safe
Ahad Ali,2nd Year - Sem 1,12,8,13,22,31,2.75,74,Medium Risk
Nadia Islam,4th Year - Sem 1,17,6,13,27,45,3.5,91,Safe
Tashin Tuhin,3rd Year - Sem 2,21,9,16,40,54,4.0,119,Safe
Nadia Islam,3rd Year - Sem 2,21,10,16,37,58,4.0,121,Safe
Karim Uddin,4th Year - Sem 1,21,8,18,33,48,4.0,107,Safe
Ahad Ali,3rd Year - Sem 1,23,10,19,39,50,4.0,118,Safe
Karim Uddin,4th Year - Sem 2,23,8,15,39,53,4.0,115,Safe
Karim Uddin,2nd Year - Sem 2,21,10,15,35,53,4.0,113,Safe
Tashin Tuhin,2nd Year - Sem 2,13,6,12,28,39,3.25,85,Safe
Karim Uddin,1st Year - Sem 2,23,9,18,40,48,4.0,115,Safe
Nadia Islam,1st Year - Sem 2,16,8,11,23,38,3.0,80,Safe
Nadia Islam,2nd Year - Sem 2,13,6,15,22,38,3.0,81,Safe
Rakib Hasan,4th Year - Sem 2,21,8,17,31,54,4.0,110,Safe
Nadia Islam,1st Year - Sem 1,22,8,15,30,52,4.0,105,Safe
Ahad Ali,4th Year - Sem 2,13,8,11,27,33,3.0,79,Safe
Ahad Ali,1st Year - Sem 1,16,5,13,21,41,3.0,80,Safe
Rakib Hasan,2nd Year - Sem 2,16,5,10,26,39,3.0,80,Safe
Shibay Yadav,1st Year - Sem 1,24,9,17,35,50,4.0,111,Safe
Ahad Ali,3rd Year - Sem 1,15,5,13,22,32,2.75,72,Medium Risk
Karim Uddin,1st Year - Sem 1,20,8,17,31,53,4.0,109,Safe
Ahad Ali,1st Year - Sem 1,20,9,20,35,45,4.0,109,Safe
Nadia Islam,4th Year - Sem 1,23,10,15,40,45,4.0,110,Safe
Tashin Tuhin,1st Year - Sem 2,23,10,17,39,60,4.0,126,Safe
Ahad Ali,4th Year - Sem 2,16,6,11,23,35,2.75,75,Medium Risk
Shibay Yadav,2nd Year - Sem 1,14,6,10,30,33,3.0,79,Safe
Karim Uddin,2nd Year - Sem 2,7,0,6,7,9,0.0,22,High Risk
Rakib Hasan,2nd Year - Sem 2,23,10,20,35,51,4.0,116,Safe
Shibay Yadav,4th Year - Sem 2,23,8,18,30,50,4.0,106,Safe
Nadia Islam,3rd Year - Sem 1,22,9,20,32,52,4.0,113,Safe
Nadia Islam,1st Year - Sem 2,7,5,8,11,25,0.0,49,High Risk
Karim Uddin,2nd Year - Sem 1,18,5,14,29,40,3.25,88,Safe
Tashin Tuhin,1st Year - Sem 1,24,10,15,32,52,4.0,109,Safe
Rakib Hasan,4th Year - Sem 2,20,9,20,30,60,4.0,119,Safe
Nadia Islam,2nd Year - Sem 2,15,6,15,26,38,3.25,85,Safe
Tashin Tuhin,3rd Year - Sem 2,23,9,20,31,50,4.0,110,Safe
Ahad Ali,4th Year - Sem 1,22,8,19,34,57,4.0,118,Safe
Ahad Ali,4th Year - Sem 1,22,10,20,40,47,4.0,117,Safe
Ahad Ali,3rd Year - Sem 1,8,3,5,13,21,0.0,42,High Risk
Karim Uddin,1st Year - Sem 1,1,1,6,19,27,2.0,53,High Risk
Rakib Hasan,3rd Year - Sem 2,24,10,18,33,54,4.0,115,Safe
Karim Uddin,1st Year - Sem 1,21,10,17,40,47,4.0,114,Safe
Shibay Yadav,4th Year - Sem 1,24,9,15,31,53,4.0,108,Safe
Rakib Hasan,2nd Year - Sem 2,22,9,19,38,47,4.0,113,Safe
Karim Uddin,2nd Year - Sem 1,16,6,12,28,31,2.75,77,Medium Risk
Shibay Yadav,4th Year - Sem 1,2,2,4,11,21,0.0,38,High Risk
Nadia Islam,3rd Year - Sem 2,22,9,17,31,57,4.0,114,Safe
Nadia Islam,3rd Year - Sem 1,20,5,13,24,39,3.0,81,Safe
Karim Uddin,1st Year - Sem 2,2,2,3,4,29,0.0,38,High Risk
Shibay Yadav,1st Year - Sem 1,22,9,16,34,46,4.0,105,Safe
Ahad Ali,4th Year - Sem 1,15,6,12,28,38,3.0,84,Safe
Ahad Ali,4th Year - Sem 2,24,9,18,38,59,4.0,124,Safe
Shibay Yadav,2nd Year - Sem 1,12,0,5,0,9,0.0,14,High Risk
Ahad Ali,4th Year - Sem 1,9,0,0,15,1,0.0,16,High Risk
Shibay Yadav,3rd Year - Sem 2,12,6,10,27,35,3.0,78,Safe
Tashin Tuhin,4th Year - Sem 1,20,9,18,30,46,3.75,103,Safe
Ahad Ali,1st Year - Sem 1,12,6,14,27,31,3.0,78,Safe
Shibay Yadav,3rd Year - Sem 2,11,0,7,0,21,0.0,28,High Risk
Ahad Ali,2nd Year - Sem 1,22,10,15,30,50,4.0,105,Safe
Ahad Ali,4th Year - Sem 1,24,8,15,33,45,3.75,101,Safe
Nadia Islam,4th Year - Sem 2,23,10,16,38,45,4.0,109,Safe
Karim Uddin,2nd Year - Sem 2,22,8,17,31,57,4.0,113,Safe
Karim Uddin,2nd Year - Sem 1,23,9,15,33,58,4.0,115,Safe
Karim Uddin,2nd Year - Sem 2,23,10,17,40,47,4.0,114,Safe
Ahad Ali,3rd Year - Sem 1,16,8,12,25,33,3.0,78,Safe
Shibay Yadav,4th Year - Sem 1,23,10,18,37,59,4.0,124,Safe
Rakib Hasan,1st Year - Sem 2,12,8,11,26,35,3.0,80,Safe
Rakib Hasan,1st Year - Sem 1,13,5,15,21,44,3.25,85,Safe
Rakib Hasan,3rd Year - Sem 1,20,8,17,33,56,4.0,114,Safe
Nadia Islam,3rd Year - Sem 2,24,10,20,31,52,4.0,113,Safe
Tashin Tuhin,1st Year - Sem 1,3,1,1,0,20,0.0,22,High Risk
Shibay Yadav,4th Year - Sem 1,12,8,13,26,30,2.75,77,Medium Risk
Karim Uddin,4th Year - Sem 1,5,2,9,6,7,0.0,24,High Risk
Tashin Tuhin,4th Year - Sem 2,21,9,18,40,52,4.0,119,Safe
Nadia Islam,4th Year - Sem 1,9,4,1,7,15,0.0,27,High Risk
Nadia Islam,1st Year - Sem 1,3,2,10,20,2,0.0,34,High Risk
Tashin Tuhin,4th Year - Sem 1,15,8,11,25,41,3.25,85,Safe
Ahad Ali,2nd Year - Sem 1,0,1,3,8,29,0.0,41,High Risk
Rakib Hasan,2nd Year - Sem 2,21,8,18,34,59,4.0,119,Safe
Nadia Islam,3rd Year - Sem 1,4,2,7,3,5,0.0,17,High Risk
Karim Uddin,4th Year - Sem 1,24,8,20,30,58,4.0,116,Safe
Shibay Yadav,4th Year - Sem 2,6,0,3,15,23,0.0,41,High Risk
Rakib Hasan,3rd Year - Sem 1,24,8,19,39,59,4.0,125,Safe
Ahad Ali,3rd Year - Sem 2,17,8,15,29,34,3.25,86,Safe
Karim Uddin,2nd Year - Sem 2,20,8,19,31,51,4.0,109,Safe
Ahad Ali,1st Year - Sem 1,22,8,19,40,45,4.0,112,Safe
Rakib Hasan,2nd Year - Sem 2,20,8,17,32,55,4.0,112,Safe
Shibay Yadav,2nd Year - Sem 2,1,3,6,20,17,0.0,46,High Risk
Nadia Islam,4th Year - Sem 1,7,4,4,1,16,0.0,25,High Risk
Tashin Tuhin,3rd Year - Sem 2,18,5,11,24,37,2.75,77,Medium Risk
Tashin Tuhin,4th Year - Sem 2,13,7,12,26,35,3.0,80,Safe
Nadia Islam,4th Year - Sem 1,11,0,4,14,6,0.0,24,High Risk
Tashin Tuhin,2nd Year - Sem 1,20,7,11,20,44,3.0,82,Safe
Shibay Yadav,3rd Year - Sem 1,23,10,15,40,45,4.0,110,Safe
Rakib Hasan,3rd Year - Sem 1,14,7,15,25,32,3.0,79,Safe
Nadia Islam,3rd Year - Sem 1,21,8,20,40,59,4.0,127,Safe
Tashin Tuhin,2nd Year - Sem 2,17,7,12,23,32,2.75,74,Medium Risk
Ahad Ali,1st Year - Sem 1,6,5,10,9,28,2.0,52,High Risk
Nadia Islam,1st Year - Sem 1,0,4,2,15,26,0.0,47,High Risk
Ahad Ali,1st Year - Sem 2,22,9,18,31,55,4.0,113,Safe
Karim Uddin,4th Year - Sem 1,18,6,12,25,34,2.75,77,Medium Risk
Nadia Islam,1st Year - Sem 2,4,1,9,12,28,0.0,50,High Risk
Nadia Islam,1st Year - Sem 2,7,0,1,18,12,0.0,31,High Risk
Rakib Hasan,3rd Year - Sem 1,10,0,3,13,4,0.0,20,High Risk
Tashin Tuhin,2nd Year - Sem 2,20,10,19,40,54,4.0,123,Safe
Rakib Hasan,2nd Year - Sem 2,4,3,8,17,8,0.0,36,High Risk
Shibay Yadav,1st Year - Sem 1,24,9,16,34,49,4.0,108,Safe
Tashin Tuhin,3rd Year - Sem 2,20,9,18,38,46,4.0,111,Safe
Nadia Islam,2nd Year - Sem 1,24,9,20,35,45,4.0,109,Safe
Ahad Ali,4th Year - Sem 1,24,8,15,37,49,4.0,109,Safe
Tashin Tuhin,1st Year - Sem 2,3,0,4,10,3,0.0,17,High Risk
Nadia Islam,4th Year - Sem 2,21,8,20,39,45,4.0,112,Safe
Ahad Ali,2nd Year - Sem 1,22,10,20,32,48,4.0,110,Safe
Ahad Ali,1st Year - Sem 2,8,3,9,15,16,0.0,43,High Risk
Ahad Ali,3rd Year - Sem 1,21,9,20,39,52,4.0,120,Safe
Karim Uddin,3rd Year - Sem 2,20,10,17,34,54,4.0,115,Safe
Nadia Islam,4th Year - Sem 1,14,8,13,23,44,3.25,88,Safe
Rakib Hasan,1st Year - Sem 1,11,0,8,15,2,0.0,25,High Risk
Nadia Islam,1st Year - Sem 1,15,6,11,24,45,3.25,86,Safe
Nadia Islam,4th Year - Sem 1,13,5,13,29,45,3.5,92,Safe
Shibay Yadav,4th Year - Sem 2,24,10,15,30,57,4.0,112,Safe
Nadia Islam,4th Year - Sem 2,8,1,10,8,1,0.0,20,High Risk
Nadia Islam,4th Year - Sem 1,14,8,14,25,39,3.25,86,Safe
Nadia Islam,1st Year - Sem 2,18,8,15,29,41,3.5,93,Safe
Ahad Ali,4th Year - Sem 1,18,7,10,29,36,3.0,82,Safe
Karim Uddin,1st Year - Sem 1,6,4,5,10,28,0.0,47,High Risk
Ahad Ali,2nd Year - Sem 2,18,6,10,22,42,3.0,80,Safe
Rakib Hasan,3rd Year - Sem 2,13,8,14,21,38,3.0,81,Safe
Karim Uddin,4th Year - Sem 2,12,7,14,27,33,3.0,81,Safe
Rakib Hasan,2nd Year - Sem 1,2,1,4,16,9,0.0,30,High Risk
Ahad Ali,2nd Year - Sem 1,7,2,6,4,30,0.0,42,High Risk
Tashin Tuhin,1st Year - Sem 2,7,5,3,12,20,0.0,40,High Risk
Shibay Yadav,1st Year - Sem 2,20,8,18,33,54,4.0,113,Safe
Karim Uddin,4th Year - Sem 1,18,5,15,28,41,3.25,89,Safe
Nadia Islam,1st Year - Sem 2,12,6,12,26,40,3.0,84,Safe
Ahad Ali,1st Year - Sem 1,20,8,18,32,50,4.0,108,Safe
Nadia Islam,2nd Year - Sem 1,17,6,10,26,35,2.75,77,Medium Risk
Tashin Tuhin,1st Year - Sem 1,22,8,18,40,58,4.0,124,Safe
Nadia Islam,4th Year - Sem 2,12,6,14,26,37,3.0,83,Safe
Ahad Ali,2nd Year - Sem 1,21,10,19,30,45,4.0,104,Safe
Tashin Tuhin,3rd Year - Sem 2,1,3,7,11,0,0.0,21,High Risk
Nadia Islam,3rd Year - Sem 2,1,1,9,6,0,0.0,16,High Risk
Shibay Yadav,2nd Year - Sem 1,4,2,8,15,5,0.0,30,High Risk
Rakib Hasan,3rd Year - Sem 2,21,9,19,38,47,4.0,113,Safe
Rakib Hasan,4th Year - Sem 1,23,9,20,30,59,4.0,118,Safe
Tashin Tuhin,3rd Year - Sem 2,22,9,16,32,59,4.0,116,Safe
Nadia Islam,1st Year - Sem 1,23,10,15,33,49,4.0,107,Safe
Ahad Ali,1st Year - Sem 1,22,10,18,37,47,4.0,112,Safe
Karim Uddin,1st Year - Sem 2,13,5,11,27,43,3.25,86,Safe
Ahad Ali,2nd Year - Sem 2,12,2,3,9,12,0.0,26,High Risk
Nadia Islam,1st Year - Sem 2,4,1,9,11,29,0.0,50,High Risk
Ahad Ali,4th Year - Sem 1,16,6,10,24,34,2.75,74,Medium Risk
Ahad Ali,2nd Year - Sem 1,14,5,13,23,37,3.0,78,Safe
Rakib Hasan,1st Year - Sem 2,18,7,10,30,41,3.25,88,Safe
Ahad Ali,2nd Year - Sem 1,24,9,15,34,56,4.0,114,Safe
Ahad Ali,4th Year - Sem 1,17,8,13,27,45,3.5,93,Safe
Karim Uddin,1st Year - Sem 1,14,6,13,20,40,3.0,79,Safe
Rakib Hasan,1st Year - Sem 2,23,10,18,30,53,4.0,111,Safe
Nadia Islam,4th Year - Sem 2,20,9,19,39,46,4.0,113,Safe
Karim Uddin,2nd Year - Sem 1,21,10,18,32,60,4.0,120,Safe
Ahad Ali,2nd Year - Sem 2,15,6,12,22,31,2.5,71,Medium Risk
Ahad Ali,1st Year - Sem 2,21,9,18,33,57,4.0,117,Safe
Tashin Tuhin,3rd Year - Sem 1,18,8,15,27,39,3.25,89,Safe
Karim Uddin,2nd Year - Sem 2,23,8,17,30,58,4.0,113,Safe
Ahad Ali,4th Year - Sem 1,8,4,1,8,7,0.0,20,High Risk
Ahad Ali,1st Year - Sem 1,13,7,15,29,35,3.25,86,Safe
Nadia Islam,1st Year - Sem 2,18,6,12,28,40,3.25,86,Safe
Nadia Islam,1st Year - Sem 1,18,8,14,26,45,3.5,93,Safe
Karim Uddin,2nd Year - Sem 2,22,9,16,30,46,3.75,101,Safe
Nadia Islam,3rd Year - Sem 1,0,3,6,0,10,0.0,19,High Risk
Ahad Ali,2nd Year - Sem 2,7,4,0,1,14,0.0,19,High Risk
Tashin Tuhin,3rd Year - Sem 1,20,8,17,31,47,3.75,103,Safe
Ahad Ali,3rd Year - Sem 2,16,7,13,22,42,3.0,84,Safe
Nadia Islam,4th Year - Sem 2,21,8,17,34,51,4.0,110,Safe
Shibay Yadav,1st Year - Sem 1,4,3,9,8,14,0.0,34,High Risk
Tashin Tuhin,3rd Year - Sem 1,21,9,19,40,49,4.0,117,Safe
Shibay Yadav,4th Year - Sem 1,22,10,15,32,47,4.0,104,Safe
Shibay Yadav,1st Year - Sem 1,21,10,19,37,51,4.0,117,Safe
Rakib Hasan,4th Year - Sem 2,11,5,4,12,14,0.0,35,High Risk
Rakib Hasan,3rd Year - Sem 2,22,10,20,32,49,4.0,111,Safe
Ahad Ali,1st Year - Sem 2,23,9,19,34,54,4.0,116,Safe
Shibay Yadav,2nd Year - Sem 1,7,4,3,18,1,0.0,26,High Risk
Ahad Ali,1st Year - Sem 1,22,8,18,37,53,4.0,116,Safe
Ahad Ali,2nd Year - Sem 1,16,6,14,20,41,3.0,81,Safe
Karim Uddin,3rd Year - Sem 2,9,3,1,20,13,0.0,37,High Risk
Nadia Islam,3rd Year - Sem 2,11,4,6,15,15,0.0,40,High Risk
Nadia Islam,1st Year - Sem 1,19,5,15,30,36,3.25,86,Safe
Ahad Ali,3rd Year - Sem 2,19,7,11,25,41,3.0,84,Safe
Ahad Ali,3rd Year - Sem 2,20,9,17,38,48,4.0,112,Safe
Nadia Islam,4th Year - Sem 2,14,8,11,29,30,3.0,78,Safe
Tashin Tuhin,4th Year - Sem 1,13,8,11,21,45,3.25,85,Safe
Nadia Islam,3rd Year - Sem 2,23,8,17,34,54,4.0,113,Safe
Ahad Ali,4th Year - Sem 2,15,5,10,27,45,3.25,87,Safe
Shibay Yadav,3rd Year - Sem 2,7,5,2,17,20,0.0,44,High Risk
Karim Uddin,2nd Year - Sem 1,20,10,16,33,57,4.0,116,Safe
Ahad Ali,3rd Year - Sem 1,0,5,8,1,13,0.0,27,High Risk
Ahad Ali,1st Year - Sem 1,24,9,20,40,47,4.0,116,Safe
Shibay Yadav,4th Year - Sem 1,18,7,15,23,42,3.25,87,Safe
Nadia Islam,1st Year - Sem 1,18,5,13,29,35,3.0,82,Safe
Tashin Tuhin,1st Year - Sem 2,13,8,12,28,45,3.5,93,Safe
Tashin Tuhin,4th Year - Sem 1,20,8,19,34,47,4.0,108,Safe
Rakib Hasan,2nd Year - Sem 1,15,8,14,23,44,3.25,89,Safe
Tashin Tuhin,4th Year - Sem 1,16,7,11,24,41,3.0,83,Safe
Rakib Hasan,3rd Year - Sem 2,20,10,19,30,54,4.0,113,Safe
Tashin Tuhin,1st Year - Sem 2,20,5,13,26,40,3.0,84,Safe
Rakib Hasan,1st Year - Sem 1,23,9,19,36,57,4.0,121,Safe
Ahad Ali,2nd Year - Sem 1,20,8,18,33,50,4.0,109,Safe
Nadia Islam,1st Year - Sem 2,13,5,15,28,41,3.25,89,Safe
Nadia Islam,4th Year - Sem 2,1,1,7,11,0,0.0,19,High Risk
Karim Uddin,2nd Year - Sem 2,16,7,14,29,36,3.25,86,Safe
Rakib Hasan,1st Year - Sem 2,5,1,9,14,30,2.0,54,High Risk
Shibay Yadav,2nd Year - Sem 2,13,6,11,20,43,3.0,80,Safe
Shibay Yadav,1st Year - Sem 1,8,4,6,10,4,0.0,24,High Risk
Nadia Islam,3rd Year - Sem 1,21,9,19,33,54,4.0,115,Safe
Rakib Hasan,4th Year - Sem 2,18,5,11,21,38,2.75,75,Medium Risk
Karim Uddin,2nd Year - Sem 2,11,3,6,16,26,0.0,51,High Risk
Karim Uddin,1st Year - Sem 2,21,9,20,37,51,4.0,117,Safe
Rakib Hasan,1st Year - Sem 2,17,7,14,29,42,3.5,92,Safe
Nadia Islam,3rd Year - Sem 2,1,4,3,14,11,0.0,32,High Risk
Nadia Islam,1st Year - Sem 1,3,2,7,10,23,0.0,42,High Risk
Ahad Ali,4th Year - Sem 2,20,8,15,32,59,4.0,114,Safe
Shibay Yadav,3rd Year - Sem 2,11,1,2,15,5,0.0,23,High Risk
Ahad Ali,4th Year - Sem 1,20,6,11,28,42,3.25,87,Safe
Nadia Islam,2nd Year - Sem 1,22,9,16,35,46,4.0,106,Safe
Rakib Hasan,1st Year - Sem 2,21,10,16,37,46,4.0,109,Safe
Tashin Tuhin,4th Year - Sem 1,23,8,17,30,55,4.0,110,Safe
Nadia Islam,4th Year - Sem 2,15,8,13,27,45,3.5,93,Safe
Rakib Hasan,2nd Year - Sem 1,19,6,11,24,44,3.25,85,Safe
Karim Uddin,4th Year - Sem 2,20,9,19,31,58,4.0,117,Safe
Rakib Hasan,2nd Year - Sem 1,8,2,10,12,11,0.0,35,High Risk
Tashin Tuhin,3rd Year - Sem 2,21,9,19,31,46,4.0,105,Safe
Ahad Ali,2nd Year - Sem 2,22,8,20,32,49,4.0,109,Safe
Rakib Hasan,4th Year - Sem 2,20,8,17,32,59,4.0,116,Safe
Nadia Islam,1st Year - Sem 1,21,8,19,31,56,4.0,114,Safe
Nadia Islam,3rd Year - Sem 1,23,10,19,39,50,4.0,118,Safe
Shibay Yadav,3rd Year - Sem 1,8,3,5,2,6,0.0,16,High Risk
Rakib Hasan,1st Year - Sem 2,22,10,16,32,56,4.0,114,Safe
Shibay Yadav,1st Year - Sem 2,24,10,20,33,47,4.0,110,Safe
Nadia Islam,1st Year - Sem 2,12,6,13,21,45,3.25,85,Safe
Nadia Islam,1st Year - Sem 1,22,9,19,35,58,4.0,121,Safe
Tashin Tuhin,4th Year - Sem 2,1,2,5,0,26,0.0,33,High Risk
Ahad Ali,4th Year - Sem 2,3,3,9,6,17,0.0,35,High Risk
Shibay Yadav,3rd Year - Sem 2,9,1,2,1,9,0.0,13,High Risk
Rakib Hasan,2nd Year - Sem 2,18,5,11,28,44,3.25,88,Safe
Shibay Yadav,3rd Year - Sem 1,19,6,10,22,40,3.0,78,Safe
Nadia Islam,3rd Year - Sem 1,14,8,15,21,41,3.25,85,Safe
Rakib Hasan,1st Year - Sem 1,7,2,6,0,7,0.0,15,High Risk
Rakib Hasan,2nd Year - Sem 2,15,7,10,29,35,3.0,81,Safe
Rakib Hasan,4th Year - Sem 1,1,1,5,10,3,0.0,19,High Risk
Shibay Yadav,2nd Year - Sem 2,23,8,15,37,54,4.0,114,Safe
Rakib Hasan,3rd Year - Sem 2,15,6,10,28,45,3.25,89,Safe
Ahad Ali,4th Year - Sem 2,16,5,15,30,39,3.25,89,Safe
Rakib Hasan,1st Year - Sem 2,20,5,11,23,36,2.75,75,Medium Risk
Rakib Hasan,4th Year - Sem 1,7,4,9,20,29,2.25,62,High Risk
Nadia Islam,3rd Year - Sem 2,22,9,19,30,60,4.0,118,Safe
Rakib Hasan,4th Year - Sem 2,19,8,12,21,39,3.0,80,Safe
Ahad Ali,3rd Year - Sem 2,22,8,18,40,56,4.0,122,Safe
Shibay Yadav,3rd Year - Sem 1,22,8,17,30,47,3.75,102,Safe
Shibay Yadav,4th Year - Sem 2,22,10,20,38,48,4.0,116,Safe
Ahad Ali,3rd Year - Sem 1,20,9,17,35,51,4.0,112,Safe
Ahad Ali,4th Year - Sem 1,24,10,19,32,48,4.0,109,Safe
Rakib Hasan,1st Year - Sem 2,24,10,15,36,54,4.0,115,Safe
Tashin Tuhin,1st Year - Sem 2,24,9,16,32,59,4.0,116,Safe
Ahad Ali,1st Year - Sem 1,16,8,13,25,33,3.0,79,Safe
Nadia Islam,4th Year - Sem 1,14,5,13,20,34,2.75,72,Medium Risk
Nadia Islam,3rd Year - Sem 2,21,10,16,40,50,4.0,116,Safe
Shibay Yadav,4th Year - Sem 2,20,8,15,37,51,4.0,111,Safe
Rakib Hasan,1st Year - Sem 2,7,2,2,7,6,0.0,17,High Risk
Nadia Islam,1st Year - Sem 2,20,8,17,38,54,4.0,117,Safe
Rakib Hasan,1st Year - Sem 2,24,9,17,36,59,4.0,121,Safe
Ahad Ali,2nd Year - Sem 1,19,6,11,27,34,3.0,78,Safe
Rakib Hasan,4th Year - Sem 2,24,9,16,37,48,4.0,110,Safe
Tashin Tuhin,1st Year - Sem 1,24,9,16,33,50,4.0,108,Safe
Karim Uddin,4th Year - Sem 2,24,8,19,34,48,4.0,109,Safe
Shibay Yadav,2nd Year - Sem 1,11,2,9,12,12,0.0,35,High Risk
Shibay Yadav,2nd Year - Sem 2,23,10,18,37,51,4.0,116,Safe
Nadia Islam,3rd Year - Sem 2,21,10,16,30,46,3.75,102,Safe
Karim Uddin,1st Year - Sem 2,21,8,19,35,45,4.0,107,Safe
Karim Uddin,4th Year - Sem 1,12,8,15,21,45,3.25,89,Safe
Tashin Tuhin,4th Year - Sem 1,18,7,14,25,42,3.25,88,Safe
Karim Uddin,2nd Year - Sem 1,1,3,3,4,8,0.0,18,High Risk
Karim Uddin,3rd Year - Sem 1,23,9,17,32,53,4.0,111,Safe
Karim Uddin,3rd Year - Sem 1,15,7,13,28,43,3.5,91,Safe
Rakib Hasan,2nd Year - Sem 1,22,8,20,37,46,4.0,111,Safe
Rakib Hasan,4th Year - Sem 2,19,7,10,29,44,3.25,90,Safe
Nadia Islam,1st Year - Sem 2,13,5,13,29,33,3.0,80,Safe
Karim Uddin,2nd Year - Sem 2,20,8,12,30,30,3.0,80,Safe
Karim Uddin,1st Year - Sem 2,16,7,15,22,30,2.75,74,Medium Risk
Nadia Islam,1st Year - Sem 2,20,9,17,40,57,4.0,123,Safe
Nadia Islam,3rd Year - Sem 2,3,2,9,6,12,0.0,29,High Risk
Rakib Hasan,4th Year - Sem 2,22,9,17,32,56,4.0,114,Safe
Karim Uddin,2nd Year - Sem 2,17,5,10,24,43,3.0,82,Safe
Shibay Yadav,4th Year - Sem 1,22,9,19,33,55,4.0,116,Safe
Rakib Hasan,2nd Year - Sem 1,15,6,14,20,30,2.5,70,Medium Risk
Tashin Tuhin,1st Year - Sem 2,24,10,19,30,50,4.0,109,Safe
Karim Uddin,3rd Year - Sem 2,24,8,19,35,58,4.0,120,Safe
Ahad Ali,4th Year - Sem 2,21,8,16,36,57,4.0,117,Safe
Rakib Hasan,3rd Year - Sem 2,14,7,13,27,30,2.75,77,Medium Risk
Tashin Tuhin,4th Year - Sem 2,14,6,14,26,36,3.0,82,Safe
Shibay Yadav,1st Year - Sem 1,12,5,14,22,43,3.0,84,Safe
Tashin Tuhin,3rd Year - Sem 1,4,2,4,1,20,0.0,27,High Risk
Tashin Tuhin,4th Year - Sem 1,21,9,20,33,45,4.0,107,Safe
Ahad Ali,3rd Year - Sem 2,5,2,7,10,30,0.0,49,High Risk
Rakib Hasan,2nd Year - Sem 1,21,9,20,32,59,4.0,120,Safe
Tashin Tuhin,4th Year - Sem 2,17,8,10,20,32,2.5,70,Medium Risk
Shibay Yadav,3rd Year - Sem 2,22,8,20,31,48,4.0,107,Safe
Karim Uddin,2nd Year - Sem 2,18,5,13,26,35,3.0,79,Safe
Tashin Tuhin,3rd Year - Sem 2,4,3,9,11,18,0.0,41,High Risk
Karim Uddin,4th Year - Sem 1,17,5,11,20,41,2.75,77,Medium Risk
Karim Uddin,3rd Year - Sem 1,20,9,16,34,54,4.0,113,Safe
Shibay Yadav,4th Year - Sem 2,19,6,12,20,39,2.75,77,Medium Risk
Tashin Tuhin,3rd Year - Sem 1,5,5,10,20,22,2.0,57,High Risk
Tashin Tuhin,3rd Year - Sem 2,20,10,17,40,55,4.0,122,Safe
Nadia Islam,1st Year - Sem 2,15,5,10,29,34,3.0,78,Safe
Nadia Islam,3rd Year - Sem 1,13,5,10,29,42,3.25,86,Safe
Nadia Islam,4th Year - Sem 1,23,9,16,30,48,3.75,103,Safe
Ahad Ali,4th Year - Sem 1,22,8,18,33,52,4.0,111,Safe
Ahad Ali,1st Year - Sem 2,10,5,6,13,23,0.0,47,High Risk
Nadia Islam,2nd Year - Sem 2,12,8,11,28,45,3.5,92,Safe
Shibay Yadav,4th Year - Sem 1,24,8,17,34,53,4.0,112,Safe
Ahad Ali,3rd Year - Sem 2,23,9,20,32,57,4.0,118,Safe
Tashin Tuhin,3rd Year - Sem 1,12,6,13,22,38,3.0,79,Safe
Shibay Yadav,1st Year - Sem 2,2,4,2,2,2,0.0,10,High Risk
Karim Uddin,4th Year - Sem 2,3,2,5,3,6,0.0,16,High Risk
Karim Uddin,4th Year - Sem 2,20,8,15,35,54,4.0,112,Safe
Tashin Tuhin,4th Year - Sem 1,23,9,17,36,53,4.0,115,Safe
Rakib Hasan,1st Year - Sem 1,21,8,15,34,48,4.0,105,Safe
Tashin Tuhin,2nd Year - Sem 2,15,6,13,21,39,3.0,79,Safe
Ahad Ali,4th Year - Sem 1,19,6,12,26,39,3.0,83,Safe
Tashin Tuhin,1st Year - Sem 2,20,5,15,29,42,3.5,91,Safe
Nadia Islam,2nd Year - Sem 1,19,5,10,24,44,3.0,83,Safe
Shibay Yadav,2nd Year - Sem 2,24,9,15,32,55,4.0,111,Safe
Ahad Ali,2nd Year - Sem 1,18,6,14,27,31,3.0,78,Safe
Karim Uddin,2nd Year - Sem 1,23,8,15,40,47,4.0,110,Safe
Tashin Tuhin,1st Year - Sem 2,17,5,14,26,43,3.25,88,Safe
Karim Uddin,4th Year - Sem 1,12,6,10,26,43,3.25,85,Safe
Rakib Hasan,4th Year - Sem 1,20,8,13,29,42,3.5,92,Safe
Nadia Islam,3rd Year - Sem 1,20,5,10,21,32,2.5,68,Medium Risk
Rakib Hasan,1st Year - Sem 2,8,0,1,20,4,0.0,25,High Risk
Nadia Islam,3rd Year - Sem 2,23,9,16,32,57,4.0,114,Safe
Nadia Islam,4th Year - Sem 1,18,5,13,26,33,2.75,77,Medium Risk
Rakib Hasan,4th Year - Sem 2,16,5,10,28,41,3.0,84,Safe
Karim Uddin,1st Year - Sem 2,20,6,14,30,42,3.5,92,Safe
Karim Uddin,4th Year - Sem 2,22,10,18,38,53,4.0,119,Safe
Rakib Hasan,3rd Year - Sem 2,24,8,15,39,50,4.0,112,Safe
Tashin Tuhin,1st Year - Sem 2,23,10,16,39,45,4.0,110,Safe
Ahad Ali,2nd Year - Sem 2,23,10,18,36,59,4.0,123,Safe
Nadia Islam,3rd Year - Sem 1,4,3,2,11,15,0.0,31,High Risk
Rakib Hasan,1st Year - Sem 2,18,7,15,30,32,3.0,84,Safe
Ahad Ali,4th Year - Sem 1,20,9,18,33,58,4.0,118,Safe
Ahad Ali,2nd Year - Sem 2,17,6,10,29,37,3.0,82,Safe
Nadia Islam,2nd Year - Sem 1,17,8,11,25,31,2.75,75,Medium Risk
Nadia Islam,3rd Year - Sem 1,21,10,19,31,57,4.0,117,Safe
Shibay Yadav,2nd Year - Sem 2,6,1,2,16,9,0.0,28,High Risk
Tashin Tuhin,4th Year - Sem 2,18,8,15,27,30,3.0,80,Safe
Shibay Yadav,4th Year - Sem 1,17,8,12,20,41,3.0,81,Safe
Tashin Tuhin,2nd Year - Sem 1,15,7,14,25,40,3.25,86,Safe
Rakib Hasan,4th Year - Sem 1,18,8,13,22,38,3.0,81,Safe
Nadia Islam,2nd Year - Sem 1,19,8,10,29,36,3.0,83,Safe
Shibay Yadav,3rd Year - Sem 2,23,8,16,35,49,4.0,108,Safe
Shibay Yadav,3rd Year - Sem 2,24,10,16,40,57,4.0,123,Safe
Shibay Yadav,1st Year - Sem 2,23,10,17,39,45,4.0,111,Safe
Shibay Yadav,3rd Year - Sem 1,15,5,12,25,44,3.25,86,Safe
Rakib Hasan,2nd Year - Sem 2,20,5,12,30,37,3.0,84,Safe
Karim Uddin,1st Year - Sem 1,23,9,16,39,60,4.0,124,Safe
Rakib Hasan,1st Year - Sem 1,15,6,12,23,32,2.75,73,Medium Risk
Shibay Yadav,2nd Year - Sem 1,24,10,18,38,59,4.0,125,Safe
Shibay Yadav,4th Year - Sem 2,22,9,15,35,50,4.0,109,Safe
Nadia Islam,1st Year - Sem 1,19,5,11,26,32,2.75,74,Medium Risk
Nadia Islam,1st Year - Sem 2,20,10,17,32,47,4.0,106,Safe
Tashin Tuhin,2nd Year - Sem 1,19,5,10,25,34,2.75,74,Medium Risk
Tashin Tuhin,2nd Year - Sem 2,23,9,17,34,54,4.0,114,Safe
Shibay Yadav,4th Year - Sem 1,6,1,1,19,17,0.0,38,High Risk
Rakib Hasan,2nd Year - Sem 2,23,10,16,36,50,4.0,112,Safe
Nadia Islam,3rd Year - Sem 2,19,8,11,26,31,2.75,76,Medium Risk
Nadia Islam,2nd Year - Sem 2,20,9,17,38,50,4.0,114,Safe
Nadia Islam,4th Year - Sem 1,20,9,19,38,51,4.0,117,Safe
Shibay Yadav,2nd Year - Sem 1,10,3,10,17,22,2.0,52,High Risk
Tashin Tuhin,2nd Year - Sem 1,8,4,1,3,13,0.0,21,High Risk
Karim Uddin,4th Year - Sem 1,15,8,15,28,43,3.5,94,Safe
Tashin Tuhin,2nd Year - Sem 2,24,9,19,35,59,4.0,122,Safe
Rakib Hasan,1st Year - Sem 1,23,9,16,33,51,4.0,109,Safe
Tashin Tuhin,1st Year - Sem 2,15,8,13,23,38,3.0,82,Safe
Rakib Hasan,1st Year - Sem 2,5,0,8,18,1,0.0,27,High Risk
Nadia Islam,2nd Year - Sem 2,22,9,19,36,59,4.0,123,Safe
Ahad Ali,3rd Year - Sem 2,20,7,12,24,42,3.25,85,Safe
Nadia Islam,4th Year - Sem 2,20,6,11,22,36,2.75,75,Medium Risk
Shibay Yadav,1st Year - Sem 1,24,10,20,39,47,4.0,116,Safe
Shibay Yadav,1st Year - Sem 1,18,7,13,22,41,3.0,83,Safe
Tashin Tuhin,4th Year - Sem 1,12,2,3,0,12,0.0,17,High Risk
Rakib Hasan,4th Year - Sem 2,20,7,12,29,42,3.25,90,Safe
Rakib Hasan,1st Year - Sem 1,14,8,11,27,36,3.0,82,Safe
Ahad Ali,2nd Year - Sem 2,20,6,13,23,34,2.75,76,Medium Risk
Tashin Tuhin,3rd Year - Sem 2,10,3,2,13,17,0.0,35,High Risk
Ahad Ali,2nd Year - Sem 2,20,5,11,21,38,2.75,75,Medium Risk
Nadia Islam,3rd Year - Sem 2,20,10,15,35,46,4.0,106,Safe
Rakib Hasan,2nd Year - Sem 2,24,8,17,39,49,4.0,113,Safe
Tashin Tuhin,4th Year - Sem 1,4,5,10,13,0,0.0,28,High Risk
Ahad Ali,2nd Year - Sem 1,22,8,20,36,54,4.0,118,Safe
Nadia Islam,4th Year - Sem 2,13,6,11,23,35,2.75,75,Medium Risk
Karim Uddin,1st Year - Sem 2,20,8,10,28,45,3.5,91,Safe
Karim Uddin,3rd Year - Sem 2,14,6,15,28,38,3.25,87,Safe
Tashin Tuhin,4th Year - Sem 2,20,8,19,35,47,4.0,109,Safe
Nadia Islam,1st Year - Sem 2,13,6,12,28,31,2.75,77,Medium Risk
Tashin Tuhin,3rd Year - Sem 1,19,7,12,27,42,3.25,88,Safe
Karim Uddin,3rd Year - Sem 2,20,8,18,31,48,4.0,105,Safe
Karim Uddin,3rd Year - Sem 2,20,7,12,22,30,2.5,71,Medium Risk
Shibay Yadav,3rd Year - Sem 2,22,8,18,30,57,4.0,113,Safe
Shibay Yadav,1st Year - Sem 2,22,8,18,33,53,4.0,112,Safe
Nadia Islam,4th Year - Sem 1,24,10,15,32,56,4.0,113,Safe
Rakib Hasan,1st Year - Sem 2,3,2,5,15,28,0.0,50,High Risk
Rakib Hasan,2nd Year - Sem 2,12,0,0,12,13,0.0,25,High Risk
Shibay Yadav,4th Year - Sem 2,14,7,10,23,43,3.0,83,Safe
Rakib Hasan,3rd Year - Sem 2,11,5,6,11,0,0.0,22,High Risk
Nadia Islam,4th Year - Sem 1,22,8,16,39,46,4.0,109,Safe
Tashin Tuhin,1st Year - Sem 1,2,3,3,20,12,0.0,38,High Risk
Ahad Ali,2nd Year - Sem 1,15,7,10,25,40,3.0,82,Safe
Tashin Tuhin,2nd Year - Sem 1,20,10,20,34,45,4.0,109,Safe
Tashin Tuhin,2nd Year - Sem 2,16,5,10,21,39,2.75,75,Medium Risk
Shibay Yadav,4th Year - Sem 2,20,10,16,38,51,4.0,115,Safe
Shibay Yadav,4th Year - Sem 1,12,5,15,22,31,2.75,73,Medium Risk
Karim Uddin,1st Year - Sem 2,24,8,19,33,56,4.0,116,Safe
Tashin Tuhin,4th Year - Sem 2,0,4,4,11,26,0.0,45,High Risk
Ahad Ali,1st Year - Sem 1,20,8,20,35,55,4.0,118,Safe
Ahad Ali,3rd Year - Sem 2,22,8,18,37,60,4.0,123,Safe
Shibay Yadav,2nd Year - Sem 1,22,10,20,33,48,4.0,111,Safe
Nadia Islam,1st Year - Sem 1,22,9,17,31,47,4.0,104,Safe
Ahad Ali,3rd Year - Sem 2,22,10,17,32,47,4.0,106,Safe
Ahad Ali,3rd Year - Sem 1,24,8,19,38,47,4.0,112,Safe
Nadia Islam,1st Year - Sem 1,24,9,15,39,52,4.0,115,Safe
Nadia Islam,4th Year - Sem 2,14,8,15,27,40,3.25,90,Safe
Karim Uddin,3rd Year - Sem 1,22,8,17,39,54,4.0,118,Safe
Karim Uddin,4th Year - Sem 1,15,6,14,30,34,3.0,84,Safe
Rakib Hasan,3rd Year - Sem 2,14,7,13,29,33,3.0,82,Safe
Ahad Ali,2nd Year - Sem 2,21,9,20,35,56,4.0,120,Safe
Shibay Yadav,4th Year - Sem 2,21,9,18,39,55,4.0,121,Safe
Tashin Tuhin,4th Year - Sem 1,20,10,15,33,46,4.0,104,Safe
Tashin Tuhin,2nd Year - Sem 2,12,0,6,17,3,0.0,26,High Risk
Shibay Yadav,3rd Year - Sem 2,20,7,13,25,39,3.0,84,Safe
Ahad Ali,4th Year - Sem 1,12,6,11,28,37,3.0,82,Safe
Karim Uddin,4th Year - Sem 1,22,10,15,34,48,4.0,107,Safe
Rakib Hasan,3rd Year - Sem 2,18,7,14,25,38,3.0,84,Safe
Ahad Ali,1st Year - Sem 1,15,6,11,27,34,3.0,78,Safe
Ahad Ali,4th Year - Sem 2,24,9,19,30,55,4.0,113,Safe
Rakib Hasan,3rd Year - Sem 2,22,8,20,33,46,4.0,107,Safe
Tashin Tuhin,2nd Year - Sem 1,17,5,11,24,39,3.0,79,Safe
Nadia Islam,3rd Year - Sem 1,16,7,12,30,42,3.5,91,Safe
Rakib Hasan,4th Year - Sem 1,16,8,14,23,34,3.0,79,Safe
Shibay Yadav,1st Year - Sem 1,15,7,14,28,36,3.25,85,Safe
Rakib Hasan,2nd Year - Sem 1,10,4,4,6,20,0.0,34,High Risk
Ahad Ali,4th Year - Sem 1,13,5,10,29,40,3.0,84,Safe
Shibay Yadav,3rd Year - Sem 1,13,8,11,29,33,3.0,81,Safe
Karim Uddin,2nd Year - Sem 1,6,1,0,20,17,0.0,38,High Risk
Karim Uddin,1st Year - Sem 2,22,8,17,34,45,4.0,104,Safe
Tashin Tuhin,3rd Year - Sem 1,22,9,18,39,47,4.0,113,Safe
Shibay Yadav,4th Year - Sem 2,24,9,19,35,55,4.0,118,Safe
Tashin Tuhin,2nd Year - Sem 1,19,8,13,22,40,3.0,83,Safe
Ahad Ali,1st Year - Sem 1,14,7,13,22,38,3.0,80,Safe
Shibay Yadav,3rd Year - Sem 1,20,10,18,37,57,4.0,122,Safe
Ahad Ali,4th Year - Sem 1,22,8,17,40,60,4.0,125,Safe
Tashin Tuhin,3rd Year - Sem 2,24,10,16,36,47,4.0,109,Safe
Karim Uddin,1st Year - Sem 1,14,8,12,20,33,2.75,73,Medium Risk
Nadia Islam,1st Year - Sem 1,16,6,10,22,33,2.5,71,Medium Risk
Tashin Tuhin,2nd Year - Sem 2,4,4,7,12,6,0.0,29,High Risk
Karim Uddin,4th Year - Sem 2,15,8,10,26,45,3.25,89,Safe
Ahad Ali,1st Year - Sem 1,20,9,16,34,48,4.0,107,Safe
Ahad Ali,1st Year - Sem 1,8,4,1,15,14,0.0,34,High Risk
Shibay Yadav,4th Year - Sem 2,18,6,15,24,36,3.0,81,Safe
Tashin Tuhin,3rd Year - Sem 1,3,3,3,20,13,0.0,39,High Risk
Tashin Tuhin,3rd Year - Sem 2,15,6,10,25,44,3.25,85,Safe
Ahad Ali,2nd Year - Sem 2,10,2,6,5,21,0.0,34,High Risk
Tashin Tuhin,3rd Year - Sem 1,3,4,2,11,1,0.0,18,High Risk
Nadia Islam,3rd Year - Sem 2,18,6,13,27,35,3.0,81,Safe
Tashin Tuhin,2nd Year - Sem 2,23,8,20,34,47,4.0,109,Safe
Karim Uddin,1st Year - Sem 1,22,8,20,34,47,4.0,109,Safe
Ahad Ali,4th Year - Sem 1,23,9,20,39,54,4.0,122,Safe
Rakib Hasan,4th Year - Sem 1,20,6,12,25,41,3.0,84,Safe
Karim Uddin,3rd Year - Sem 1,23,8,17,35,47,4.0,107,Safe
Shibay Yadav,1st Year - Sem 2,15,8,13,30,33,3.0,84,Safe
Tashin Tuhin,3rd Year - Sem 2,16,6,15,26,30,2.75,77,Medium Risk
Nadia Islam,1st Year - Sem 2,11,4,5,13,18,0.0,40,High Risk
Rakib Hasan,4th Year - Sem 1,21,9,19,36,60,4.0,124,Safe
Ahad Ali,1st Year - Sem 1,12,7,12,22,39,3.0,80,Safe
Ahad Ali,2nd Year - Sem 1,0,5,3,13,12,0.0,33,High Risk
Tashin Tuhin,2nd Year - Sem 1,20,10,20,34,60,4.0,124,Safe
Nadia Islam,4th Year - Sem 1,19,8,10,25,37,3.0,80,Safe
Karim Uddin,2nd Year - Sem 1,10,0,3,11,12,0.0,26,High Risk
Ahad Ali,2nd Year - Sem 1,20,10,15,38,47,4.0,110,Safe
Nadia Islam,4th Year - Sem 2,12,7,10,27,35,3.0,79,Safe
Nadia Islam,3rd Year - Sem 2,22,8,16,40,58,4.0,122,Safe
Shibay Yadav,4th Year - Sem 2,15,5,11,28,30,2.75,74,Medium Risk
Shibay Yadav,3rd Year - Sem 1,24,10,20,30,53,4.0,113,Safe
Nadia Islam,3rd Year - Sem 1,15,6,13,27,42,3.25,88,Safe
Karim Uddin,1st Year - Sem 2,23,10,18,34,52,4.0,114,Safe
Ahad Ali,4th Year - Sem 2,22,10,15,30,50,4.0,105,Safe
Shibay Yadav,1st Year - Sem 2,22,9,15,38,57,4.0,119,Safe
Rakib Hasan,4th Year - Sem 1,23,8,17,40,59,4.0,124,Safe
Ahad Ali,3rd Year - Sem 1,13,7,11,29,32,3.0,79,Safe
Nadia Islam,2nd Year - Sem 1,10,4,8,7,24,0.0,43,High Risk
Nadia Islam,1st Year - Sem 2,21,9,15,34,48,4.0,106,Safe
Ahad Ali,2nd Year - Sem 1,17,8,12,21,30,2.5,71,Medium Risk
Tashin Tuhin,3rd Year - Sem 1,15,7,10,29,41,3.25,87,Safe
Rakib Hasan,4th Year - Sem 1,23,8,19,33,57,4.0,117,Safe
Nadia Islam,2nd Year - Sem 2,21,10,20,40,54,4.0,124,Safe
Rakib Hasan,3rd Year - Sem 1,12,5,15,26,45,3.5,91,Safe
Shibay Yadav,3rd Year - Sem 2,22,8,20,31,51,4.0,110,Safe
Ahad Ali,3rd Year - Sem 1,22,10,16,38,55,4.0,119,Safe
Nadia Islam,3rd Year - Sem 2,21,9,20,33,55,4.0,117,Safe
Tashin Tuhin,2nd Year - Sem 2,8,5,2,0,25,0.0,32,High Risk
Tashin Tuhin,2nd Year - Sem 2,11,4,7,4,28,0.0,43,High Risk
Shibay Yadav,3rd Year - Sem 2,22,10,20,39,56,4.0,125,Safe
Ahad Ali,2nd Year - Sem 2,22,10,16,34,51,4.0,111,Safe
Rakib Hasan,4th Year - Sem 2,12,7,15,29,31,3.0,82,Safe
Shibay Yadav,2nd Year - Sem 1,20,5,12,20,36,2.75,73,Medium Risk
Tashin Tuhin,3rd Year - Sem 2,23,8,20,32,56,4.0,116,Safe
Rakib Hasan,1st Year - Sem 2,23,8,20,33,48,4.0,109,Safe
Rakib Hasan,4th Year - Sem 1,17,5,12,24,42,3.0,83,Safe
Karim Uddin,4th Year - Sem 1,2,1,4,1,12,0.0,18,High Risk
Nadia Islam,1st Year - Sem 1,24,10,16,38,45,4.0,109,Safe
Karim Uddin,1st Year - Sem 1,15,5,11,22,45,3.0,83,Safe
Nadia Islam,2nd Year - Sem 1,5,5,5,2,18,0.0,30,High Risk
Karim Uddin,1st Year - Sem 2,17,6,14,24,32,2.75,76,Medium Risk
Ahad Ali,2nd Year - Sem 1,22,10,19,31,55,4.0,115,Safe
Nadia Islam,4th Year - Sem 1,1,3,1,14,9,0.0,27,High Risk
Ahad Ali,1st Year - Sem 1,20,10,16,36,51,4.0,113,Safe
Shibay Yadav,2nd Year - Sem 1,13,6,10,30,39,3.25,85,Safe
Nadia Islam,4th Year - Sem 1,13,8,11,29,44,3.5,92,Safe
Nadia Islam,3rd Year - Sem 1,18,7,11,30,44,3.5,92,Safe
Rakib Hasan,1st Year - Sem 2,7,4,6,9,24,0.0,43,High Risk
Karim Uddin,3rd Year - Sem 1,21,9,16,38,45,4.0,108,Safe
Nadia Islam,4th Year - Sem 1,7,1,10,9,0,0.0,20,High Risk
Shibay Yadav,3rd Year - Sem 1,14,5,12,26,30,2.75,73,Medium Risk
Nadia Islam,4th Year - Sem 2,23,9,15,38,51,4.0,113,Safe
Tashin Tuhin,3rd Year - Sem 2,17,8,13,26,43,3.25,90,Safe
Shibay Yadav,1st Year - Sem 2,6,1,4,7,6,0.0,18,High Risk
Ahad Ali,2nd Year - Sem 1,21,10,18,38,60,4.0,126,Safe
Rakib Hasan,2nd Year - Sem 2,24,10,16,35,59,4.0,120,Safe
Rakib Hasan,1st Year - Sem 1,2,4,1,2,23,0.0,30,High Risk
Ahad Ali,1st Year - Sem 1,5,5,0,3,11,0.0,19,High Risk
Nadia Islam,4th Year - Sem 2,12,7,10,22,42,3.0,81,Safe
Tashin Tuhin,3rd Year - Sem 1,23,9,15,31,50,4.0,105,Safe
Tashin Tuhin,3rd Year - Sem 2,21,10,19,30,50,4.0,109,Safe
Nadia Islam,4th Year - Sem 1,12,7,14,23,33,2.75,77,Medium Risk
Nadia Islam,3rd Year - Sem 1,16,8,10,20,38,2.75,76,Medium Risk
Rakib Hasan,2nd Year - Sem 2,22,9,20,37,57,4.0,123,Safe
Rakib Hasan,4th Year - Sem 1,21,8,15,36,49,4.0,108,Safe
Shibay Yadav,3rd Year - Sem 2,13,6,13,26,37,3.0,82,Safe
Ahad Ali,4th Year - Sem 1,18,8,12,30,31,3.0,81,Safe
Rakib Hasan,3rd Year - Sem 1,4,2,3,4,23,0.0,32,High Risk
Tashin Tuhin,3rd Year - Sem 1,15,6,13,30,45,3.5,94,Safe
Nadia Islam,2nd Year - Sem 1,18,6,11,30,41,3.25,88,Safe
Karim Uddin,4th Year - Sem 1,12,5,2,11,7,0.0,25,High Risk
Karim Uddin,2nd Year - Sem 2,21,8,20,30,47,4.0,105,Safe
Tashin Tuhin,4th Year - Sem 2,22,10,18,37,55,4.0,120,Safe
Karim Uddin,3rd Year - Sem 1,24,10,17,40,47,4.0,114,Safe
Ahad Ali,4th Year - Sem 2,11,3,8,16,4,0.0,31,High Risk
Rakib Hasan,3rd Year - Sem 2,7,3,4,5,3,0.0,15,High Risk
Karim Uddin,2nd Year - Sem 2,20,10,20,34,58,4.0,122,Safe
Tashin Tuhin,2nd Year - Sem 1,12,8,12,22,44,3.25,86,Safe
Shibay Yadav,4th Year - Sem 2,20,8,10,25,35,3.0,78,Safe
Tashin Tuhin,2nd Year - Sem 1,23,10,17,34,45,4.0,106,Safe
Karim Uddin,3rd Year - Sem 2,14,6,11,25,44,3.25,86,Safe
Karim Uddin,2nd Year - Sem 1,15,8,11,28,30,2.75,77,Medium Risk
Rakib Hasan,4th Year - Sem 1,14,8,14,27,30,3.0,79,Safe
Shibay Yadav,2nd Year - Sem 1,20,8,15,23,32,3.0,78,Safe
Shibay Yadav,4th Year - Sem 2,19,8,11,23,30,2.75,72,Medium Risk
Tashin Tuhin,4th Year - Sem 2,22,9,17,38,54,4.0,118,Safe
Rakib Hasan,3rd Year - Sem 2,14,8,13,22,45,3.25,88,Safe
Tashin Tuhin,3rd Year - Sem 2,22,10,20,37,48,4.0,115,Safe
Rakib Hasan,2nd Year - Sem 1,14,5,12,22,35,2.75,74,Medium Risk
Rakib Hasan,4th Year - Sem 1,20,6,12,20,33,2.5,71,Medium Risk
Karim Uddin,2nd Year - Sem 2,24,9,19,38,47,4.0,113,Safe
Rakib Hasan,2nd Year - Sem 2,24,9,15,39,47,4.0,110,Safe
Tashin Tuhin,2nd Year - Sem 1,1,2,5,9,12,0.0,28,High Risk
Ahad Ali,3rd Year - Sem 1,9,1,4,6,21,0.0,32,High Risk
Shibay Yadav,4th Year - Sem 1,21,9,19,30,52,4.0,110,Safe
Ahad Ali,2nd Year - Sem 2,21,10,20,32,52,4.0,114,Safe
Tashin Tuhin,3rd Year - Sem 2,21,9,18,35,60,4.0,122,Safe
Nadia Islam,1st Year - Sem 1,12,7,14,24,43,3.25,88,Safe
Rakib Hasan,2nd Year - Sem 2,24,10,19,38,46,4.0,113,Safe
Tashin Tuhin,1st Year - Sem 1,15,5,10,20,33,2.5,68,Medium Risk
Nadia Islam,3rd Year - Sem 2,22,9,19,35,46,4.0,109,Safe
Rakib Hasan,1st Year - Sem 1,20,9,20,31,48,4.0,108,Safe
Shibay Yadav,4th Year - Sem 1,22,10,18,39,46,4.0,113,Safe
Ahad Ali,2nd Year - Sem 1,22,9,18,40,47,4.0,114,Safe
Nadia Islam,4th Year - Sem 2,13,8,14,26,43,3.5,91,Safe
Shibay Yadav,1st Year - Sem 1,14,5,10,26,41,3.0,82,Safe
Ahad Ali,2nd Year - Sem 1,22,10,15,36,49,4.0,110,Safe
Ahad Ali,1st Year - Sem 2,20,5,10,26,35,2.75,76,Medium Risk
Nadia Islam,3rd Year - Sem 1,23,10,17,30,50,4.0,107,Safe
Shibay Yadav,1st Year - Sem 2,20,9,17,32,58,4.0,116,Safe
Ahad Ali,2nd Year - Sem 1,12,5,13,20,42,3.0,80,Safe
Nadia Islam,2nd Year - Sem 1,24,10,20,36,57,4.0,123,Safe
Ahad Ali,1st Year - Sem 1,12,8,13,28,30,3.0,79,Safe
Nadia Islam,4th Year - Sem 1,8,1,1,18,10,0.0,30,High Risk
Nadia Islam,3rd Year - Sem 2,20,8,11,24,36,3.0,79,Safe
Karim Uddin,2nd Year - Sem 2,18,5,13,22,40,3.0,80,Safe
Ahad Ali,4th Year - Sem 2,1,1,8,8,19,0.0,36,High Risk
Ahad Ali,1st Year - Sem 1,21,10,18,36,60,4.0,124,Safe
Karim Uddin,2nd Year - Sem 2,20,5,13,30,40,3.25,88,Safe
Nadia Islam,1st Year - Sem 1,12,4,3,1,14,0.0,22,High Risk
Karim Uddin,1st Year - Sem 1,13,7,11,24,34,2.75,76,Medium Risk
Shibay Yadav,3rd Year - Sem 2,13,8,12,21,39,3.0,80,Safe
Shibay Yadav,3rd Year - Sem 1,19,6,15,26,36,3.0,83,Safe
Tashin Tuhin,4th Year - Sem 2,14,7,12,24,43,3.25,86,Safe
Ahad Ali,3rd Year - Sem 2,14,6,14,30,40,3.25,90,Safe
Nadia Islam,3rd Year - Sem 1,24,8,18,37,48,4.0,111,Safe
Karim Uddin,3rd Year - Sem 2,20,9,17,31,54,4.0,111,Safe
Rakib Hasan,4th Year - Sem 2,21,9,19,35,59,4.0,122,Safe
Shibay Yadav,1st Year - Sem 2,12,5,14,24,41,3.0,84,Safe
Shibay Yadav,4th Year - Sem 2,21,10,18,39,55,4.0,122,Safe
Tashin Tuhin,3rd Year - Sem 1,22,10,17,32,54,4.0,113,Safe
Karim Uddin,3rd Year - Sem 1,23,9,18,39,50,4.0,116,Safe
Rakib Hasan,3rd Year - Sem 2,22,8,15,36,47,4.0,106,Safe
Nadia Islam,4th Year - Sem 1,17,6,13,25,33,2.75,77,Medium Risk
Nadia Islam,4th Year - Sem 2,13,5,12,29,34,3.0,80,Safe
Rakib Hasan,4th Year - Sem 2,20,6,11,25,30,2.75,72,Medium Risk
Nadia Islam,4th Year - Sem 2,17,8,10,27,41,3.25,86,Safe
Rakib Hasan,2nd Year - Sem 2,22,9,15,34,54,4.0,112,Safe
Karim Uddin,1st Year - Sem 2,24,9,16,30,51,4.0,106,Safe
Rakib Hasan,1st Year - Sem 1,23,9,20,40,60,4.0,129,Safe
Shibay Yadav,3rd Year - Sem 2,15,5,11,26,32,2.75,74,Medium Risk
Nadia Islam,4th Year - Sem 2,12,8,15,23,45,3.5,91,Safe
Ahad Ali,2nd Year - Sem 1,19,5,11,21,36,2.75,73,Medium Risk
Shibay Yadav,4th Year - Sem 1,23,8,15,38,57,4.0,118,Safe
Nadia Islam,4th Year - Sem 2,20,9,18,30,50,4.0,107,Safe
Rakib Hasan,2nd Year - Sem 1,20,5,12,25,37,3.0,79,Safe
Tashin Tuhin,4th Year - Sem 2,12,7,12,26,30,2.75,75,Medium Risk
Nadia Islam,3rd Year - Sem 2,24,9,20,38,60,4.0,127,Safe
Tashin Tuhin,4th Year - Sem 2,21,9,15,33,59,4.0,116,Safe
Karim Uddin,1st Year - Sem 2,19,8,10,21,36,2.75,75,Medium Risk
Tashin Tuhin,3rd Year - Sem 1,23,9,16,38,51,4.0,114,Safe
Nadia Islam,1st Year - Sem 2,23,9,20,37,55,4.0,121,Safe
Karim Uddin,4th Year - Sem 2,19,8,15,30,40,3.5,93,Safe
Rakib Hasan,2nd Year - Sem 1,23,9,15,31,46,3.75,101,Safe
Shibay Yadav,3rd Year - Sem 2,8,2,5,15,4,0.0,26,High Risk
Shibay Yadav,3rd Year - Sem 1,6,4,1,10,26,0.0,41,High Risk
Nadia Islam,1st Year - Sem 1,20,10,16,33,48,4.0,107,Safe
Tashin Tuhin,4th Year - Sem 2,20,10,19,40,48,4.0,117,Safe
Shibay Yadav,1st Year - Sem 1,13,8,15,30,31,3.0,84,Safe
Karim Uddin,3rd Year - Sem 1,12,1,1,18,20,0.0,40,High Risk
Ahad Ali,2nd Year - Sem 1,20,6,12,30,33,3.0,81,Safe
Karim Uddin,3rd Year - Sem 1,24,10,18,34,60,4.0,122,Safe
Ahad Ali,2nd Year - Sem 2,17,7,12,27,31,2.75,77,Medium Risk
Nadia Islam,4th Year - Sem 1,24,10,18,34,55,4.0,117,Safe
Karim Uddin,2nd Year - Sem 1,17,8,14,25,35,3.0,82,Safe
Rakib Hasan,3rd Year - Sem 2,22,8,20,35,54,4.0,117,Safe
Rakib Hasan,2nd Year - Sem 1,15,7,15,30,35,3.25,87,Safe
Nadia Islam,1st Year - Sem 1,8,2,9,5,18,0.0,34,High Risk
Tashin Tuhin,2nd Year - Sem 2,12,5,1,0,19,0.0,25,High Risk
Karim Uddin,3rd Year - Sem 2,6,3,7,18,18,0.0,46,High Risk
Karim Uddin,1st Year - Sem 2,20,8,18,34,59,4.0,119,Safe
Rakib Hasan,1st Year - Sem 1,13,8,10,21,41,3.0,80,Safe
Karim Uddin,1st Year - Sem 1,20,6,15,20,32,2.75,73,Medium Risk
Ahad Ali,2nd Year - Sem 2,8,0,3,18,8,0.0,29,High Risk
Shibay Yadav,1st Year - Sem 1,19,8,11,21,39,3.0,79,Safe
Nadia Islam,3rd Year - Sem 1,2,4,6,4,11,0.0,25,High Risk
Rakib Hasan,4th Year - Sem 1,9,1,8,1,6,0.0,16,High Risk
Rakib Hasan,4th Year - Sem 1,6,0,0,10,26,0.0,36,High Risk
Shibay Yadav,2nd Year - Sem 2,13,8,11,24,37,3.0,80,Safe
Tashin Tuhin,3rd Year - Sem 1,9,0,0,10,7,0.0,17,High Risk
Ahad Ali,2nd Year - Sem 1,23,9,16,36,50,4.0,111,Safe
Ahad Ali,4th Year - Sem 1,19,5,10,28,41,3.0,84,Safe
Nadia Islam,3rd Year - Sem 1,21,9,20,35,51,4.0,115,Safe
Karim Uddin,1st Year - Sem 2,14,6,11,25,35,2.75,77,Medium Risk
Karim Uddin,2nd Year - Sem 2,15,7,13,21,44,3.25,85,Safe
Nadia Islam,4th Year - Sem 2,10,1,9,4,6,0.0,20,High Risk
Karim Uddin,3rd Year - Sem 1,13,7,14,28,31,3.0,80,Safe
Nadia Islam,1st Year - Sem 2,21,9,18,33,51,4.0,111,Safe
Nadia Islam,1st Year - Sem 1,13,6,10,25,35,2.75,76,Medium Risk
Shibay Yadav,2nd Year - Sem 1,16,5,13,26,34,3.0,78,Safe
Tashin Tuhin,4th Year - Sem 2,13,6,11,27,44,3.25,88,Safe
Nadia Islam,1st Year - Sem 2,20,10,15,40,48,4.0,113,Safe
Karim Uddin,1st Year - Sem 1,18,5,11,24,38,3.0,78,Safe
Rakib Hasan,4th Year - Sem 2,22,8,17,39,46,4.0,110,Safe
Ahad Ali,2nd Year - Sem 1,13,8,13,20,39,3.0,80,Safe
Shibay Yadav,4th Year - Sem 1,16,5,11,24,36,2.75,76,Medium Risk
Tashin Tuhin,4th Year - Sem 1,24,10,17,39,57,4.0,123,Safe
Rakib Hasan,1st Year - Sem 2,10,2,8,19,23,2.0,52,High Risk
Tashin Tuhin,1st Year - Sem 2,18,5,12,29,34,3.0,80,Safe
Nadia Islam,3rd Year - Sem 2,18,5,14,27,30,2.75,76,Medium Risk
Shibay Yadav,2nd Year - Sem 1,23,8,18,33,48,4.0,107,Safe
Rakib Hasan,3rd Year - Sem 1,3,2,1,1,3,0.0,7,High Risk
Rakib Hasan,2nd Year - Sem 1,24,9,16,31,59,4.0,115,Safe
Nadia Islam,1st Year - Sem 2,23,9,17,38,47,4.0,111,Safe
Shibay Yadav,3rd Year - Sem 1,23,8,18,34,47,4.0,107,Safe
Rakib Hasan,4th Year - Sem 2,23,9,16,34,48,4.0,107,Safe
Karim Uddin,1st Year - Sem 2,21,8,16,30,49,3.75,103,Safe
Shibay Yadav,4th Year - Sem 1,12,5,2,10,6,0.0,23,High Risk
Ahad Ali,2nd Year - Sem 2,15,5,12,22,30,2.5,69,Medium Risk
Ahad Ali,4th Year - Sem 2,24,10,15,33,58,4.0,116,Safe
Nadia Islam,3rd Year - Sem 2,23,8,19,34,52,4.0,113,Safe
Karim Uddin,3rd Year - Sem 1,19,8,12,20,39,3.0,79,Safe
Nadia Islam,1st Year - Sem 2,16,5,13,29,37,3.0,84,Safe
Nadia Islam,4th Year - Sem 1,20,5,15,25,36,3.0,81,Safe
Tashin Tuhin,1st Year - Sem 2,23,8,19,35,58,4.0,120,Safe
Rakib Hasan,3rd Year - Sem 1,4,1,2,11,17,0.0,31,High Risk
Rakib Hasan,2nd Year - Sem 1,20,9,16,31,57,4.0,113,Safe
Tashin Tuhin,4th Year - Sem 2,9,5,7,20,23,2.0,55,High Risk
Rakib Hasan,1st Year - Sem 2,19,5,14,22,39,3.0,80,Safe
Karim Uddin,4th Year - Sem 1,17,6,14,26,39,3.25,85,Safe
Rakib Hasan,4th Year - Sem 1,18,5,15,30,35,3.25,85,Safe
Rakib Hasan,4th Year - Sem 1,5,4,7,16,28,2.0,55,High Risk
Rakib Hasan,2nd Year - Sem 2,22,9,20,35,47,4.0,111,Safe
Rakib Hasan,3rd Year - Sem 1,16,8,13,20,45,3.25,86,Safe
Shibay Yadav,4th Year - Sem 2,15,7,10,22,41,3.0,80,Safe
Shibay Yadav,4th Year - Sem 1,20,8,15,38,58,4.0,119,Safe
Shibay Yadav,2nd Year - Sem 1,20,10,16,38,53,4.0,117,Safe
Nadia Islam,2nd Year - Sem 1,24,10,17,38,58,4.0,123,Safe
Ahad Ali,4th Year - Sem 2,11,5,2,13,24,0.0,44,High Risk
Rakib Hasan,3rd Year - Sem 2,0,1,1,7,6,0.0,15,High Risk
Shibay Yadav,3rd Year - Sem 2,24,8,18,30,56,4.0,112,Safe
Tashin Tuhin,2nd Year - Sem 2,18,8,13,30,38,3.25,89,Safe
Tashin Tuhin,4th Year - Sem 2,21,9,20,32,52,4.0,113,Safe
Karim Uddin,3rd Year - Sem 1,19,5,10,28,34,2.75,77,Medium Risk
Tashin Tuhin,1st Year - Sem 1,23,8,19,40,59,4.0,126,Safe
Rakib Hasan,4th Year - Sem 1,0,2,3,13,26,0.0,44,High Risk
Rakib Hasan,2nd Year - Sem 1,20,6,10,25,36,2.75,77,Medium Risk
Shibay Yadav,4th Year - Sem 2,24,8,20,35,54,4.0,117,Safe
Rakib Hasan,3rd Year - Sem 1,23,8,17,30,55,4.0,110,Safe
Nadia Islam,2nd Year - Sem 1,24,8,15,31,57,4.0,111,Safe
Tashin Tuhin,3rd Year - Sem 2,20,7,13,27,41,3.25,88,Safe
Rakib Hasan,4th Year - Sem 1,23,9,15,30,49,3.75,103,Safe
Karim Uddin,3rd Year - Sem 1,19,8,13,27,42,3.25,90,Safe
Rakib Hasan,4th Year - Sem 2,12,8,13,22,36,3.0,79,Safe
Ahad Ali,2nd Year - Sem 2,0,4,2,17,24,0.0,47,High Risk
Karim Uddin,4th Year - Sem 1,22,8,16,34,45,3.75,103,Safe
Tashin Tuhin,2nd Year - Sem 2,20,8,20,33,47,4.0,108,Safe
Shibay Yadav,1st Year - Sem 2,20,9,19,38,56,4.0,122,Safe
Nadia Islam,3rd Year - Sem 1,15,7,10,28,43,3.25,88,Safe
Ahad Ali,4th Year - Sem 2,18,6,12,27,45,3.25,90,Safe
Karim Uddin,3rd Year - Sem 1,24,8,17,33,54,4.0,112,Safe
Shibay Yadav,3rd Year - Sem 1,3,3,10,2,6,0.0,21,High Risk
Karim Uddin,1st Year - Sem 1,22,10,15,34,57,4.0,116,Safe
Tashin Tuhin,2nd Year - Sem 1,24,10,17,33,55,4.0,115,Safe
Shibay Yadav,3rd Year - Sem 2,21,10,18,31,49,4.0,108,Safe
Nadia Islam,2nd Year - Sem 2,2,2,2,7,21,0.0,32,High Risk
Tashin Tuhin,1st Year - Sem 1,0,0,0,13,15,0.0,28,High Risk
Nadia Islam,1st Year - Sem 2,9,5,0,1,15,0.0,21,High Risk
Karim Uddin,1st Year - Sem 1,10,3,9,4,9,0.0,25,High Risk
Nadia Islam,2nd Year - Sem 1,15,7,11,23,37,3.0,78,Safe
Nadia Islam,2nd Year - Sem 2,7,4,4,13,0,0.0,21,High Risk
Ahad Ali,2nd Year - Sem 2,14,6,11,25,33,2.75,75,Medium Risk
Rakib Hasan,1st Year - Sem 2,15,5,12,25,37,3.0,79,Safe
Shibay Yadav,1st Year - Sem 2,24,9,17,31,59,4.0,116,Safe
Tashin Tuhin,2nd Year - Sem 1,15,6,10,27,38,3.0,81,Safe
Rakib Hasan,1st Year - Sem 2,20,10,18,34,50,4.0,112,Safe
Tashin Tuhin,2nd Year - Sem 2,19,5,12,22,37,2.75,76,Medium Risk
Ahad Ali,3rd Year - Sem 2,21,8,18,32,49,4.0,107,Safe
Tashin Tuhin,2nd Year - Sem 2,22,10,18,39,55,4.0,122,Safe
Rakib Hasan,4th Year - Sem 1,14,6,13,30,38,3.25,87,Safe
Shibay Yadav,2nd Year - Sem 1,17,7,13,26,32,3.0,78,Safe
Shibay Yadav,3rd Year - Sem 2,20,8,12,21,44,3.25,85,Safe
Tashin Tuhin,4th Year - Sem 2,21,9,15,33,57,4.0,114,Safe
Tashin Tuhin,2nd Year - Sem 1,21,9,16,34,55,4.0,114,Safe
Shibay Yadav,4th Year - Sem 2,1,1,2,18,13,0.0,34,High Risk
Shibay Yadav,2nd Year - Sem 1,17,7,11,24,41,3.0,83,Safe
Rakib Hasan,4th Year - Sem 2,20,6,10,24,31,2.5,71,Medium Risk
Shibay Yadav,3rd Year - Sem 2,22,9,18,39,51,4.0,117,Safe
Shibay Yadav,4th Year - Sem 1,14,7,10,29,37,3.0,83,Safe
Shibay Yadav,2nd Year - Sem 2,23,10,20,37,46,4.0,113,Safe
Shibay Yadav,4th Year - Sem 2,20,10,18,36,46,4.0,110,Safe
Shibay Yadav,4th Year - Sem 2,23,10,19,35,50,4.0,114,Safe
Shibay Yadav,4th Year - Sem 2,23,10,18,33,49,4.0,110,Safe
Karim Uddin,3rd Year - Sem 2,18,6,10,27,35,3.0,78,Safe
Shibay Yadav,1st Year - Sem 2,23,10,19,30,57,4.0,116,Safe
Ahad Ali,3rd Year - Sem 2,17,8,14,27,33,3.0,82,Safe
Tashin Tuhin,1st Year - Sem 2,22,10,15,40,57,4.0,122,Safe
Rakib Hasan,3rd Year - Sem 1,22,8,17,36,60,4.0,121,Safe
Tashin Tuhin,1st Year - Sem 2,22,10,17,33,49,4.0,109,Safe
Karim Uddin,1st Year - Sem 2,17,7,15,23,31,2.75,76,Medium Risk
Ahad Ali,1st Year - Sem 1,5,5,4,17,4,0.0,30,High Risk
Rakib Hasan,4th Year - Sem 1,22,8,16,39,50,4.0,113,Safe
Rakib Hasan,3rd Year - Sem 1,18,5,15,25,32,2.75,77,Medium Risk
Tashin Tuhin,3rd Year - Sem 2,17,5,12,25,42,3.0,84,Safe
Nadia Islam,3rd Year - Sem 1,18,6,12,27,42,3.25,87,Safe
Ahad Ali,1st Year - Sem 2,9,5,2,6,23,0.0,36,High Risk
Ahad Ali,4th Year - Sem 1,11,1,6,10,21,0.0,38,High Risk
Ahad Ali,3rd Year - Sem 2,15,5,15,23,41,3.0,84,Safe
Tashin Tuhin,1st Year - Sem 1,17,8,12,27,38,3.25,85,Safe
Nadia Islam,4th Year - Sem 1,15,8,15,25,39,3.25,87,Safe
Rakib Hasan,3rd Year - Sem 1,13,6,15,28,35,3.0,84,Safe
Nadia Islam,1st Year - Sem 1,4,2,7,12,4,0.0,25,High Risk
Shibay Yadav,3rd Year - Sem 1,16,8,15,25,31,3.0,79,Safe
Rakib Hasan,1st Year - Sem 2,20,8,11,20,43,3.0,82,Safe
Shibay Yadav,4th Year - Sem 2,7,4,9,8,8,0.0,29,High Risk
Ahad Ali,3rd Year - Sem 2,23,9,19,38,50,4.0,116,Safe
Karim Uddin,2nd Year - Sem 1,19,7,12,23,41,3.0,83,Safe
Nadia Islam,2nd Year - Sem 1,10,4,6,15,12,0.0,37,High Risk
Rakib Hasan,1st Year - Sem 2,19,7,11,24,43,3.25,85,Safe
Karim Uddin,4th Year - Sem 1,23,8,19,33,55,4.0,115,Safe
Tashin Tuhin,1st Year - Sem 2,16,8,15,27,31,3.0,81,Safe
Shibay Yadav,4th Year - Sem 2,19,7,10,23,40,3.0,80,Safe
Rakib Hasan,4th Year - Sem 2,24,10,19,33,46,4.0,108,Safe
Shibay Yadav,4th Year - Sem 2,2,2,4,7,16,0.0,29,High Risk
Nadia Islam,4th Year - Sem 2,21,9,16,37,58,4.0,120,Safe
Tashin Tuhin,4th Year - Sem 1,12,6,11,22,38,2.75,77,Medium Risk
Shibay Yadav,3rd Year - Sem 1,2,1,8,7,11,0.0,27,High Risk
Shibay Yadav,2nd Year - Sem 1,1,3,6,3,15,0.0,27,High Risk
Karim Uddin,4th Year - Sem 2,23,8,15,39,56,4.0,118,Safe
Tashin Tuhin,3rd Year - Sem 2,17,8,13,27,37,3.25,85,Safe
Shibay Yadav,1st Year - Sem 2,11,0,5,11,3,0.0,19,High Risk
Nadia Islam,1st Year - Sem 1,21,10,17,37,45,4.0,109,Safe
Tashin Tuhin,1st Year - Sem 1,15,7,10,30,45,3.5,92,Safe
Rakib Hasan,2nd Year - Sem 2,7,0,2,19,24,0.0,45,High Risk
Nadia Islam,1st Year - Sem 1,18,5,10,26,40,3.0,81,Safe
Nadia Islam,1st Year - Sem 2,15,6,11,22,36,2.75,75,Medium Risk
Tashin Tuhin,4th Year - Sem 1,12,7,11,24,32,2.75,74,Medium Risk
Karim Uddin,4th Year - Sem 2,19,8,12,24,45,3.25,89,Safe
Nadia Islam,2nd Year - Sem 1,7,4,9,7,13,0.0,33,High Risk
Ahad Ali,4th Year - Sem 2,21,8,20,34,49,4.0,111,Safe
Shibay Yadav,4th Year - Sem 2,21,10,20,38,54,4.0,122,Safe
Shibay Yadav,3rd Year - Sem 2,12,8,10,25,37,3.0,80,Safe
Ahad Ali,3rd Year - Sem 1,23,10,16,32,47,4.0,105,Safe
Tashin Tuhin,2nd Year - Sem 2,9,3,7,20,3,0.0,33,High Risk
Shibay Yadav,1st Year - Sem 2,12,6,13,21,37,2.75,77,Medium Risk
Tashin Tuhin,2nd Year - Sem 2,8,5,10,2,17,0.0,34,High Risk
Rakib Hasan,4th Year - Sem 2,12,8,10,26,42,3.25,86,Safe
Rakib Hasan,2nd Year - Sem 1,17,6,13,26,41,3.25,86,Safe
Ahad Ali,1st Year - Sem 1,17,5,10,25,30,2.5,70,Medium Risk
Tashin Tuhin,4th Year - Sem 1,5,1,10,9,14,0.0,34,High Risk
Nadia Islam,3rd Year - Sem 2,4,2,10,2,19,0.0,33,High Risk
Nadia Islam,4th Year - Sem 1,14,6,11,24,35,2.75,76,Medium Risk
Shibay Yadav,3rd Year - Sem 2,16,5,15,30,39,3.25,89,Safe
Tashin Tuhin,3rd Year - Sem 2,23,10,20,34,54,4.0,118,Safe
Ahad Ali,2nd Year - Sem 2,24,9,15,30,48,3.75,102,Safe
Tashin Tuhin,3rd Year - Sem 2,22,10,15,37,54,4.0,116,Safe
Rakib Hasan,3rd Year - Sem 1,5,0,3,3,14,0.0,20,High Risk
Tashin Tuhin,4th Year - Sem 1,21,9,18,30,59,4.0,116,Safe
Tashin Tuhin,2nd Year - Sem 1,12,4,4,6,13,0.0,27,High Risk
Shibay Yadav,1st Year - Sem 2,22,9,15,40,52,4.0,116,Safe
Tashin Tuhin,1st Year - Sem 2,22,10,19,30,56,4.0,115,Safe
Shibay Yadav,3rd Year - Sem 2,12,5,10,20,41,2.75,76,Medium Risk
Karim Uddin,3rd Year - Sem 1,12,4,2,15,16,0.0,37,High Risk
Ahad Ali,3rd Year - Sem 1,13,8,13,24,34,3.0,79,Safe
Karim Uddin,3rd Year - Sem 2,13,5,11,25,36,2.75,77,Medium Risk
Rakib Hasan,4th Year - Sem 1,22,10,20,36,50,4.0,116,Safe
Rakib Hasan,1st Year - Sem 1,24,10,17,35,57,4.0,119,Safe
Ahad Ali,1st Year - Sem 2,1,0,5,5,8,0.0,18,High Risk
Ahad Ali,2nd Year - Sem 1,17,5,11,28,30,2.75,74,Medium Risk
Nadia Islam,3rd Year - Sem 1,20,6,12,25,45,3.25,88,Safe
Nadia Islam,1st Year - Sem 2,24,8,18,37,49,4.0,112,Safe
Shibay Yadav,1st Year - Sem 2,4,3,7,13,1,0.0,24,High Risk
Rakib Hasan,3rd Year - Sem 1,14,8,11,23,31,2.75,73,Medium Risk
Nadia Islam,1st Year - Sem 1,15,6,15,26,45,3.5,92,Safe
Nadia Islam,4th Year - Sem 1,24,9,17,33,56,4.0,115,Safe
Nadia Islam,2nd Year - Sem 2,22,9,18,31,48,4.0,106,Safe
Ahad Ali,2nd Year - Sem 2,18,5,13,22,32,2.75,72,Medium Risk
Tashin Tuhin,1st Year - Sem 1,0,3,5,0,22,0.0,30,High Risk
Shibay Yadav,3rd Year - Sem 2,4,0,1,5,22,0.0,28,High Risk
Shibay Yadav,4th Year - Sem 1,15,7,12,21,34,2.75,74,Medium Risk
Nadia Islam,1st Year - Sem 1,23,8,20,37,53,4.0,118,Safe
Nadia Islam,2nd Year - Sem 2,4,5,4,11,26,0.0,46,High Risk
Tashin Tuhin,4th Year - Sem 1,23,9,15,35,49,4.0,108,Safe
Tashin Tuhin,2nd Year - Sem 2,22,9,19,40,47,4.0,115,Safe
Rakib Hasan,4th Year - Sem 1,21,10,16,37,53,4.0,116,Safe
Tashin Tuhin,1st Year - Sem 1,17,6,13,23,33,2.75,75,Medium Risk
Tashin Tuhin,1st Year - Sem 2,20,7,13,30,31,3.0,81,Safe
Karim Uddin,2nd Year - Sem 1,13,5,14,27,36,3.0,82,Safe
Nadia Islam,4th Year - Sem 2,13,8,10,24,43,3.25,85,Safe
Shibay Yadav,1st Year - Sem 2,22,10,19,36,54,4.0,119,Safe
Rakib Hasan,4th Year - Sem 1,23,10,18,37,58,4.0,123,Safe
Nadia Islam,4th Year - Sem 2,20,9,17,37,51,4.0,114,Safe
Rakib Hasan,1st Year - Sem 2,14,6,15,23,41,3.25,85,Safe
Tashin Tuhin,1st Year - Sem 1,20,9,15,31,50,4.0,105,Safe
Karim Uddin,4th Year - Sem 1,14,6,13,30,40,3.25,89,Safe
Tashin Tuhin,1st Year - Sem 1,20,6,13,23,37,3.0,79,Safe
Ahad Ali,4th Year - Sem 1,23,9,20,35,53,4.0,117,Safe
Shibay Yadav,1st Year - Sem 2,16,5,13,30,36,3.0,84,Safe
Rakib Hasan,3rd Year - Sem 1,15,6,11,21,37,2.75,75,Medium Risk
Shibay Yadav,4th Year - Sem 1,23,10,15,39,60,4.0,124,Safe
Ahad Ali,2nd Year - Sem 2,13,7,12,24,40,3.0,83,Safe
Tashin Tuhin,1st Year - Sem 1,23,9,16,40,58,4.0,123,Safe
Ahad Ali,3rd Year - Sem 2,13,7,11,23,37,3.0,78,Safe
Tashin Tuhin,1st Year - Sem 1,14,7,10,20,31,2.5,68,Medium Risk
Ahad Ali,2nd Year - Sem 1,20,8,13,29,35,3.25,85,Safe
Nadia Islam,4th Year - Sem 1,15,7,12,20,34,2.75,73,Medium Risk
Tashin Tuhin,3rd Year - Sem 2,13,5,12,24,44,3.25,85,Safe
Tashin Tuhin,2nd Year - Sem 1,19,8,11,22,42,3.0,83,Safe
Rakib Hasan,2nd Year - Sem 2,13,8,13,30,39,3.25,90,Safe
Ahad Ali,1st Year - Sem 1,10,0,2,15,30,0.0,47,High Risk
Tashin Tuhin,3rd Year - Sem 2,20,10,17,37,57,4.0,121,Safe
Nadia Islam,3rd Year - Sem 2,24,10,20,39,53,4.0,122,Safe
Rakib Hasan,1st Year - Sem 1,11,5,2,0,8,0.0,15,High Risk
Shibay Yadav,2nd Year - Sem 2,7,0,1,17,27,0.0,45,High Risk
Nadia Islam,3rd Year - Sem 2,2,4,2,18,27,0.0,51,High Risk
Nadia Islam,1st Year - Sem 1,12,8,13,24,37,3.0,82,Safe
Rakib Hasan,1st Year - Sem 1,22,8,18,30,57,4.0,113,Safe
Karim Uddin,1st Year - Sem 2,14,6,10,24,42,3.0,82,Safe
Tashin Tuhin,4th Year - Sem 2,21,9,19,37,45,4.0,110,Safe
Tashin Tuhin,1st Year - Sem 2,18,8,12,29,34,3.0,83,Safe
Shibay Yadav,1st Year - Sem 2,17,8,10,22,38,3.0,78,Safe
Tashin Tuhin,2nd Year - Sem 1,20,9,17,31,58,4.0,115,Safe
Karim Uddin,1st Year - Sem 2,17,7,15,30,35,3.25,87,Safe
Rakib Hasan,2nd Year - Sem 2,20,8,14,24,34,3.0,80,Safe
Ahad Ali,1st Year - Sem 2,22,9,20,39,54,4.0,122,Safe
Karim Uddin,4th Year - Sem 1,21,10,15,38,60,4.0,123,Safe
Nadia Islam,4th Year - Sem 1,20,9,15,38,51,4.0,113,Safe
Tashin Tuhin,2nd Year - Sem 1,20,9,15,39,47,4.0,110,Safe
Tashin Tuhin,4th Year - Sem 2,1,0,9,9,28,0.0,46,High Risk
Karim Uddin,3rd Year - Sem 1,18,5,15,21,30,2.5,71,Medium Risk
Karim Uddin,2nd Year - Sem 1,17,6,11,28,45,3.25,90,Safe
Tashin Tuhin,1st Year - Sem 1,23,8,18,39,45,4.0,110,Safe
Karim Uddin,3rd Year - Sem 1,17,6,14,30,38,3.25,88,Safe
Tashin Tuhin,1st Year - Sem 1,20,9,19,40,58,4.0,126,Safe
Karim Uddin,4th Year - Sem 2,16,7,11,20,31,2.5,69,Medium Risk
Tashin Tuhin,4th Year - Sem 1,23,9,16,34,59,4.0,118,Safe
Nadia Islam,4th Year - Sem 2,15,7,10,27,45,3.25,89,Safe
Tashin Tuhin,2nd Year - Sem 2,16,6,10,21,34,2.5,71,Medium Risk
Karim Uddin,2nd Year - Sem 1,23,8,19,31,57,4.0,115,Safe
Karim Uddin,4th Year - Sem 1,14,8,14,23,34,3.0,79,Safe
Shibay Yadav,3rd Year - Sem 1,22,9,15,34,57,4.0,115,Safe
Nadia Islam,3rd Year - Sem 1,23,9,18,35,45,4.0,107,Safe
Karim Uddin,3rd Year - Sem 2,18,6,12,25,33,2.75,76,Medium Risk
Nadia Islam,4th Year - Sem 2,20,5,13,25,32,2.75,75,Medium Risk
Rakib Hasan,1st Year - Sem 2,22,9,20,38,54,4.0,121,Safe
Karim Uddin,1st Year - Sem 1,20,8,16,34,57,4.0,115,Safe
Shibay Yadav,4th Year - Sem 2,15,8,13,28,41,3.25,90,Safe
Tashin Tuhin,4th Year - Sem 2,23,10,17,39,60,4.0,126,Safe
Karim Uddin,2nd Year - Sem 2,20,10,16,40,59,4.0,125,Safe
Nadia Islam,3rd Year - Sem 2,12,5,13,22,33,2.75,73,Medium Risk
Nadia Islam,4th Year - Sem 2,24,8,20,31,58,4.0,117,Safe
Tashin Tuhin,4th Year - Sem 1,14,5,13,25,45,3.25,88,Safe
Tashin Tuhin,2nd Year - Sem 1,19,8,10,21,31,2.5,70,Medium Risk
Tashin Tuhin,3rd Year - Sem 1,21,8,15,37,52,4.0,112,Safe
Shibay Yadav,1st Year - Sem 2,4,5,1,4,30,0.0,40,High Risk
Nadia Islam,2nd Year - Sem 2,15,8,13,27,34,3.0,82,Safe
Ahad Ali,1st Year - Sem 1,16,6,13,25,36,3.0,80,Safe
Rakib Hasan,4th Year - Sem 1,16,6,11,22,44,3.0,83,Safe
Rakib Hasan,2nd Year - Sem 1,14,7,12,21,35,2.75,75,Medium Risk
Karim Uddin,1st Year - Sem 2,5,1,0,1,3,0.0,5,High Risk
Rakib Hasan,3rd Year - Sem 2,22,8,15,34,54,4.0,111,Safe
Shibay Yadav,3rd Year - Sem 2,22,8,16,34,45,3.75,103,Safe
Karim Uddin,3rd Year - Sem 2,12,5,11,20,37,2.75,73,Medium Risk
Tashin Tuhin,2nd Year - Sem 2,6,4,5,17,22,0.0,48,High Risk
Rakib Hasan,4th Year - Sem 1,17,6,13,30,34,3.0,83,Safe
Tashin Tuhin,4th Year - Sem 2,17,7,12,23,40,3.0,82,Safe
Shibay Yadav,2nd Year - Sem 2,20,10,20,35,52,4.0,117,Safe
Tashin Tuhin,2nd Year - Sem 1,20,5,14,22,38,3.0,79,Safe
Ahad Ali,2nd Year - Sem 1,8,1,9,20,16,0.0,46,High Risk
Shibay Yadav,3rd Year - Sem 2,8,1,2,6,24,0.0,33,High Risk
Nadia Islam,2nd Year - Sem 2,4,0,3,15,0,0.0,18,High Risk
Rakib Hasan,2nd Year - Sem 2,20,10,19,31,51,4.0,111,Safe
Tashin Tuhin,1st Year - Sem 2,20,8,17,30,46,3.75,101,Safe
Rakib Hasan,3rd Year - Sem 1,10,2,5,12,15,0.0,34,High Risk
Tashin Tuhin,2nd Year - Sem 1,18,7,14,28,38,3.25,87,Safe
Shibay Yadav,4th Year - Sem 2,19,6,12,20,32,2.5,70,Medium Risk
Rakib Hasan,3rd Year - Sem 2,20,5,11,28,34,3.0,78,Safe
Ahad Ali,3rd Year - Sem 1,20,10,16,39,56,4.0,121,Safe
Nadia Islam,1st Year - Sem 1,24,9,17,32,55,4.0,113,Safe
Tashin Tuhin,4th Year - Sem 2,18,5,13,23,36,2.75,77,Medium Risk
Shibay Yadav,4th Year - Sem 1,14,8,13,28,41,3.25,90,Safe
Shibay Yadav,1st Year - Sem 1,20,9,18,35,59,4.0,121,Safe
Tashin Tuhin,2nd Year - Sem 1,24,9,20,36,58,4.0,123,Safe
Ahad Ali,2nd Year - Sem 2,16,6,11,23,36,2.75,76,Medium Risk
Tashin Tuhin,1st Year - Sem 1,12,5,1,13,13,0.0,32,High Risk
Tashin Tuhin,2nd Year - Sem 2,19,6,15,25,40,3.25,86,Safe
Shibay Yadav,4th Year - Sem 1,21,10,18,32,60,4.0,120,Safe
Nadia Islam,1st Year - Sem 1,22,10,18,35,58,4.0,121,Safe
Karim Uddin,1st Year - Sem 2,17,8,10,28,42,3.25,88,Safe
Nadia Islam,2nd Year - Sem 1,12,1,4,3,16,0.0,24,High Risk
Karim Uddin,3rd Year - Sem 2,23,10,20,30,45,4.0,105,Safe
Tashin Tuhin,4th Year - Sem 1,21,9,18,33,55,4.0,115,Safe
Tashin Tuhin,3rd Year - Sem 2,20,9,20,30,49,4.0,108,Safe
Rakib Hasan,3rd Year - Sem 1,18,5,15,26,39,3.25,85,Safe
Karim Uddin,4th Year - Sem 2,18,8,14,26,40,3.25,88,Safe
Shibay Yadav,2nd Year - Sem 2,20,5,14,27,32,3.0,78,Safe
Tashin Tuhin,3rd Year - Sem 1,11,1,3,0,28,0.0,32,High Risk
Nadia Islam,4th Year - Sem 2,12,7,13,21,40,3.0,81,Safe
Nadia Islam,4th Year - Sem 2,21,10,19,38,58,4.0,125,Safe
Tashin Tuhin,4th Year - Sem 1,24,9,20,32,46,4.0,107,Safe
Nadia Islam,1st Year - Sem 2,22,8,20,36,51,4.0,115,Safe
Shibay Yadav,1st Year - Sem 1,24,9,20,36,47,4.0,112,Safe
Shibay Yadav,4th Year - Sem 1,11,5,8,10,14,0.0,37,High Risk
Shibay Yadav,4th Year - Sem 2,6,1,2,0,22,0.0,25,High Risk
Ahad Ali,4th Year - Sem 2,21,8,20,35,53,4.0,116,Safe
Shibay Yadav,2nd Year - Sem 2,24,8,15,31,48,3.75,102,Safe
Karim Uddin,2nd Year - Sem 1,5,2,8,6,10,0.0,26,High Risk
Shibay Yadav,1st Year - Sem 2,23,9,19,40,52,4.0,120,Safe
Ahad Ali,1st Year - Sem 2,14,5,10,29,36,3.0,80,Safe
Karim Uddin,3rd Year - Sem 2,20,9,20,35,50,4.0,114,Safe
Ahad Ali,3rd Year - Sem 2,1,4,9,17,16,0.0,46,High Risk
Tashin Tuhin,4th Year - Sem 2,11,5,5,14,14,0.0,38,High Risk
Ahad Ali,1st Year - Sem 1,9,3,7,4,3,0.0,17,High Risk
Tashin Tuhin,4th Year - Sem 2,20,9,18,33,52,4.0,112,Safe
Ahad Ali,4th Year - Sem 1,23,9,17,35,45,4.0,106,Safe
Tashin Tuhin,1st Year - Sem 2,14,6,12,28,45,3.5,91,Safe
Ahad Ali,1st Year - Sem 1,7,0,9,5,27,0.0,41,High Risk
Nadia Islam,4th Year - Sem 1,12,7,13,20,45,3.25,85,Safe
Tashin Tuhin,4th Year - Sem 1,20,10,16,31,49,4.0,106,Safe
Shibay Yadav,2nd Year - Sem 2,22,8,19,34,57,4.0,118,Safe
Karim Uddin,2nd Year - Sem 2,9,4,10,10,28,2.0,52,High Risk
Ahad Ali,3rd Year - Sem 2,5,4,2,20,7,0.0,33,High Risk
Ahad Ali,2nd Year - Sem 2,21,9,19,37,46,4.0,111,Safe
Karim Uddin,3rd Year - Sem 1,24,8,15,34,49,4.0,106,Safe
Rakib Hasan,4th Year - Sem 1,8,1,8,9,21,0.0,39,High Risk
Ahad Ali,4th Year - Sem 1,11,0,4,20,15,0.0,39,High Risk
Nadia Islam,1st Year - Sem 1,21,9,20,40,49,4.0,118,Safe
Rakib Hasan,2nd Year - Sem 1,17,8,13,25,44,3.25,90,Safe
Tashin Tuhin,3rd Year - Sem 1,19,7,14,21,40,3.0,82,Safe
Shibay Yadav,4th Year - Sem 1,16,6,14,21,42,3.0,83,Safe
Shibay Yadav,1st Year - Sem 1,24,9,16,34,49,4.0,108,Safe
Ahad Ali,4th Year - Sem 2,18,6,10,21,43,3.0,80,Safe
Rakib Hasan,3rd Year - Sem 2,23,9,17,38,56,4.0,120,Safe
Tashin Tuhin,1st Year - Sem 2,21,9,16,34,55,4.0,114,Safe
Ahad Ali,2nd Year - Sem 2,11,4,3,15,2,0.0,24,High Risk
Shibay Yadav,4th Year - Sem 2,20,8,11,27,42,3.25,88,Safe
Tashin Tuhin,4th Year - Sem 1,8,1,4,9,28,0.0,42,High Risk
Nadia Islam,1st Year - Sem 1,19,5,12,22,41,3.0,80,Safe
Nadia Islam,3rd Year - Sem 2,14,5,10,21,38,2.75,74,Medium Risk
Karim Uddin,2nd Year - Sem 2,15,8,10,25,38,3.0,81,Safe
Karim Uddin,3rd Year - Sem 2,21,10,18,40,49,4.0,117,Safe
Tashin Tuhin,4th Year - Sem 2,23,10,19,31,52,4.0,112,Safe
Rakib Hasan,1st Year - Sem 2,8,2,1,14,12,0.0,29,High Risk
Karim Uddin,3rd Year - Sem 1,22,9,17,36,54,4.0,116,Safe
Tashin Tuhin,4th Year - Sem 2,23,8,20,40,59,4.0,127,Safe
Ahad Ali,1st Year - Sem 2,20,8,17,36,45,4.0,106,Safe
Ahad Ali,3rd Year - Sem 1,14,5,13,28,45,3.5,91,Safe
Shibay Yadav,4th Year - Sem 1,22,8,18,34,52,4.0,112,Safe
Ahad Ali,3rd Year - Sem 1,22,10,18,33,51,4.0,112,Safe
Karim Uddin,4th Year - Sem 2,17,6,13,24,42,3.25,85,Safe
Tashin Tuhin,4th Year - Sem 2,22,10,18,40,60,4.0,128,Safe
Nadia Islam,4th Year - Sem 1,16,5,11,20,43,3.0,79,Safe
Ahad Ali,3rd Year - Sem 2,19,5,12,22,33,2.75,72,Medium Risk
Tashin Tuhin,4th Year - Sem 2,6,4,0,10,5,0.0,19,High Risk
Nadia Islam,3rd Year - Sem 1,13,8,14,28,39,3.25,89,Safe
Tashin Tuhin,2nd Year - Sem 2,14,8,13,25,31,2.75,77,Medium Risk
Ahad Ali,3rd Year - Sem 2,23,9,16,36,55,4.0,116,Safe
Tashin Tuhin,2nd Year - Sem 2,17,6,11,27,45,3.25,89,Safe
Ahad Ali,3rd Year - Sem 2,14,7,14,23,41,3.25,85,Safe
Tashin Tuhin,4th Year - Sem 2,23,8,18,38,46,4.0,110,Safe
Karim Uddin,2nd Year - Sem 1,0,0,9,18,5,0.0,32,High Risk
Tashin Tuhin,3rd Year - Sem 1,21,8,17,32,59,4.0,116,Safe
Ahad Ali,3rd Year - Sem 2,5,5,7,14,6,0.0,32,High Risk
Shibay Yadav,4th Year - Sem 1,3,3,6,0,28,0.0,37,High Risk
Rakib Hasan,2nd Year - Sem 2,18,5,13,28,45,3.5,91,Safe
Karim Uddin,4th Year - Sem 1,23,9,15,35,58,4.0,117,Safe
Karim Uddin,1st Year - Sem 1,14,5,13,25,38,3.0,81,Safe
Shibay Yadav,1st Year - Sem 2,20,7,10,23,38,3.0,78,Safe
Tashin Tuhin,4th Year - Sem 1,7,5,2,5,26,0.0,38,High Risk
Shibay Yadav,3rd Year - Sem 1,18,6,10,25,32,2.75,73,Medium Risk
Nadia Islam,4th Year - Sem 1,24,10,19,32,50,4.0,111,Safe
Ahad Ali,4th Year - Sem 2,16,7,13,29,31,3.0,80,Safe
Rakib Hasan,4th Year - Sem 2,12,4,6,12,0,0.0,22,High Risk
Ahad Ali,1st Year - Sem 2,13,7,11,24,30,2.75,72,Medium Risk
Ahad Ali,2nd Year - Sem 2,20,6,14,21,37,3.0,78,Safe
Ahad Ali,1st Year - Sem 2,20,10,19,38,50,4.0,117,Safe
Ahad Ali,1st Year - Sem 1,19,6,14,23,35,3.0,78,Safe
Shibay Yadav,1st Year - Sem 1,12,5,11,26,39,3.0,81,Safe
Karim Uddin,4th Year - Sem 1,20,10,18,32,56,4.0,116,Safe
Ahad Ali,4th Year - Sem 2,22,8,18,30,53,4.0,109,Safe
Karim Uddin,1st Year - Sem 2,22,10,18,35,49,4.0,112,Safe
Nadia Islam,3rd Year - Sem 2,3,4,1,13,1,0.0,19,High Risk
Shibay Yadav,1st Year - Sem 2,13,5,15,28,37,3.25,85,Safe
Karim Uddin,4th Year - Sem 2,20,8,20,30,45,3.75,103,Safe
Ahad Ali,3rd Year - Sem 2,14,7,12,21,33,2.75,73,Medium Risk
Rakib Hasan,2nd Year - Sem 1,14,6,12,27,43,3.25,88,Safe
Nadia Islam,1st Year - Sem 2,4,2,7,17,9,0.0,35,High Risk
Rakib Hasan,2nd Year - Sem 2,14,5,12,30,30,2.75,77,Medium Risk
Karim Uddin,3rd Year - Sem 2,17,7,13,29,38,3.25,87,Safe
Rakib Hasan,4th Year - Sem 2,21,9,19,40,60,4.0,128,Safe
Karim Uddin,1st Year - Sem 2,20,8,15,36,57,4.0,116,Safe
Nadia Islam,3rd Year - Sem 2,19,5,11,26,33,2.75,75,Medium Risk
Tashin Tuhin,2nd Year - Sem 2,11,3,0,7,29,0.0,39,High Risk
Rakib Hasan,4th Year - Sem 1,4,2,0,13,30,0.0,45,High Risk
Rakib Hasan,3rd Year - Sem 2,24,9,18,34,56,4.0,117,Safe
Tashin Tuhin,1st Year - Sem 2,10,0,3,9,2,0.0,14,High Risk
Tashin Tuhin,2nd Year - Sem 1,1,3,10,7,30,0.0,50,High Risk
Tashin Tuhin,4th Year - Sem 1,20,8,18,40,53,4.0,119,Safe
Tashin Tuhin,2nd Year - Sem 1,12,8,15,29,40,3.5,92,Safe
Nadia Islam,1st Year - Sem 2,16,7,13,28,45,3.5,93,Safe
Tashin Tuhin,1st Year - Sem 1,22,10,15,40,48,4.0,113,Safe
Karim Uddin,4th Year - Sem 1,17,8,12,26,30,2.75,76,Medium Risk
Shibay Yadav,2nd Year - Sem 2,22,10,17,39,48,4.0,114,Safe
Tashin Tuhin,4th Year - Sem 1,20,10,20,35,54,4.0,119,Safe
Tashin Tuhin,4th Year - Sem 1,23,9,17,38,50,4.0,114,Safe
Nadia Islam,4th Year - Sem 2,20,8,20,30,49,4.0,107,Safe
Karim Uddin,3rd Year - Sem 1,13,5,13,24,43,3.25,85,Safe
Ahad Ali,4th Year - Sem 2,18,5,13,27,36,3.0,81,Safe
Nadia Islam,2nd Year - Sem 2,24,10,18,32,49,4.0,109,Safe
Tashin Tuhin,2nd Year - Sem 1,12,7,10,21,38,2.75,76,Medium Risk
Shibay Yadav,4th Year - Sem 2,14,8,13,26,36,3.0,83,Safe
Shibay Yadav,3rd Year - Sem 1,23,8,17,32,49,4.0,106,Safe
Nadia Islam,2nd Year - Sem 2,13,5,12,30,39,3.25,86,Safe
Nadia Islam,2nd Year - Sem 2,24,8,17,36,51,4.0,112,Safe
Shibay Yadav,4th Year - Sem 1,23,10,18,30,52,4.0,110,Safe
Tashin Tuhin,1st Year - Sem 2,9,2,3,16,12,0.0,33,High Risk
Nadia Islam,3rd Year - Sem 1,21,8,20,36,45,4.0,109,Safe
Ahad Ali,2nd Year - Sem 1,20,10,16,32,49,4.0,107,Safe
Rakib Hasan,1st Year - Sem 1,22,9,20,30,51,4.0,110,Safe
Karim Uddin,1st Year - Sem 1,20,6,11,28,44,3.25,89,Safe
Shibay Yadav,3rd Year - Sem 2,2,5,0,0,30,0.0,35,High Risk
Nadia Islam,3rd Year - Sem 2,20,7,15,24,32,3.0,78,Safe
Shibay Yadav,3rd Year - Sem 1,20,5,14,21,38,3.0,78,Safe
Karim Uddin,3rd Year - Sem 1,19,8,10,30,39,3.25,87,Safe
Karim Uddin,4th Year - Sem 1,12,5,14,29,42,3.25,90,Safe
Ahad Ali,3rd Year - Sem 1,15,8,10,22,45,3.25,85,Safe
Ahad Ali,1st Year - Sem 1,14,5,15,22,33,2.75,75,Medium Risk
Shibay Yadav,4th Year - Sem 1,12,0,0,5,25,0.0,30,High Risk
Ahad Ali,4th Year - Sem 2,24,9,18,32,54,4.0,113,Safe
Karim Uddin,1st Year - Sem 1,22,8,16,36,51,4.0,111,Safe
Tashin Tuhin,4th Year - Sem 1,20,5,15,23,42,3.25,85,Safe
Tashin Tuhin,1st Year - Sem 1,24,10,15,35,55,4.0,115,Safe
Shibay Yadav,3rd Year - Sem 2,19,5,11,26,45,3.25,87,Safe
Tashin Tuhin,1st Year - Sem 1,22,9,15,39,59,4.0,122,Safe
Tashin Tuhin,1st Year - Sem 1,13,6,13,30,32,3.0,81,Safe
Karim Uddin,4th Year - Sem 1,23,8,20,33,56,4.0,117,Safe
Shibay Yadav,4th Year - Sem 1,22,9,19,30,56,4.0,114,Safe
Ahad Ali,4th Year - Sem 1,1,5,1,19,14,0.0,39,High Risk
Karim Uddin,2nd Year - Sem 1,6,3,6,2,29,0.0,40,High Risk
Nadia Islam,1st Year - Sem 2,12,7,14,21,30,2.75,72,Medium Risk
Rakib Hasan,1st Year - Sem 1,14,5,11,23,31,2.5,70,Medium Risk
Ahad Ali,2nd Year - Sem 2,15,8,10,24,44,3.25,86,Safe
Tashin Tuhin,1st Year - Sem 2,22,9,17,31,45,3.75,102,Safe
Ahad Ali,3rd Year - Sem 1,23,8,17,36,45,4.0,106,Safe
Ahad Ali,3rd Year - Sem 1,20,9,16,35,46,4.0,106,Safe
Tashin Tuhin,1st Year - Sem 1,7,4,9,0,12,0.0,25,High Risk
Tashin Tuhin,3rd Year - Sem 2,20,9,15,31,46,3.75,101,Safe
Rakib Hasan,1st Year - Sem 1,8,5,10,11,23,0.0,49,High Risk
Tashin Tuhin,4th Year - Sem 1,20,9,17,34,57,4.0,117,Safe
Nadia Islam,4th Year - Sem 1,19,6,14,26,34,3.0,80,Safe
Karim Uddin,4th Year - Sem 1,9,1,5,13,5,0.0,24,High Risk
Tashin Tuhin,1st Year - Sem 2,21,8,17,33,50,4.0,108,Safe
Karim Uddin,3rd Year - Sem 1,13,5,14,26,37,3.0,82,Safe
Tashin Tuhin,1st Year - Sem 1,22,10,20,31,46,4.0,107,Safe
Tashin Tuhin,2nd Year - Sem 1,23,10,20,30,53,4.0,113,Safe
Shibay Yadav,1st Year - Sem 1,23,8,16,32,51,4.0,107,Safe
Ahad Ali,2nd Year - Sem 2,5,2,0,3,19,0.0,24,High Risk
Rakib Hasan,3rd Year - Sem 2,20,6,15,28,34,3.0,83,Safe
Tashin Tuhin,3rd Year - Sem 1,24,9,16,37,46,4.0,108,Safe
Tashin Tuhin,2nd Year - Sem 1,22,8,15,39,59,4.0,121,Safe
Rakib Hasan,3rd Year - Sem 2,20,9,17,30,48,4.0,104,Safe
Rakib Hasan,3rd Year - Sem 2,3,2,3,7,8,0.0,20,High Risk
Shibay Yadav,2nd Year - Sem 1,22,9,16,39,46,4.0,110,Safe
Shibay Yadav,4th Year - Sem 2,16,6,12,22,34,2.75,74,Medium Risk
Tashin Tuhin,2nd Year - Sem 2,18,6,11,27,36,3.0,80,Safe
Rakib Hasan,3rd Year - Sem 2,20,9,15,35,49,4.0,108,Safe
Rakib Hasan,4th Year - Sem 1,22,9,17,30,52,4.0,108,Safe
Rakib Hasan,3rd Year - Sem 2,12,8,11,20,39,3.0,78,Safe
Karim Uddin,1st Year - Sem 2,15,8,10,29,30,2.75,77,Medium Risk
Rakib Hasan,3rd Year - Sem 2,17,6,15,27,39,3.25,87,Safe
Shibay Yadav,1st Year - Sem 1,3,0,6,3,7,0.0,16,High Risk
Tashin Tuhin,2nd Year - Sem 1,22,8,17,37,49,4.0,111,Safe
Karim Uddin,2nd Year - Sem 2,21,10,15,35,55,4.0,115,Safe
Nadia Islam,2nd Year - Sem 1,2,1,8,19,28,2.0,56,High Risk
Karim Uddin,3rd Year - Sem 1,7,1,7,13,3,0.0,24,High Risk
Nadia Islam,1st Year - Sem 1,21,9,20,38,59,4.0,126,Safe
Rakib Hasan,2nd Year - Sem 2,12,2,1,14,22,0.0,39,High Risk
Shibay Yadav,3rd Year - Sem 1,6,5,8,6,7,0.0,26,High Risk
Nadia Islam,2nd Year - Sem 2,15,5,13,27,39,3.0,84,Safe
Tashin Tuhin,1st Year - Sem 2,21,8,19,36,55,4.0,118,Safe
Nadia Islam,2nd Year - Sem 1,22,8,17,40,47,4.0,112,Safe
Shibay Yadav,1st Year - Sem 1,6,0,6,1,7,0.0,14,High Risk
Tashin Tuhin,2nd Year - Sem 2,1,1,2,15,19,0.0,37,High Risk
Karim Uddin,3rd Year - Sem 2,18,7,12,26,34,3.0,79,Safe
Tashin Tuhin,2nd Year - Sem 2,12,8,10,20,32,2.5,70,Medium Risk
Rakib Hasan,3rd Year - Sem 2,12,8,14,30,30,3.0,82,Safe
Shibay Yadav,2nd Year - Sem 2,17,8,10,26,34,3.0,78,Safe
Shibay Yadav,2nd Year - Sem 2,20,9,16,36,45,4.0,106,Safe
Ahad Ali,1st Year - Sem 1,13,5,10,29,39,3.0,83,Safe
Nadia Islam,1st Year - Sem 1,8,4,0,0,0,0.0,4,High Risk
Nadia Islam,4th Year - Sem 1,22,10,15,36,59,4.0,120,Safe
Nadia Islam,2nd Year - Sem 2,12,6,15,26,44,3.5,91,Safe
Tashin Tuhin,2nd Year - Sem 2,19,6,10,21,34,2.5,71,Medium Risk
Shibay Yadav,2nd Year - Sem 1,21,8,19,38,46,4.0,111,Safe
Nadia Islam,3rd Year - Sem 1,22,9,16,37,54,4.0,116,Safe
Rakib Hasan,2nd Year - Sem 2,6,4,1,8,4,0.0,17,High Risk
Shibay Yadav,4th Year - Sem 1,21,9,19,40,56,4.0,124,Safe
Shibay Yadav,3rd Year - Sem 2,24,10,16,40,58,4.0,124,Safe
Shibay Yadav,3rd Year - Sem 1,19,5,14,26,32,2.75,77,Medium Risk
Tashin Tuhin,1st Year - Sem 1,17,8,12,21,38,3.0,79,Safe
Karim Uddin,1st Year - Sem 2,21,10,17,31,59,4.0,117,Safe
Karim Uddin,1st Year - Sem 2,22,8,15,35,51,4.0,109,Safe
Tashin Tuhin,2nd Year - Sem 2,11,1,8,19,0,0.0,28,High Risk
Karim Uddin,1st Year - Sem 1,1,1,10,0,3,0.0,14,High Risk
Ahad Ali,2nd Year - Sem 2,19,7,10,25,41,3.0,83,Safe
Nadia Islam,1st Year - Sem 2,20,10,18,34,49,4.0,111,Safe
Shibay Yadav,4th Year - Sem 2,23,9,15,38,57,4.0,119,Safe
Nadia Islam,2nd Year - Sem 1,20,8,20,37,60,4.0,125,Safe
Ahad Ali,1st Year - Sem 1,20,9,15,36,47,4.0,107,Safe
Tashin Tuhin,2nd Year - Sem 2,23,8,18,36,50,4.0,112,Safe
Shibay Yadav,3rd Year - Sem 2,18,8,14,27,32,3.0,81,Safe
Tashin Tuhin,3rd Year - Sem 2,21,8,20,35,59,4.0,122,Safe
Karim Uddin,1st Year - Sem 1,15,7,11,20,32,2.5,70,Medium Risk
Karim Uddin,3rd Year - Sem 1,21,8,19,36,47,4.0,110,Safe
Rakib Hasan,4th Year - Sem 1,22,9,17,37,55,4.0,118,Safe
Nadia Islam,3rd Year - Sem 2,12,5,5,20,10,0.0,40,High Risk
Rakib Hasan,4th Year - Sem 2,0,1,2,17,0,0.0,20,High Risk
Tashin Tuhin,4th Year - Sem 2,19,5,13,26,42,3.25,86,Safe
Karim Uddin,2nd Year - Sem 1,7,1,10,0,23,0.0,34,High Risk
Shibay Yadav,1st Year - Sem 2,21,8,18,37,55,4.0,118,Safe
Ahad Ali,4th Year - Sem 2,5,0,7,17,27,0.0,51,High Risk
Rakib Hasan,4th Year - Sem 1,23,9,18,32,47,4.0,106,Safe
Tashin Tuhin,4th Year - Sem 2,20,9,17,39,50,4.0,115,Safe
Tashin Tuhin,1st Year - Sem 1,23,10,18,31,45,4.0,104,Safe
Tashin Tuhin,4th Year - Sem 2,24,9,20,31,60,4.0,120,Safe
Tashin Tuhin,1st Year - Sem 2,5,3,7,15,16,0.0,41,High Risk
Shibay Yadav,4th Year - Sem 1,15,8,13,25,39,3.25,85,Safe
Rakib Hasan,3rd Year - Sem 1,17,7,11,22,43,3.0,83,Safe
Rakib Hasan,2nd Year - Sem 2,21,9,19,32,50,4.0,110,Safe
Ahad Ali,4th Year - Sem 2,14,6,12,20,45,3.0,83,Safe
Tashin Tuhin,4th Year - Sem 1,20,5,10,28,42,3.25,85,Safe
Karim Uddin,1st Year - Sem 1,23,9,17,31,47,4.0,104,Safe
Shibay Yadav,2nd Year - Sem 2,13,8,12,20,35,2.75,75,Medium Risk
Karim Uddin,4th Year - Sem 1,23,10,19,37,60,4.0,126,Safe
Rakib Hasan,2nd Year - Sem 1,11,5,4,15,4,0.0,28,High Risk
Ahad Ali,3rd Year - Sem 1,21,8,17,34,50,4.0,109,Safe
Rakib Hasan,1st Year - Sem 1,20,8,11,28,44,3.5,91,Safe
Nadia Islam,4th Year - Sem 1,0,1,3,5,8,0.0,17,High Risk
Ahad Ali,2nd Year - Sem 1,24,10,15,36,59,4.0,120,Safe
Rakib Hasan,3rd Year - Sem 2,23,9,15,32,52,4.0,108,Safe
Karim Uddin,2nd Year - Sem 2,15,6,12,23,40,3.0,81,Safe
Karim Uddin,1st Year - Sem 2,16,5,11,25,44,3.25,85,Safe
Ahad Ali,2nd Year - Sem 2,8,0,8,4,4,0.0,16,High Risk
Ahad Ali,4th Year - Sem 2,14,6,11,26,31,2.75,74,Medium Risk
Rakib Hasan,4th Year - Sem 2,12,5,1,8,16,0.0,30,High Risk
Ahad Ali,2nd Year - Sem 1,17,7,12,29,45,3.5,93,Safe
Shibay Yadav,3rd Year - Sem 2,23,8,19,36,50,4.0,113,Safe
Nadia Islam,2nd Year - Sem 2,22,10,20,36,60,4.0,126,Safe
Karim Uddin,2nd Year - Sem 1,4,4,5,14,28,0.0,51,High Risk
Rakib Hasan,4th Year - Sem 1,19,5,14,30,42,3.5,91,Safe
Tashin Tuhin,2nd Year - Sem 2,14,7,12,27,32,3.0,78,Safe
Karim Uddin,2nd Year - Sem 2,23,8,17,30,54,4.0,109,Safe
Karim Uddin,4th Year - Sem 1,20,8,20,32,53,4.0,113,Safe
Shibay Yadav,1st Year - Sem 2,21,8,15,38,50,4.0,111,Safe
Karim Uddin,3rd Year - Sem 2,22,8,19,32,56,4.0,115,Safe
Nadia Islam,3rd Year - Sem 1,21,9,17,30,56,4.0,112,Safe
Tashin Tuhin,1st Year - Sem 2,14,6,14,23,30,2.75,73,Medium Risk
Nadia Islam,3rd Year - Sem 2,18,8,14,28,32,3.0,82,Safe
Nadia Islam,3rd Year - Sem 1,13,8,13,26,32,3.0,79,Safe
Nadia Islam,4th Year - Sem 1,19,7,15,23,31,2.75,76,Medium Risk
Karim Uddin,2nd Year - Sem 2,24,9,15,30,49,3.75,103,Safe
Ahad Ali,4th Year - Sem 2,23,10,18,31,48,4.0,107,Safe
Nadia Islam,3rd Year - Sem 2,12,6,15,29,34,3.0,84,Safe
Tashin Tuhin,4th Year - Sem 2,18,8,13,22,40,3.0,83,Safe
Karim Uddin,1st Year - Sem 2,21,10,19,35,47,4.0,111,Safe
Shibay Yadav,3rd Year - Sem 1,14,7,13,24,30,2.75,74,Medium Risk
Shibay Yadav,1st Year - Sem 2,2,5,8,5,21,0.0,39,High Risk
Karim Uddin,3rd Year - Sem 2,20,5,12,25,30,2.75,72,Medium Risk
Nadia Islam,1st Year - Sem 1,24,10,19,32,53,4.0,114,Safe
Tashin Tuhin,1st Year - Sem 1,5,0,6,20,14,0.0,40,High Risk
Karim Uddin,4th Year - Sem 2,22,8,18,37,50,4.0,113,Safe
Ahad Ali,3rd Year - Sem 2,4,2,1,20,23,0.0,46,High Risk
Shibay Yadav,3rd Year - Sem 1,4,1,1,10,17,0.0,29,High Risk
Tashin Tuhin,3rd Year - Sem 2,19,7,12,24,40,3.0,83,Safe
Shibay Yadav,1st Year - Sem 2,23,10,16,30,48,4.0,104,Safe
Shibay Yadav,1st Year - Sem 1,20,9,18,32,49,4.0,108,Safe
Karim Uddin,3rd Year - Sem 2,10,4,7,7,7,0.0,25,High Risk
Ahad Ali,3rd Year - Sem 2,11,5,8,20,17,0.0,50,High Risk
Rakib Hasan,4th Year - Sem 1,23,8,18,32,54,4.0,112,Safe
Karim Uddin,4th Year - Sem 1,16,7,10,24,40,3.0,81,Safe
Tashin Tuhin,3rd Year - Sem 1,22,9,18,33,51,4.0,111,Safe
Ahad Ali,4th Year - Sem 2,12,2,10,8,6,0.0,26,High Risk
Ahad Ali,4th Year - Sem 2,2,0,4,19,13,0.0,36,High Risk
Rakib Hasan,1st Year - Sem 2,16,7,10,28,40,3.25,85,Safe
Ahad Ali,4th Year - Sem 1,16,6,15,23,31,2.75,75,Medium Risk
Shibay Yadav,2nd Year - Sem 1,22,9,17,34,46,4.0,106,Safe
Ahad Ali,2nd Year - Sem 2,12,7,15,24,44,3.25,90,Safe
Rakib Hasan,2nd Year - Sem 2,22,8,18,35,56,4.0,117,Safe
Nadia Islam,3rd Year - Sem 1,0,5,0,4,7,0.0,16,High Risk
Shibay Yadav,4th Year - Sem 1,17,6,15,22,36,3.0,79,Safe
Karim Uddin,2nd Year - Sem 2,19,8,14,24,45,3.5,91,Safe
Tashin Tuhin,1st Year - Sem 1,12,5,13,27,33,3.0,78,Safe
Karim Uddin,4th Year - Sem 1,20,8,16,32,57,4.0,113,Safe
Karim Uddin,2nd Year - Sem 2,17,5,14,22,32,2.75,73,Medium Risk
Rakib Hasan,2nd Year - Sem 2,17,5,12,29,33,3.0,79,Safe
Nadia Islam,3rd Year - Sem 1,21,8,19,33,56,4.0,116,Safe
Rakib Hasan,1st Year - Sem 2,24,10,20,30,56,4.0,116,Safe
Nadia Islam,1st Year - Sem 2,0,5,8,19,4,0.0,36,High Risk
Tashin Tuhin,4th Year - Sem 1,24,9,20,40,58,4.0,127,Safe
Nadia Islam,4th Year - Sem 2,21,9,16,36,48,4.0,109,Safe
Tashin Tuhin,3rd Year - Sem 2,21,8,16,31,59,4.0,114,Safe
Shibay Yadav,3rd Year - Sem 1,20,10,16,39,57,4.0,122,Safe
Nadia Islam,4th Year - Sem 1,9,0,7,7,26,0.0,40,High Risk
Tashin Tuhin,3rd Year - Sem 1,24,9,16,39,52,4.0,116,Safe
Rakib Hasan,2nd Year - Sem 1,14,5,11,26,42,3.0,84,Safe
Shibay Yadav,1st Year - Sem 1,20,10,15,31,52,4.0,108,Safe
Karim Uddin,4th Year - Sem 2,24,9,15,35,45,4.0,104,Safe
Karim Uddin,2nd Year - Sem 2,15,5,10,26,36,2.75,77,Medium Risk
Karim Uddin,1st Year - Sem 2,11,4,6,17,24,0.0,51,High Risk
Ahad Ali,1st Year - Sem 1,2,5,7,7,19,0.0,38,High Risk
Shibay Yadav,2nd Year - Sem 1,17,6,13,23,33,2.75,75,Medium Risk
Shibay Yadav,2nd Year - Sem 1,22,9,18,40,57,4.0,124,Safe
Tashin Tuhin,1st Year - Sem 2,23,9,16,36,50,4.0,111,Safe
Shibay Yadav,2nd Year - Sem 2,17,6,12,23,36,2.75,77,Medium Risk
Nadia Islam,2nd Year - Sem 2,21,10,17,31,58,4.0,116,Safe
Nadia Islam,4th Year - Sem 2,10,3,9,0,19,0.0,31,High Risk
Nadia Islam,2nd Year - Sem 2,1,1,5,2,21,0.0,29,High Risk
Karim Uddin,4th Year - Sem 1,12,3,3,4,30,0.0,40,High Risk
Tashin Tuhin,1st Year - Sem 1,22,8,20,31,56,4.0,115,Safe
Karim Uddin,4th Year - Sem 2,17,7,11,28,33,3.0,79,Safe
Ahad Ali,4th Year - Sem 1,13,5,13,27,44,3.25,89,Safe
Rakib Hasan,4th Year - Sem 2,17,8,10,21,31,2.5,70,Medium Risk
Rakib Hasan,1st Year - Sem 1,22,8,18,33,55,4.0,114,Safe
Karim Uddin,1st Year - Sem 2,22,10,18,36,59,4.0,123,Safe
Tashin Tuhin,1st Year - Sem 1,20,8,12,23,44,3.25,87,Safe
Shibay Yadav,1st Year - Sem 2,21,9,18,37,57,4.0,121,Safe
Karim Uddin,1st Year - Sem 1,24,9,19,32,59,4.0,119,Safe
Karim Uddin,1st Year - Sem 2,20,10,20,31,58,4.0,119,Safe
Ahad Ali,2nd Year - Sem 2,20,7,12,24,45,3.25,88,Safe
Tashin Tuhin,2nd Year - Sem 2,14,5,14,23,35,2.75,77,Medium Risk
Shibay Yadav,1st Year - Sem 2,22,10,20,39,60,4.0,129,Safe
Ahad Ali,4th Year - Sem 2,23,9,19,33,52,4.0,113,Safe
Shibay Yadav,1st Year - Sem 1,20,9,20,31,48,4.0,108,Safe
Ahad Ali,2nd Year - Sem 1,21,9,20,36,46,4.0,111,Safe
Rakib Hasan,1st Year - Sem 2,19,6,11,28,30,2.75,75,Medium Risk
Shibay Yadav,1st Year - Sem 1,15,8,12,25,36,3.0,81,Safe
Ahad Ali,2nd Year - Sem 1,13,5,14,24,36,3.0,79,Safe
Rakib Hasan,2nd Year - Sem 2,24,9,15,34,45,3.75,103,Safe
Ahad Ali,2nd Year - Sem 1,20,10,20,38,60,4.0,128,Safe
Nadia Islam,4th Year - Sem 1,23,8,20,33,53,4.0,114,Safe
Rakib Hasan,4th Year - Sem 2,12,5,13,23,40,3.0,81,Safe
Rakib Hasan,3rd Year - Sem 1,18,5,11,24,33,2.75,73,Medium Risk
Ahad Ali,4th Year - Sem 2,23,8,15,32,46,3.75,101,Safe
Ahad Ali,2nd Year - Sem 2,23,8,15,31,53,4.0,107,Safe
Ahad Ali,1st Year - Sem 2,23,9,19,39,57,4.0,124,Safe
Tashin Tuhin,3rd Year - Sem 1,23,10,15,33,58,4.0,116,Safe
Karim Uddin,4th Year - Sem 2,21,8,18,37,58,4.0,121,Safe
Shibay Yadav,4th Year - Sem 1,21,8,19,31,56,4.0,114,Safe
Nadia Islam,2nd Year - Sem 1,15,7,15,27,43,3.5,92,Safe
Ahad Ali,2nd Year - Sem 2,2,4,4,20,20,0.0,48,High Risk
Shibay Yadav,3rd Year - Sem 2,22,8,16,31,60,4.0,115,Safe
Rakib Hasan,3rd Year - Sem 2,23,10,18,35,48,4.0,111,Safe
Tashin Tuhin,2nd Year - Sem 2,12,5,12,28,30,2.75,75,Medium Risk
Karim Uddin,4th Year - Sem 1,22,8,19,31,56,4.0,114,Safe
Ahad Ali,4th Year - Sem 2,14,6,15,23,40,3.0,84,Safe
Tashin Tuhin,2nd Year - Sem 2,18,8,13,26,38,3.25,85,Safe
Karim Uddin,4th Year - Sem 1,23,10,16,39,47,4.0,112,Safe
Tashin Tuhin,2nd Year - Sem 1,24,10,17,40,45,4.0,112,Safe
Ahad Ali,3rd Year - Sem 1,16,5,10,28,41,3.0,84,Safe
Shibay Yadav,1st Year - Sem 2,12,6,10,27,30,2.75,73,Medium Risk
Shibay Yadav,4th Year - Sem 1,23,10,16,34,52,4.0,112,Safe
Ahad Ali,2nd Year - Sem 1,24,9,16,37,58,4.0,120,Safe
Shibay Yadav,3rd Year - Sem 1,7,5,9,19,30,2.25,63,High Risk
Rakib Hasan,4th Year - Sem 2,21,9,17,39,52,4.0,117,Safe
Karim Uddin,2nd Year - Sem 1,19,7,11,26,30,2.75,74,Medium Risk
Karim Uddin,3rd Year - Sem 2,18,6,12,25,31,2.75,74,Medium Risk
Nadia Islam,3rd Year - Sem 2,21,9,18,32,46,4.0,105,Safe
Nadia Islam,1st Year - Sem 1,19,8,11,20,36,2.75,75,Medium Risk
Karim Uddin,4th Year - Sem 1,0,1,1,16,5,0.0,23,High Risk
Rakib Hasan,3rd Year - Sem 2,24,10,18,38,58,4.0,124,Safe
Karim Uddin,2nd Year - Sem 2,20,10,15,37,54,4.0,116,Safe
Rakib Hasan,4th Year - Sem 2,22,10,18,39,48,4.0,115,Safe
Rakib Hasan,4th Year - Sem 2,24,8,16,39,60,4.0,123,Safe
Ahad Ali,1st Year - Sem 1,18,8,13,25,40,3.25,86,Safe
Shibay Yadav,1st Year - Sem 2,24,8,16,36,53,4.0,113,Safe
Nadia Islam,1st Year - Sem 1,4,3,6,10,1,0.0,20,High Risk
Tashin Tuhin,2nd Year - Sem 1,13,8,11,29,32,3.0,80,Safe
Shibay Yadav,2nd Year - Sem 1,16,8,10,27,36,3.0,81,Safe
Karim Uddin,2nd Year - Sem 2,24,8,18,35,49,4.0,110,Safe
Rakib Hasan,1st Year - Sem 1,21,9,17,33,57,4.0,116,Safe
Shibay Yadav,3rd Year - Sem 1,19,8,12,27,35,3.0,82,Safe
Tashin Tuhin,1st Year - Sem 2,8,4,9,0,3,0.0,16,High Risk
Rakib Hasan,4th Year - Sem 1,20,9,15,33,54,4.0,111,Safe
Ahad Ali,4th Year - Sem 1,13,6,13,25,39,3.0,83,Safe
Rakib Hasan,4th Year - Sem 2,9,3,7,20,5,0.0,35,High Risk
Karim Uddin,3rd Year - Sem 1,21,9,19,33,52,4.0,113,Safe
Rakib Hasan,4th Year - Sem 1,16,6,12,28,30,2.75,76,Medium Risk
Ahad Ali,4th Year - Sem 2,8,3,2,10,20,0.0,35,High Risk
Rakib Hasan,4th Year - Sem 2,17,8,14,23,34,3.0,79,Safe
Nadia Islam,1st Year - Sem 1,22,9,19,33,49,4.0,110,Safe
Rakib Hasan,1st Year - Sem 2,22,9,18,33,45,4.0,105,Safe
Tashin Tuhin,2nd Year - Sem 1,6,5,6,3,23,0.0,37,High Risk
Karim Uddin,2nd Year - Sem 1,7,5,3,4,9,0.0,21,High Risk
Shibay Yadav,2nd Year - Sem 2,7,3,5,9,0,0.0,17,High Risk
Nadia Islam,1st Year - Sem 2,6,0,7,5,4,0.0,16,High Risk
Rakib Hasan,4th Year - Sem 2,15,6,14,23,32,2.75,75,Medium Risk
Rakib Hasan,4th Year - Sem 1,24,8,16,40,58,4.0,122,Safe
Nadia Islam,1st Year - Sem 2,12,6,14,23,38,3.0,81,Safe
Tashin Tuhin,2nd Year - Sem 2,9,3,0,2,16,0.0,21,High Risk
Shibay Yadav,2nd Year - Sem 2,23,10,16,32,53,4.0,111,Safe
Rakib Hasan,2nd Year - Sem 1,5,4,7,12,23,0.0,46,High Risk
Rakib Hasan,2nd Year - Sem 2,22,9,20,31,51,4.0,111,Safe
Tashin Tuhin,3rd Year - Sem 1,23,8,15,36,53,4.0,112,Safe
Tashin Tuhin,1st Year - Sem 2,20,8,13,26,36,3.0,83,Safe
Tashin Tuhin,1st Year - Sem 1,13,5,14,20,40,3.0,79,Safe
Karim Uddin,3rd Year - Sem 1,20,8,17,36,47,4.0,108,Safe
Tashin Tuhin,2nd Year - Sem 1,20,7,15,30,37,3.25,89,Safe
Rakib Hasan,2nd Year - Sem 1,22,10,17,32,58,4.0,117,Safe
Nadia Islam,2nd Year - Sem 1,13,6,12,28,37,3.0,83,Safe
Nadia Islam,1st Year - Sem 1,14,8,12,25,45,3.25,90,Safe
Shibay Yadav,2nd Year - Sem 2,21,10,20,38,53,4.0,121,Safe
Ahad Ali,1st Year - Sem 1,17,7,10,29,34,3.0,80,Safe
Rakib Hasan,1st Year - Sem 2,12,6,10,23,38,2.75,77,Medium Risk
Rakib Hasan,4th Year - Sem 1,20,9,15,34,57,4.0,115,Safe
Shibay Yadav,2nd Year - Sem 1,23,9,19,38,48,4.0,114,Safe
Tashin Tuhin,4th Year - Sem 2,13,7,13,24,30,2.75,74,Medium Risk
Karim Uddin,1st Year - Sem 2,20,8,16,40,52,4.0,116,Safe
Ahad Ali,1st Year - Sem 1,24,10,15,32,49,4.0,106,Safe
Nadia Islam,2nd Year - Sem 2,22,10,18,31,52,4.0,111,Safe
Karim Uddin,1st Year - Sem 2,18,7,13,20,42,3.0,82,Safe
Nadia Islam,1st Year - Sem 1,24,8,18,34,58,4.0,118,Safe
Ahad Ali,3rd Year - Sem 1,24,8,16,35,45,4.0,104,Safe
Ahad Ali,4th Year - Sem 2,24,10,18,39,59,4.0,126,Safe
Shibay Yadav,2nd Year - Sem 1,17,5,11,30,38,3.0,84,Safe
Ahad Ali,4th Year - Sem 2,18,8,12,21,31,2.75,72,Medium Risk
Karim Uddin,3rd Year - Sem 2,24,8,18,37,48,4.0,111,Safe
Shibay Yadav,2nd Year - Sem 2,23,8,19,38,60,4.0,125,Safe
Nadia Islam,3rd Year - Sem 1,22,8,17,34,54,4.0,113,Safe
Tashin Tuhin,4th Year - Sem 1,20,8,19,32,54,4.0,113,Safe
Ahad Ali,2nd Year - Sem 2,24,8,16,30,45,3.75,99,Safe
Karim Uddin,4th Year - Sem 2,12,0,5,11,24,0.0,40,High Risk
Karim Uddin,2nd Year - Sem 1,21,9,20,30,45,4.0,104,Safe
Rakib Hasan,4th Year - Sem 1,8,3,5,5,24,0.0,37,High Risk
Tashin Tuhin,2nd Year - Sem 1,14,8,14,22,37,3.0,81,Safe
Shibay Yadav,1st Year - Sem 1,21,10,15,34,55,4.0,114,Safe
Nadia Islam,3rd Year - Sem 1,8,3,6,12,17,0.0,38,High Risk
Nadia Islam,3rd Year - Sem 1,5,1,4,16,24,0.0,45,High Risk
Karim Uddin,1st Year - Sem 2,5,3,10,4,18,0.0,35,High Risk
Tashin Tuhin,4th Year - Sem 1,21,10,20,35,58,4.0,123,Safe
Rakib Hasan,2nd Year - Sem 2,24,10,16,35,49,4.0,110,Safe
Ahad Ali,4th Year - Sem 2,10,3,7,13,17,0.0,40,High Risk
Ahad Ali,3rd Year - Sem 1,21,8,18,40,54,4.0,120,Safe
Shibay Yadav,2nd Year - Sem 2,12,5,10,26,34,2.75,75,Medium Risk
Ahad Ali,4th Year - Sem 1,17,7,15,22,30,2.75,74,Medium Risk
Rakib Hasan,2nd Year - Sem 2,21,9,18,40,55,4.0,122,Safe
Karim Uddin,3rd Year - Sem 2,9,0,1,0,29,0.0,30,High Risk
Rakib Hasan,2nd Year - Sem 2,24,8,18,36,51,4.0,113,Safe
Rakib Hasan,3rd Year - Sem 1,9,5,4,16,18,0.0,43,High Risk
Tashin Tuhin,4th Year - Sem 2,18,5,11,22,34,2.75,72,Medium Risk
Shibay Yadav,4th Year - Sem 1,18,6,11,21,36,2.75,74,Medium Risk
Rakib Hasan,1st Year - Sem 1,24,10,17,33,45,4.0,105,Safe
Nadia Islam,1st Year - Sem 1,2,3,0,10,13,0.0,26,High Risk
Karim Uddin,4th Year - Sem 2,20,9,15,31,46,3.75,101,Safe
Karim Uddin,1st Year - Sem 2,12,5,3,18,12,0.0,38,High Risk
Karim Uddin,2nd Year - Sem 2,24,8,16,34,45,3.75,103,Safe
Tashin Tuhin,4th Year - Sem 2,8,3,3,5,16,0.0,27,High Risk
Karim Uddin,2nd Year - Sem 2,12,6,14,28,38,3.25,86,Safe
Shibay Yadav,2nd Year - Sem 2,20,8,18,36,60,4.0,122,Safe
Rakib Hasan,4th Year - Sem 1,22,10,16,30,47,3.75,103,Safe
Rakib Hasan,3rd Year - Sem 1,14,8,15,27,42,3.5,92,Safe
Ahad Ali,4th Year - Sem 1,22,10,18,38,57,4.0,123,Safe
Ahad Ali,4th Year - Sem 2,17,8,15,30,32,3.25,85,Safe
Karim Uddin,3rd Year - Sem 1,16,5,11,28,44,3.25,88,Safe
Karim Uddin,1st Year - Sem 1,11,5,7,20,10,0.0,42,High Risk
Nadia Islam,1st Year - Sem 2,20,8,20,38,56,4.0,122,Safe
Tashin Tuhin,3rd Year - Sem 2,12,6,10,25,31,2.75,72,Medium Risk
Shibay Yadav,4th Year - Sem 1,14,7,15,28,36,3.25,86,Safe
Karim Uddin,3rd Year - Sem 1,15,7,12,27,44,3.25,90,Safe
Ahad Ali,1st Year - Sem 1,15,6,14,30,41,3.5,91,Safe
Shibay Yadav,2nd Year - Sem 2,24,9,20,38,51,4.0,118,Safe
Karim Uddin,1st Year - Sem 1,21,8,16,36,45,4.0,105,Safe
Tashin Tuhin,4th Year - Sem 2,17,8,14,30,45,3.5,97,Safe
Nadia Islam,4th Year - Sem 2,20,10,20,30,57,4.0,117,Safe
Nadia Islam,2nd Year - Sem 2,15,7,14,25,36,3.0,82,Safe
Nadia Islam,1st Year - Sem 1,18,6,10,23,32,2.5,71,Medium Risk
Shibay Yadav,3rd Year - Sem 2,20,6,15,30,37,3.25,88,Safe
Rakib Hasan,2nd Year - Sem 2,20,5,12,22,30,2.5,69,Medium Risk
Shibay Yadav,4th Year - Sem 1,17,7,11,24,39,3.0,81,Safe
Karim Uddin,2nd Year - Sem 1,14,6,10,27,45,3.25,88,Safe
Rakib Hasan,3rd Year - Sem 2,20,9,20,31,60,4.0,120,Safe
Ahad Ali,2nd Year - Sem 1,19,5,13,20,32,2.5,70,Medium Risk
Shibay Yadav,1st Year - Sem 2,2,5,2,19,21,0.0,47,High Risk
Karim Uddin,2nd Year - Sem 2,2,1,7,9,30,0.0,47,High Risk
Karim Uddin,2nd Year - Sem 1,20,6,15,29,42,3.5,92,Safe
Nadia Islam,2nd Year - Sem 1,24,8,20,33,51,4.0,112,Safe
Rakib Hasan,1st Year - Sem 1,24,9,18,40,59,4.0,126,Safe
Ahad Ali,2nd Year - Sem 1,20,8,20,34,56,4.0,118,Safe
Nadia Islam,3rd Year - Sem 2,1,0,3,0,27,0.0,30,High Risk
Ahad Ali,1st Year - Sem 2,21,10,20,31,54,4.0,115,Safe
Ahad Ali,4th Year - Sem 2,24,9,17,38,55,4.0,119,Safe
Nadia Islam,3rd Year - Sem 1,19,8,15,24,36,3.0,83,Safe
Tashin Tuhin,3rd Year - Sem 2,23,10,18,38,49,4.0,115,Safe
Karim Uddin,1st Year - Sem 1,20,10,18,30,57,4.0,115,Safe
Ahad Ali,1st Year - Sem 1,20,9,16,40,53,4.0,118,Safe
Ahad Ali,1st Year - Sem 1,14,7,14,29,41,3.5,91,Safe
Ahad Ali,1st Year - Sem 1,14,5,12,20,30,2.5,67,Medium Risk
Nadia Islam,1st Year - Sem 2,21,10,20,35,46,4.0,111,Safe
Ahad Ali,1st Year - Sem 2,19,5,11,20,44,3.0,80,Safe
Tashin Tuhin,4th Year - Sem 2,23,10,20,33,60,4.0,123,Safe
Tashin Tuhin,1st Year - Sem 1,13,6,14,20,34,2.75,74,Medium Risk
Rakib Hasan,1st Year - Sem 2,24,10,16,39,46,4.0,111,Safe
Shibay Yadav,2nd Year - Sem 1,13,6,14,20,44,3.0,84,Safe
Nadia Islam,1st Year - Sem 2,20,5,12,21,40,3.0,78,Safe
Karim Uddin,1st Year - Sem 1,12,3,0,11,21,0.0,35,High Risk
Ahad Ali,3rd Year - Sem 2,23,9,18,32,60,4.0,119,Safe
Karim Uddin,3rd Year - Sem 2,16,8,14,24,33,3.0,79,Safe
Ahad Ali,3rd Year - Sem 2,21,8,19,31,47,4.0,105,Safe
Rakib Hasan,1st Year - Sem 1,20,8,17,32,49,4.0,106,Safe
Ahad Ali,1st Year - Sem 2,14,5,12,25,32,2.75,74,Medium Risk
Karim Uddin,4th Year - Sem 2,19,8,14,29,31,3.0,82,Safe
Nadia Islam,2nd Year - Sem 2,20,8,13,29,40,3.25,90,Safe
Karim Uddin,4th Year - Sem 2,21,9,15,35,57,4.0,116,Safe
Shibay Yadav,4th Year - Sem 1,18,5,15,22,44,3.25,86,Safe
Shibay Yadav,4th Year - Sem 2,17,6,12,26,39,3.0,83,Safe
Ahad Ali,1st Year - Sem 1,13,6,13,24,33,2.75,76,Medium Risk
Tashin Tuhin,1st Year - Sem 1,24,8,19,40,60,4.0,127,Safe
Nadia Islam,4th Year - Sem 2,18,5,13,27,45,3.25,90,Safe
Tashin Tuhin,4th Year - Sem 1,20,10,17,30,55,4.0,112,Safe
Nadia Islam,4th Year - Sem 2,19,7,14,25,37,3.0,83,Safe
Nadia Islam,3rd Year - Sem 2,17,5,15,25,43,3.25,88,Safe
Tashin Tuhin,1st Year - Sem 1,21,8,20,35,54,4.0,117,Safe
Nadia Islam,4th Year - Sem 2,19,7,12,20,36,2.75,75,Medium Risk
Karim Uddin,2nd Year - Sem 2,17,5,15,24,40,3.0,84,Safe
Karim Uddin,2nd Year - Sem 1,16,7,11,28,41,3.25,87,Safe
Ahad Ali,4th Year - Sem 1,18,7,12,29,37,3.25,85,Safe
Nadia Islam,3rd Year - Sem 2,14,8,14,24,45,3.5,91,Safe
Tashin Tuhin,1st Year - Sem 1,24,9,15,30,52,4.0,106,Safe
Tashin Tuhin,2nd Year - Sem 2,18,6,10,27,30,2.75,73,Medium Risk
Rakib Hasan,3rd Year - Sem 2,10,2,1,1,15,0.0,19,High Risk
Rakib Hasan,3rd Year - Sem 1,14,5,13,29,40,3.25,87,Safe
Rakib Hasan,1st Year - Sem 1,22,10,20,40,50,4.0,120,Safe
Nadia Islam,4th Year - Sem 1,24,10,20,30,58,4.0,118,Safe
Shibay Yadav,4th Year - Sem 1,19,7,10,26,37,3.0,80,Safe
Nadia Islam,4th Year - Sem 1,23,8,15,38,53,4.0,114,Safe
Nadia Islam,1st Year - Sem 2,4,0,4,10,26,0.0,40,High Risk
Shibay Yadav,2nd Year - Sem 2,21,10,17,34,52,4.0,113,Safe
Shibay Yadav,3rd Year - Sem 2,12,3,9,2,5,0.0,19,High Risk
Rakib Hasan,4th Year - Sem 1,22,9,17,37,50,4.0,113,Safe
Tashin Tuhin,3rd Year - Sem 2,13,6,12,27,33,3.0,78,Safe
Nadia Islam,3rd Year - Sem 2,23,8,20,35,48,4.0,111,Safe
Ahad Ali,2nd Year - Sem 2,19,6,12,29,33,3.0,80,Safe
Nadia Islam,3rd Year - Sem 2,22,8,15,32,58,4.0,113,Safe
Nadia Islam,4th Year - Sem 1,20,10,17,38,59,4.0,124,Safe
Nadia Islam,1st Year - Sem 1,17,8,11,20,30,2.5,69,Medium Risk
Rakib Hasan,2nd Year - Sem 2,19,5,14,21,43,3.0,83,Safe
Tashin Tuhin,2nd Year - Sem 1,3,1,7,5,20,0.0,33,High Risk
Rakib Hasan,2nd Year - Sem 2,12,2,0,8,18,0.0,28,High Risk
Ahad Ali,4th Year - Sem 2,12,5,15,26,45,3.5,91,Safe
Shibay Yadav,3rd Year - Sem 2,17,8,14,26,34,3.0,82,Safe
Karim Uddin,3rd Year - Sem 1,24,9,20,33,47,4.0,109,Safe
Rakib Hasan,1st Year - Sem 1,5,2,10,12,25,0.0,49,High Risk
Nadia Islam,1st Year - Sem 1,22,8,16,37,60,4.0,121,Safe
Karim Uddin,3rd Year - Sem 2,24,10,15,40,54,4.0,119,Safe
Tashin Tuhin,1st Year - Sem 1,23,10,16,37,55,4.0,118,Safe
Shibay Yadav,1st Year - Sem 2,23,10,20,33,60,4.0,123,Safe
Karim Uddin,3rd Year - Sem 2,19,5,10,30,39,3.0,84,Safe
Tashin Tuhin,3rd Year - Sem 1,22,10,20,34,60,4.0,124,Safe
Shibay Yadav,4th Year - Sem 2,19,7,11,27,40,3.25,85,Safe
Karim Uddin,4th Year - Sem 1,0,4,1,11,17,0.0,33,High Risk
Shibay Yadav,3rd Year - Sem 1,17,5,14,20,37,2.75,76,Medium Risk
Rakib Hasan,3rd Year - Sem 2,19,7,10,25,42,3.0,84,Safe
Tashin Tuhin,3rd Year - Sem 1,19,7,14,21,31,2.75,73,Medium Risk
Karim Uddin,4th Year - Sem 1,15,7,10,29,42,3.25,88,Safe
Karim Uddin,3rd Year - Sem 1,14,5,11,29,37,3.0,82,Safe
Rakib Hasan,3rd Year - Sem 1,24,8,19,39,60,4.0,126,Safe
Tashin Tuhin,2nd Year - Sem 1,5,1,8,3,10,0.0,22,High Risk
Rakib Hasan,2nd Year - Sem 2,22,8,18,30,54,4.0,110,Safe
Tashin Tuhin,2nd Year - Sem 2,18,8,12,25,35,3.0,80,Safe
Karim Uddin,3rd Year - Sem 1,20,6,15,23,38,3.0,82,Safe
Nadia Islam,2nd Year - Sem 1,24,10,17,30,48,4.0,105,Safe
Karim Uddin,4th Year - Sem 1,11,0,1,11,18,0.0,30,High Risk
Shibay Yadav,1st Year - Sem 1,0,4,0,13,1,0.0,18,High Risk
Karim Uddin,3rd Year - Sem 2,16,7,12,24,45,3.25,88,Safe
Karim Uddin,3rd Year - Sem 2,23,9,19,33,51,4.0,112,Safe
Shibay Yadav,3rd Year - Sem 2,20,10,15,32,59,4.0,116,Safe
Rakib Hasan,3rd Year - Sem 2,15,6,13,21,36,2.75,76,Medium Risk
Ahad Ali,2nd Year - Sem 1,24,8,16,36,53,4.0,113,Safe
Nadia Islam,3rd Year - Sem 2,23,8,18,38,59,4.0,123,Safe
Ahad Ali,3rd Year - Sem 2,23,10,18,40,52,4.0,120,Safe
Rakib Hasan,3rd Year - Sem 1,14,7,12,22,39,3.0,80,Safe
Shibay Yadav,2nd Year - Sem 1,21,10,18,35,60,4.0,123,Safe
Tashin Tuhin,1st Year - Sem 1,24,9,20,31,46,4.0,106,Safe
Karim Uddin,3rd Year - Sem 1,21,8,18,31,50,4.0,107,Safe
Rakib Hasan,2nd Year - Sem 2,23,8,19,33,51,4.0,111,Safe
Karim Uddin,3rd Year - Sem 1,7,0,10,16,21,0.0,47,High Risk
Tashin Tuhin,2nd Year - Sem 2,2,1,9,4,21,0.0,35,High Risk
Shibay Yadav,4th Year - Sem 2,23,8,18,36,51,4.0,113,Safe
Ahad Ali,4th Year - Sem 1,17,8,13,20,35,2.75,76,Medium Risk
Nadia Islam,3rd Year - Sem 1,0,2,9,18,4,0.0,33,High Risk
Ahad Ali,2nd Year - Sem 2,4,5,3,20,12,0.0,40,High Risk
Ahad Ali,2nd Year - Sem 1,18,5,10,25,38,3.0,78,Safe
Shibay Yadav,4th Year - Sem 2,21,8,16,33,52,4.0,109,Safe
Nadia Islam,1st Year - Sem 1,18,5,13,30,30,3.0,78,Safe
Karim Uddin,3rd Year - Sem 1,1,3,2,15,15,0.0,35,High Risk
Ahad Ali,1st Year - Sem 1,18,8,14,27,42,3.5,91,Safe
Karim Uddin,3rd Year - Sem 1,19,5,10,20,32,2.5,67,Medium Risk
Ahad Ali,4th Year - Sem 2,20,10,19,30,47,4.0,106,Safe
Rakib Hasan,2nd Year - Sem 1,11,2,2,4,3,0.0,11,High Risk
Shibay Yadav,4th Year - Sem 2,12,5,12,28,40,3.25,85,Safe
Karim Uddin,2nd Year - Sem 2,24,9,19,38,57,4.0,123,Safe
Nadia Islam,4th Year - Sem 1,22,9,18,30,48,4.0,105,Safe
Ahad Ali,1st Year - Sem 2,23,8,15,31,51,4.0,105,Safe
Karim Uddin,3rd Year - Sem 2,22,9,17,33,54,4.0,113,Safe
Rakib Hasan,1st Year - Sem 1,12,8,14,29,30,3.0,81,Safe
Karim Uddin,1st Year - Sem 2,24,9,15,31,56,4.0,111,Safe
Rakib Hasan,1st Year - Sem 2,13,6,15,25,40,3.25,86,Safe
Shibay Yadav,3rd Year - Sem 2,20,8,20,35,49,4.0,112,Safe
Tashin Tuhin,3rd Year - Sem 1,20,9,16,34,45,4.0,104,Safe
Nadia Islam,1st Year - Sem 2,2,5,9,13,4,0.0,31,High Risk
Karim Uddin,2nd Year - Sem 1,22,8,15,30,60,4.0,113,Safe
Nadia Islam,2nd Year - Sem 1,22,8,20,33,56,4.0,117,Safe
Shibay Yadav,4th Year - Sem 2,20,8,17,31,57,4.0,113,Safe
Rakib Hasan,2nd Year - Sem 1,12,7,10,24,37,3.0,78,Safe
Rakib Hasan,1st Year - Sem 1,21,8,18,36,55,4.0,117,Safe
Rakib Hasan,4th Year - Sem 1,6,5,0,9,4,0.0,18,High Risk
Karim Uddin,2nd Year - Sem 2,11,1,8,0,21,0.0,30,High Risk
Nadia Islam,1st Year - Sem 1,10,1,10,12,5,0.0,28,High Risk
Shibay Yadav,1st Year - Sem 1,22,10,18,31,46,4.0,105,Safe
Karim Uddin,3rd Year - Sem 1,18,8,11,22,32,2.75,73,Medium Risk
Nadia Islam,1st Year - Sem 2,5,5,7,20,22,2.0,54,High Risk
Karim Uddin,2nd Year - Sem 2,13,5,14,23,42,3.0,84,Safe
Karim Uddin,1st Year - Sem 1,10,3,3,4,20,0.0,30,High Risk
Karim Uddin,1st Year - Sem 2,20,6,14,20,36,2.75,76,Medium Risk
Nadia Islam,1st Year - Sem 2,16,7,12,23,38,3.0,80,Safe
Tashin Tuhin,3rd Year - Sem 2,23,8,19,31,52,4.0,110,Safe
Tashin Tuhin,2nd Year - Sem 1,20,10,17,35,48,4.0,110,Safe
Rakib Hasan,1st Year - Sem 2,20,10,16,35,56,4.0,117,Safe
Nadia Islam,3rd Year - Sem 1,22,8,15,30,55,4.0,108,Safe
Shibay Yadav,4th Year - Sem 1,20,10,16,39,59,4.0,124,Safe
Ahad Ali,2nd Year - Sem 2,24,8,18,40,45,4.0,111,Safe
Nadia Islam,2nd Year - Sem 2,24,8,19,35,58,4.0,120,Safe
Rakib Hasan,2nd Year - Sem 1,20,6,14,21,41,3.0,82,Safe
Nadia Islam,4th Year - Sem 2,5,1,4,15,19,0.0,39,High Risk
Nadia Islam,2nd Year - Sem 1,1,1,8,11,0,0.0,20,High Risk
Nadia Islam,3rd Year - Sem 1,7,1,2,12,0,0.0,15,High Risk
Karim Uddin,2nd Year - Sem 1,6,2,2,9,5,0.0,18,High Risk
Nadia Islam,4th Year - Sem 1,24,9,17,35,56,4.0,117,Safe
Rakib Hasan,1st Year - Sem 1,3,2,9,13,20,0.0,44,High Risk
Nadia Islam,1st Year - Sem 1,20,9,19,34,55,4.0,117,Safe
Rakib Hasan,2nd Year - Sem 1,20,6,14,20,43,3.0,83,Safe
Shibay Yadav,4th Year - Sem 1,21,10,17,32,48,4.0,107,Safe
Nadia Islam,1st Year - Sem 1,22,8,19,31,47,4.0,105,Safe
Tashin Tuhin,4th Year - Sem 1,21,9,15,40,57,4.0,121,Safe
Rakib Hasan,1st Year - Sem 1,11,4,8,17,12,0.0,41,High Risk
Nadia Islam,4th Year - Sem 1,15,6,14,22,33,2.75,75,Medium Risk
Rakib Hasan,2nd Year - Sem 2,14,8,14,23,35,3.0,80,Safe
Ahad Ali,4th Year - Sem 2,22,8,18,30,59,4.0,115,Safe
Tashin Tuhin,4th Year - Sem 1,21,8,20,35,47,4.0,110,Safe
Tashin Tuhin,2nd Year - Sem 1,21,10,20,32,55,4.0,117,Safe
Karim Uddin,4th Year - Sem 2,2,0,6,17,28,0.0,51,High Risk
Rakib Hasan,1st Year - Sem 1,12,8,14,22,40,3.0,84,Safe
Rakib Hasan,2nd Year - Sem 1,19,5,12,21,30,2.5,68,Medium Risk
Karim Uddin,3rd Year - Sem 1,16,6,12,20,37,2.75,75,Medium Risk
Tashin Tuhin,4th Year - Sem 2,23,10,19,40,48,4.0,117,Safe
Rakib Hasan,3rd Year - Sem 2,6,1,5,19,9,0.0,34,High Risk
Ahad Ali,2nd Year - Sem 2,23,8,15,38,46,4.0,107,Safe
Karim Uddin,4th Year - Sem 1,20,10,18,37,51,4.0,116,Safe
Ahad Ali,3rd Year - Sem 2,13,6,14,24,33,2.75,77,Medium Risk
Nadia Islam,4th Year - Sem 2,19,8,15,27,40,3.25,90,Safe
Tashin Tuhin,2nd Year - Sem 2,14,8,11,28,36,3.0,83,Safe
Ahad Ali,3rd Year - Sem 1,2,3,0,17,6,0.0,26,High Risk
Ahad Ali,2nd Year - Sem 2,24,9,16,38,59,4.0,122,Safe
Karim Uddin,1st Year - Sem 2,18,7,11,28,38,3.0,84,Safe
Nadia Islam,3rd Year - Sem 1,21,8,19,35,51,4.0,113,Safe
Rakib Hasan,4th Year - Sem 2,10,3,1,14,12,0.0,30,High Risk
Nadia Islam,1st Year - Sem 2,15,8,15,25,40,3.25,88,Safe
Karim Uddin,4th Year - Sem 1,24,10,17,33,59,4.0,119,Safe
Karim Uddin,2nd Year - Sem 1,21,9,20,31,56,4.0,116,Safe
Karim Uddin,1st Year - Sem 2,7,2,8,1,12,0.0,23,High Risk
Nadia Islam,4th Year - Sem 2,21,8,15,37,59,4.0,119,Safe
Ahad Ali,2nd Year - Sem 2,22,10,18,36,56,4.0,120,Safe
Rakib Hasan,2nd Year - Sem 2,12,7,11,30,39,3.25,87,Safe
Rakib Hasan,3rd Year - Sem 1,23,9,17,40,55,4.0,121,Safe
Ahad Ali,3rd Year - Sem 1,21,10,18,38,57,4.0,123,Safe
Ahad Ali,3rd Year - Sem 1,24,9,15,31,48,3.75,103,Safe
Ahad Ali,3rd Year - Sem 2,10,1,1,13,28,0.0,43,High Risk
Nadia Islam,4th Year - Sem 2,22,10,16,39,57,4.0,122,Safe
Shibay Yadav,3rd Year - Sem 2,12,5,11,20,32,2.5,68,Medium Risk
Ahad Ali,1st Year - Sem 2,20,8,17,38,60,4.0,123,Safe
Nadia Islam,3rd Year - Sem 2,6,0,3,13,9,0.0,25,High Risk
Karim Uddin,1st Year - Sem 1,21,9,20,39,52,4.0,120,Safe
Rakib Hasan,4th Year - Sem 2,10,5,3,5,5,0.0,18,High Risk
Karim Uddin,1st Year - Sem 2,20,10,15,37,48,4.0,110,Safe
Shibay Yadav,4th Year - Sem 2,20,9,19,31,47,4.0,106,Safe
Nadia Islam,2nd Year - Sem 2,13,5,11,22,40,3.0,78,Safe
Karim Uddin,1st Year - Sem 2,22,10,18,40,52,4.0,120,Safe
Tashin Tuhin,2nd Year - Sem 2,3,3,5,10,23,0.0,41,High Risk
Nadia Islam,4th Year - Sem 1,14,5,14,20,33,2.75,72,Medium Risk
Nadia Islam,2nd Year - Sem 1,20,9,18,39,50,4.0,116,Safe
Karim Uddin,3rd Year - Sem 2,15,7,11,27,33,3.0,78,Safe
Shibay Yadav,3rd Year - Sem 2,24,10,17,32,58,4.0,117,Safe
Nadia Islam,1st Year - Sem 1,22,9,18,30,59,4.0,116,Safe
Ahad Ali,3rd Year - Sem 2,15,8,12,29,38,3.25,87,Safe
Shibay Yadav,3rd Year - Sem 2,3,1,0,0,28,0.0,29,High Risk
Rakib Hasan,3rd Year - Sem 1,24,8,20,39,60,4.0,127,Safe
Ahad Ali,3rd Year - Sem 2,2,1,0,18,0,0.0,19,High Risk
Nadia Islam,4th Year - Sem 2,4,1,10,11,5,0.0,27,High Risk
Ahad Ali,3rd Year - Sem 2,3,3,9,20,1,0.0,33,High Risk
Karim Uddin,4th Year - Sem 1,23,9,19,39,45,4.0,112,Safe
Karim Uddin,1st Year - Sem 1,19,5,14,28,40,3.25,87,Safe
Tashin Tuhin,2nd Year - Sem 2,0,3,9,19,1,0.0,32,High Risk
Ahad Ali,4th Year - Sem 1,16,6,12,22,36,2.75,76,Medium Risk
Tashin Tuhin,4th Year - Sem 1,5,4,3,20,5,0.0,32,High Risk
Rakib Hasan,1st Year - Sem 2,14,8,10,30,35,3.0,83,Safe
Nadia Islam,1st Year - Sem 2,20,8,16,37,48,4.0,109,Safe
Karim Uddin,4th Year - Sem 1,21,10,18,38,55,4.0,121,Safe
Shibay Yadav,4th Year - Sem 1,23,9,18,30,52,4.0,109,Safe
Rakib Hasan,3rd Year - Sem 1,7,5,7,20,15,0.0,47,High Risk
Tashin Tuhin,3rd Year - Sem 1,20,5,15,20,31,2.5,71,Medium Risk
Nadia Islam,4th Year - Sem 2,22,9,19,40,59,4.0,127,Safe
Tashin Tuhin,2nd Year - Sem 1,23,10,15,37,58,4.0,120,Safe
Shibay Yadav,3rd Year - Sem 2,21,10,18,35,60,4.0,123,Safe
Rakib Hasan,1st Year - Sem 1,7,5,2,4,2,0.0,13,High Risk
Ahad Ali,1st Year - Sem 1,20,5,11,20,30,2.5,66,Medium Risk
Tashin Tuhin,4th Year - Sem 2,19,7,13,21,43,3.0,84,Safe
Ahad Ali,4th Year - Sem 1,14,8,15,23,42,3.25,88,Safe
Nadia Islam,3rd Year - Sem 2,2,2,8,7,19,0.0,36,High Risk
Tashin Tuhin,2nd Year - Sem 1,14,5,15,27,40,3.25,87,Safe
Nadia Islam,3rd Year - Sem 1,22,8,18,33,53,4.0,112,Safe
Shibay Yadav,3rd Year - Sem 1,0,1,9,17,2,0.0,29,High Risk
Ahad Ali,2nd Year - Sem 1,22,9,18,34,59,4.0,120,Safe
Ahad Ali,1st Year - Sem 2,12,6,10,27,37,3.0,80,Safe
Rakib Hasan,1st Year - Sem 2,5,2,1,7,17,0.0,27,High Risk
Karim Uddin,4th Year - Sem 2,20,8,15,32,47,3.75,102,Safe
Nadia Islam,2nd Year - Sem 2,19,8,11,23,35,2.75,77,Medium Risk
Ahad Ali,1st Year - Sem 1,22,10,16,37,46,4.0,109,Safe
Tashin Tuhin,4th Year - Sem 1,23,9,17,35,56,4.0,117,Safe
Ahad Ali,4th Year - Sem 1,16,7,12,24,40,3.0,83,Safe
Nadia Islam,1st Year - Sem 2,17,5,11,21,38,2.75,75,Medium Risk
Tashin Tuhin,1st Year - Sem 1,19,7,13,24,40,3.0,84,Safe
Shibay Yadav,3rd Year - Sem 2,23,9,17,38,59,4.0,123,Safe
Karim Uddin,3rd Year - Sem 2,20,10,17,32,49,4.0,108,Safe
Tashin Tuhin,2nd Year - Sem 1,23,9,19,40,53,4.0,121,Safe
Nadia Islam,4th Year - Sem 2,22,10,19,30,48,4.0,107,Safe
Karim Uddin,4th Year - Sem 2,23,9,20,34,53,4.0,116,Safe
Tashin Tuhin,2nd Year - Sem 2,24,10,18,33,52,4.0,113,Safe
Shibay Yadav,2nd Year - Sem 2,11,4,5,20,26,2.0,55,High Risk
Karim Uddin,2nd Year - Sem 2,24,8,19,30,53,4.0,110,Safe
Tashin Tuhin,1st Year - Sem 1,22,9,17,33,60,4.0,119,Safe
Ahad Ali,3rd Year - Sem 1,23,9,19,31,46,4.0,105,Safe
Tashin Tuhin,4th Year - Sem 1,18,5,10,28,42,3.25,85,Safe
Ahad Ali,2nd Year - Sem 1,13,5,13,28,33,3.0,79,Safe
Ahad Ali,3rd Year - Sem 1,15,8,11,20,42,3.0,81,Safe
Rakib Hasan,4th Year - Sem 1,22,8,15,36,49,4.0,108,Safe
Tashin Tuhin,1st Year - Sem 1,24,10,20,31,52,4.0,113,Safe
Karim Uddin,3rd Year - Sem 2,2,5,2,5,22,0.0,34,High Risk
Tashin Tuhin,4th Year - Sem 2,5,1,8,5,22,0.0,36,High Risk
Nadia Islam,2nd Year - Sem 2,23,9,15,37,45,4.0,106,Safe
Shibay Yadav,1st Year - Sem 1,3,2,6,16,20,0.0,44,High Risk
Ahad Ali,4th Year - Sem 2,12,5,15,22,43,3.25,85,Safe
Ahad Ali,1st Year - Sem 2,17,6,13,25,36,3.0,80,Safe
Tashin Tuhin,1st Year - Sem 1,1,3,8,17,3,0.0,31,High Risk
Karim Uddin,2nd Year - Sem 2,18,6,11,23,42,3.0,82,Safe
Nadia Islam,3rd Year - Sem 2,20,10,15,30,58,4.0,113,Safe
Rakib Hasan,4th Year - Sem 2,20,8,12,26,40,3.25,86,Safe
Shibay Yadav,3rd Year - Sem 2,10,3,2,0,5,0.0,10,High Risk
Rakib Hasan,1st Year - Sem 2,12,3,2,9,29,0.0,43,High Risk
Tashin Tuhin,1st Year - Sem 1,2,3,7,5,20,0.0,35,High Risk
Shibay Yadav,4th Year - Sem 2,20,8,17,34,50,4.0,109,Safe
Ahad Ali,4th Year - Sem 2,23,9,19,40,57,4.0,125,Safe
Tashin Tuhin,4th Year - Sem 1,13,6,12,30,31,3.0,79,Safe
Nadia Islam,4th Year - Sem 2,24,8,19,33,57,4.0,117,Safe
Nadia Islam,4th Year - Sem 1,24,8,19,36,48,4.0,111,Safe
Ahad Ali,4th Year - Sem 1,18,6,13,29,30,3.0,78,Safe
Nadia Islam,1st Year - Sem 1,16,6,11,26,30,2.75,73,Medium Risk
Nadia Islam,2nd Year - Sem 2,20,10,20,36,58,4.0,124,Safe
Karim Uddin,3rd Year - Sem 1,21,9,19,36,49,4.0,113,Safe
Shibay Yadav,3rd Year - Sem 2,20,9,19,36,54,4.0,118,Safe
Ahad Ali,1st Year - Sem 1,23,8,17,34,60,4.0,119,Safe
Shibay Yadav,3rd Year - Sem 2,18,7,15,29,32,3.0,83,Safe
Karim Uddin,3rd Year - Sem 1,2,4,1,0,19,0.0,24,High Risk
Shibay Yadav,4th Year - Sem 2,21,9,17,39,50,4.0,115,Safe
Ahad Ali,3rd Year - Sem 1,13,6,11,20,34,2.5,71,Medium Risk
Tashin Tuhin,2nd Year - Sem 2,13,5,11,23,30,2.5,69,Medium Risk
Rakib Hasan,3rd Year - Sem 1,2,1,0,0,3,0.0,4,High Risk
Nadia Islam,4th Year - Sem 1,21,9,19,35,45,4.0,108,Safe
Ahad Ali,2nd Year - Sem 2,18,7,15,20,35,2.75,77,Medium Risk
Karim Uddin,1st Year - Sem 1,24,9,19,32,58,4.0,118,Safe
Shibay Yadav,4th Year - Sem 2,5,2,3,4,25,0.0,34,High Risk
Tashin Tuhin,3rd Year - Sem 1,21,9,18,40,58,4.0,125,Safe
Tashin Tuhin,4th Year - Sem 1,22,10,19,35,49,4.0,113,Safe
Ahad Ali,3rd Year - Sem 2,20,10,16,30,51,4.0,107,Safe
Nadia Islam,2nd Year - Sem 1,18,5,14,28,38,3.25,85,Safe
Rakib Hasan,2nd Year - Sem 1,16,7,10,20,37,2.75,74,Medium Risk
Karim Uddin,4th Year - Sem 1,24,9,18,36,58,4.0,121,Safe
Nadia Islam,3rd Year - Sem 1,11,4,3,0,15,0.0,22,High Risk
Nadia Islam,1st Year - Sem 2,22,10,20,32,46,4.0,108,Safe
Ahad Ali,4th Year - Sem 2,16,7,15,30,43,3.5,95,Safe
Tashin Tuhin,1st Year - Sem 2,21,9,19,32,48,4.0,108,Safe
Shibay Yadav,4th Year - Sem 2,7,5,7,9,11,0.0,32,High Risk
Karim Uddin,3rd Year - Sem 2,13,5,12,30,45,3.5,92,Safe
Nadia Islam,1st Year - Sem 1,12,3,1,13,16,0.0,33,High Risk
Nadia Islam,2nd Year - Sem 2,21,10,15,37,60,4.0,122,Safe
Shibay Yadav,3rd Year - Sem 2,23,8,19,32,49,4.0,108,Safe
Rakib Hasan,1st Year - Sem 2,21,8,15,36,60,4.0,119,Safe
Rakib Hasan,1st Year - Sem 2,13,6,15,21,30,2.75,72,Medium Risk
Nadia Islam,4th Year - Sem 1,21,8,17,35,48,4.0,108,Safe
Tashin Tuhin,4th Year - Sem 1,12,7,15,22,32,2.75,76,Medium Risk
Shibay Yadav,1st Year - Sem 1,12,7,12,22,34,2.75,75,Medium Risk
Karim Uddin,4th Year - Sem 2,2,1,5,9,17,0.0,32,High Risk
Karim Uddin,3rd Year - Sem 2,20,10,17,35,58,4.0,120,Safe
Karim Uddin,2nd Year - Sem 2,21,9,20,33,53,4.0,115,Safe
Rakib Hasan,1st Year - Sem 1,1,0,8,8,20,0.0,36,High Risk
Tashin Tuhin,2nd Year - Sem 2,20,5,10,22,31,2.5,68,Medium Risk
Ahad Ali,2nd Year - Sem 1,24,9,17,38,55,4.0,119,Safe
Karim Uddin,4th Year - Sem 1,22,10,15,34,55,4.0,114,Safe
Ahad Ali,4th Year - Sem 1,22,8,19,34,46,4.0,107,Safe
Ahad Ali,1st Year - Sem 2,21,9,20,34,56,4.0,119,Safe
Ahad Ali,4th Year - Sem 1,15,5,13,28,32,3.0,78,Safe
Karim Uddin,1st Year - Sem 2,20,6,14,26,38,3.0,84,Safe
Shibay Yadav,3rd Year - Sem 2,23,9,16,40,49,4.0,114,Safe
Rakib Hasan,1st Year - Sem 2,22,9,20,38,54,4.0,121,Safe
Rakib Hasan,4th Year - Sem 1,9,2,8,0,24,0.0,34,High Risk
Nadia Islam,3rd Year - Sem 2,15,8,11,21,35,2.75,75,Medium Risk
Tashin Tuhin,1st Year - Sem 1,24,8,15,32,59,4.0,114,Safe
Shibay Yadav,3rd Year - Sem 1,19,5,12,27,39,3.0,83,Safe
Rakib Hasan,1st Year - Sem 1,3,3,0,12,1,0.0,16,High Risk
Nadia Islam,3rd Year - Sem 2,1,2,9,14,24,0.0,49,High Risk
Tashin Tuhin,4th Year - Sem 2,22,8,16,34,59,4.0,117,Safe
Shibay Yadav,4th Year - Sem 1,15,8,10,30,37,3.25,85,Safe
Karim Uddin,4th Year - Sem 2,10,5,8,0,16,0.0,29,High Risk
Karim Uddin,1st Year - Sem 1,20,8,12,22,34,2.75,76,Medium Risk
Shibay Yadav,3rd Year - Sem 1,23,10,20,32,51,4.0,113,Safe
Rakib Hasan,3rd Year - Sem 1,8,0,1,6,2,0.0,9,High Risk
Rakib Hasan,3rd Year - Sem 1,22,9,20,38,53,4.0,120,Safe
Rakib Hasan,1st Year - Sem 2,3,4,7,7,25,0.0,43,High Risk
Rakib Hasan,4th Year - Sem 1,15,7,11,29,44,3.5,91,Safe
Nadia Islam,4th Year - Sem 2,6,3,5,2,1,0.0,11,High Risk
Rakib Hasan,4th Year - Sem 2,20,10,16,31,59,4.0,116,Safe
Karim Uddin,4th Year - Sem 1,22,10,17,36,58,4.0,121,Safe
Tashin Tuhin,1st Year - Sem 1,1,4,9,0,10,0.0,23,High Risk
Nadia Islam,4th Year - Sem 2,23,10,18,39,49,4.0,116,Safe
Karim Uddin,1st Year - Sem 1,19,7,11,21,42,3.0,81,Safe
Rakib Hasan,1st Year - Sem 1,20,8,13,30,40,3.5,91,Safe
Nadia Islam,3rd Year - Sem 1,1,3,3,14,22,0.0,42,High Risk
Nadia Islam,3rd Year - Sem 1,19,8,10,27,32,2.75,77,Medium Risk
Nadia Islam,1st Year - Sem 1,20,6,14,29,37,3.25,86,Safe
Tashin Tuhin,4th Year - Sem 1,6,5,0,11,18,0.0,34,High Risk
Tashin Tuhin,3rd Year - Sem 2,10,1,9,18,5,0.0,33,High Risk
Nadia Islam,2nd Year - Sem 2,23,10,19,31,51,4.0,111,Safe
Karim Uddin,3rd Year - Sem 1,20,10,20,30,57,4.0,117,Safe
Karim Uddin,1st Year - Sem 2,24,9,20,37,57,4.0,123,Safe
Nadia Islam,1st Year - Sem 2,14,8,12,26,39,3.25,85,Safe
Rakib Hasan,4th Year - Sem 2,22,10,19,35,50,4.0,114,Safe
Nadia Islam,3rd Year - Sem 1,18,6,11,22,44,3.0,83,Safe
Karim Uddin,4th Year - Sem 2,16,8,15,25,32,3.0,80,Safe
Karim Uddin,2nd Year - Sem 2,19,8,12,22,42,3.0,84,Safe
Shibay Yadav,4th Year - Sem 1,16,8,11,20,35,2.75,74,Medium Risk
Shibay Yadav,3rd Year - Sem 2,14,7,15,23,41,3.25,86,Safe
Nadia Islam,4th Year - Sem 2,15,8,13,20,37,3.0,78,Safe
Shibay Yadav,1st Year - Sem 2,4,2,9,3,30,0.0,44,High Risk
Ahad Ali,1st Year - Sem 2,15,6,10,29,32,2.75,77,Medium Risk
Karim Uddin,2nd Year - Sem 2,21,8,17,31,52,4.0,108,Safe
Rakib Hasan,2nd Year - Sem 1,8,2,10,1,16,0.0,29,High Risk
Nadia Islam,3rd Year - Sem 2,10,0,7,13,2,0.0,22,High Risk
Shibay Yadav,4th Year - Sem 1,20,9,17,32,56,4.0,114,Safe
Karim Uddin,3rd Year - Sem 1,21,8,16,40,56,4.0,120,Safe
Nadia Islam,4th Year - Sem 2,12,5,10,22,34,2.5,71,Medium Risk
Ahad Ali,3rd Year - Sem 1,10,3,2,13,5,0.0,23,High Risk
Tashin Tuhin,4th Year - Sem 1,21,8,15,40,46,4.0,109,Safe
Shibay Yadav,2nd Year - Sem 1,17,7,15,25,36,3.0,83,Safe
Shibay Yadav,1st Year - Sem 1,20,8,11,21,31,2.5,71,Medium Risk
Rakib Hasan,2nd Year - Sem 2,24,9,20,38,54,4.0,121,Safe
Karim Uddin,4th Year - Sem 2,19,8,15,28,45,3.5,96,Safe
Karim Uddin,1st Year - Sem 1,11,2,4,8,4,0.0,18,High Risk
Shibay Yadav,1st Year - Sem 2,17,6,15,23,45,3.25,89,Safe
Ahad Ali,3rd Year - Sem 2,20,8,17,31,58,4.0,114,Safe
Ahad Ali,4th Year - Sem 2,12,7,12,21,36,2.75,76,Medium Risk
Ahad Ali,3rd Year - Sem 2,0,0,5,1,29,0.0,35,High Risk
Karim Uddin,2nd Year - Sem 1,19,6,12,30,30,3.0,78,Safe
Ahad Ali,2nd Year - Sem 1,20,5,15,28,33,3.0,81,Safe
Rakib Hasan,1st Year - Sem 2,22,8,18,32,57,4.0,115,Safe
Ahad Ali,3rd Year - Sem 2,21,8,15,38,59,4.0,120,Safe
Karim Uddin,1st Year - Sem 1,5,5,5,13,25,0.0,48,High Risk
Karim Uddin,3rd Year - Sem 1,15,5,15,28,32,3.0,80,Safe
Nadia Islam,3rd Year - Sem 1,18,7,14,28,39,3.25,88,Safe
Karim Uddin,1st Year - Sem 1,24,10,20,37,53,4.0,120,Safe
Ahad Ali,4th Year - Sem 1,18,8,15,30,43,3.5,96,Safe
Nadia Islam,4th Year - Sem 1,14,8,12,28,44,3.5,92,Safe
Tashin Tuhin,3rd Year - Sem 2,22,9,20,33,60,4.0,122,Safe
Shibay Yadav,4th Year - Sem 2,20,8,16,30,60,4.0,114,Safe
Karim Uddin,1st Year - Sem 2,7,4,4,10,25,0.0,43,High Risk
Rakib Hasan,4th Year - Sem 1,24,8,16,35,48,4.0,107,Safe
Rakib Hasan,1st Year - Sem 1,22,8,16,40,51,4.0,115,Safe
Ahad Ali,4th Year - Sem 1,1,5,0,20,0,0.0,25,High Risk
Shibay Yadav,2nd Year - Sem 2,23,10,20,39,55,4.0,124,Safe
Rakib Hasan,2nd Year - Sem 2,16,8,15,29,33,3.25,85,Safe
Ahad Ali,3rd Year - Sem 2,14,5,11,29,44,3.25,89,Safe
Ahad Ali,4th Year - Sem 2,23,9,20,40,49,4.0,118,Safe
Karim Uddin,1st Year - Sem 2,15,6,11,24,42,3.0,83,Safe
Karim Uddin,1st Year - Sem 2,23,8,19,37,54,4.0,118,Safe
Tashin Tuhin,3rd Year - Sem 2,2,2,3,5,24,0.0,34,High Risk
Karim Uddin,1st Year - Sem 1,6,3,9,2,22,0.0,36,High Risk
Nadia Islam,3rd Year - Sem 2,20,10,19,33,52,4.0,114,Safe
Tashin Tuhin,4th Year - Sem 2,20,5,14,20,30,2.5,69,Medium Risk
Rakib Hasan,2nd Year - Sem 2,22,8,15,35,51,4.0,109,Safe
Ahad Ali,3rd Year - Sem 2,21,9,16,30,50,4.0,105,Safe
Nadia Islam,1st Year - Sem 1,20,9,17,39,45,4.0,110,Safe
Nadia Islam,2nd Year - Sem 2,19,5,15,28,41,3.25,89,Safe
Ahad Ali,4th Year - Sem 1,15,5,14,27,43,3.25,89,Safe
Shibay Yadav,3rd Year - Sem 1,17,7,14,21,35,2.75,77,Medium Risk
Ahad Ali,1st Year - Sem 2,12,7,11,22,42,3.0,82,Safe
Rakib Hasan,3rd Year - Sem 2,22,8,16,34,51,4.0,109,Safe
Shibay Yadav,3rd Year - Sem 2,24,10,17,31,45,3.75,103,Safe
Ahad Ali,4th Year - Sem 1,12,3,3,7,11,0.0,24,High Risk
Rakib Hasan,4th Year - Sem 2,6,2,8,3,14,0.0,27,High Risk
Nadia Islam,3rd Year - Sem 2,23,9,17,30,59,4.0,115,Safe
Tashin Tuhin,3rd Year - Sem 1,20,6,12,23,30,2.5,71,Medium Risk
Karim Uddin,2nd Year - Sem 2,13,8,14,30,45,3.5,97,Safe
Rakib Hasan,4th Year - Sem 2,3,4,2,8,8,0.0,22,High Risk
Rakib Hasan,3rd Year - Sem 1,21,9,15,36,49,4.0,109,Safe
Shibay Yadav,3rd Year - Sem 2,18,7,15,24,34,3.0,80,Safe
Ahad Ali,4th Year - Sem 1,21,10,20,30,50,4.0,110,Safe
Tashin Tuhin,3rd Year - Sem 2,23,9,16,35,56,4.0,116,Safe
Nadia Islam,2nd Year - Sem 2,3,3,9,7,30,0.0,49,High Risk
Karim Uddin,3rd Year - Sem 1,20,10,17,37,47,4.0,111,Safe
Rakib Hasan,4th Year - Sem 1,23,9,16,31,54,4.0,110,Safe
Karim Uddin,4th Year - Sem 2,22,9,20,32,55,4.0,116,Safe
Rakib Hasan,1st Year - Sem 1,17,8,15,26,37,3.25,86,Safe
Shibay Yadav,3rd Year - Sem 1,13,6,13,27,43,3.25,89,Safe
Rakib Hasan,2nd Year - Sem 2,17,6,14,22,30,2.75,72,Medium Risk
Tashin Tuhin,3rd Year - Sem 1,20,10,15,32,47,4.0,104,Safe
Nadia Islam,1st Year - Sem 1,24,8,15,36,47,4.0,106,Safe
Nadia Islam,3rd Year - Sem 2,18,6,15,24,41,3.25,86,Safe
Rakib Hasan,1st Year - Sem 2,15,8,11,21,40,3.0,80,Safe
Nadia Islam,4th Year - Sem 2,24,10,16,40,56,4.0,122,Safe
Karim Uddin,3rd Year - Sem 2,20,6,14,24,36,3.0,80,Safe
Nadia Islam,4th Year - Sem 1,15,7,12,30,30,3.0,79,Safe
Rakib Hasan,2nd Year - Sem 1,15,6,14,30,45,3.5,95,Safe
Karim Uddin,1st Year - Sem 2,6,1,4,16,13,0.0,34,High Risk
Karim Uddin,2nd Year - Sem 1,3,5,5,18,0,0.0,28,High Risk
Tashin Tuhin,1st Year - Sem 2,24,8,15,35,60,4.0,118,Safe
Shibay Yadav,3rd Year - Sem 2,15,7,11,23,40,3.0,81,Safe
Rakib Hasan,1st Year - Sem 2,16,6,10,25,39,3.0,80,Safe
Ahad Ali,3rd Year - Sem 2,4,4,2,6,16,0.0,28,High Risk
Tashin Tuhin,4th Year - Sem 2,20,5,14,24,30,2.75,73,Medium Risk
Karim Uddin,4th Year - Sem 1,17,7,14,30,42,3.5,93,Safe
Tashin Tuhin,1st Year - Sem 1,20,6,11,21,30,2.5,68,Medium Risk
Tashin Tuhin,1st Year - Sem 1,11,3,5,18,26,2.0,52,High Risk
Rakib Hasan,1st Year - Sem 1,11,3,1,9,11,0.0,24,High Risk
Karim Uddin,4th Year - Sem 1,21,9,15,30,45,3.75,99,Safe
Ahad Ali,2nd Year - Sem 1,19,7,11,24,43,3.25,85,Safe
Nadia Islam,1st Year - Sem 1,20,9,19,31,54,4.0,113,Safe
Rakib Hasan,3rd Year - Sem 1,12,7,15,26,35,3.0,83,Safe
Karim Uddin,2nd Year - Sem 2,21,10,20,37,58,4.0,125,Safe
Nadia Islam,1st Year - Sem 2,20,10,19,30,49,4.0,108,Safe
Ahad Ali,2nd Year - Sem 2,13,6,14,25,39,3.0,84,Safe
Rakib Hasan,1st Year - Sem 1,17,6,10,24,45,3.25,85,Safe
Ahad Ali,3rd Year - Sem 2,20,8,18,34,45,4.0,105,Safe
Ahad Ali,1st Year - Sem 2,24,9,15,39,50,4.0,113,Safe
Karim Uddin,1st Year - Sem 2,15,8,15,22,39,3.0,84,Safe
Ahad Ali,2nd Year - Sem 1,24,9,15,39,50,4.0,113,Safe
Rakib Hasan,4th Year - Sem 2,1,5,10,9,15,0.0,39,High Risk
Karim Uddin,1st Year - Sem 2,8,5,4,20,11,0.0,40,High Risk
Ahad Ali,3rd Year - Sem 2,12,5,10,22,32,2.5,69,Medium Risk
Karim Uddin,3rd Year - Sem 2,9,4,2,5,6,0.0,17,High Risk
Rakib Hasan,2nd Year - Sem 1,20,10,18,38,49,4.0,115,Safe
Shibay Yadav,3rd Year - Sem 1,19,8,12,24,34,3.0,78,Safe
Ahad Ali,3rd Year - Sem 1,19,6,13,30,42,3.5,91,Safe
Rakib Hasan,1st Year - Sem 2,20,7,13,20,32,2.75,72,Medium Risk
Nadia Islam,3rd Year - Sem 1,14,8,10,28,30,2.75,76,Medium Risk
Shibay Yadav,4th Year - Sem 2,8,3,0,5,4,0.0,12,High Risk
Nadia Islam,2nd Year - Sem 1,4,3,8,11,24,0.0,46,High Risk
Rakib Hasan,3rd Year - Sem 2,4,1,3,3,18,0.0,25,High Risk
Shibay Yadav,4th Year - Sem 2,24,9,16,35,59,4.0,119,Safe
Shibay Yadav,4th Year - Sem 2,16,7,15,28,31,3.0,81,Safe
Nadia Islam,1st Year - Sem 1,24,8,17,33,47,4.0,105,Safe
Tashin Tuhin,3rd Year - Sem 1,18,5,11,29,40,3.25,85,Safe
Shibay Yadav,1st Year - Sem 2,20,7,11,24,38,3.0,80,Safe
Ahad Ali,2nd Year - Sem 1,2,0,9,0,5,0.0,14,High Risk
Tashin Tuhin,4th Year - Sem 1,21,9,19,35,52,4.0,115,Safe
Rakib Hasan,2nd Year - Sem 2,12,5,11,27,39,3.0,82,Safe
Ahad Ali,2nd Year - Sem 2,20,8,20,35,45,4.0,108,Safe
Rakib Hasan,3rd Year - Sem 1,3,4,9,10,1,0.0,24,High Risk
Tashin Tuhin,3rd Year - Sem 1,22,10,15,35,57,4.0,117,Safe
Nadia Islam,4th Year - Sem 2,13,7,11,29,35,3.0,82,Safe
Shibay Yadav,4th Year - Sem 1,19,7,10,25,34,2.75,76,Medium Risk
Nadia Islam,2nd Year - Sem 1,21,8,16,39,50,4.0,113,Safe
Ahad Ali,2nd Year - Sem 1,7,1,2,18,28,0.0,49,High Risk
Nadia Islam,2nd Year - Sem 2,6,4,0,19,12,0.0,35,High Risk
Ahad Ali,3rd Year - Sem 2,8,2,8,10,20,0.0,40,High Risk
Ahad Ali,2nd Year - Sem 1,6,2,4,2,8,0.0,16,High Risk
Karim Uddin,4th Year - Sem 2,12,2,1,19,5,0.0,27,High Risk
Nadia Islam,1st Year - Sem 1,15,5,13,24,43,3.25,85,Safe
Nadia Islam,3rd Year - Sem 2,1,5,7,0,18,0.0,30,High Risk
Rakib Hasan,4th Year - Sem 1,23,10,18,35,59,4.0,122,Safe
Karim Uddin,1st Year - Sem 2,13,7,12,26,31,2.75,76,Medium Risk
Karim Uddin,4th Year - Sem 2,21,9,20,31,52,4.0,112,Safe
Rakib Hasan,2nd Year - Sem 2,12,7,11,26,36,3.0,80,Safe
Ahad Ali,3rd Year - Sem 1,19,8,11,30,34,3.0,83,Safe
Karim Uddin,2nd Year - Sem 1,23,8,20,33,48,4.0,109,Safe
Karim Uddin,3rd Year - Sem 2,22,8,15,39,55,4.0,117,Safe
Ahad Ali,3rd Year - Sem 1,21,10,15,38,55,4.0,118,Safe
Nadia Islam,3rd Year - Sem 2,22,8,18,32,51,4.0,109,Safe
Tashin Tuhin,2nd Year - Sem 1,20,9,18,33,52,4.0,112,Safe
Tashin Tuhin,2nd Year - Sem 1,5,0,0,6,8,0.0,14,High Risk
Karim Uddin,3rd Year - Sem 1,19,6,13,20,37,2.75,76,Medium Risk
Nadia Islam,2nd Year - Sem 1,18,7,15,26,45,3.5,93,Safe
Rakib Hasan,1st Year - Sem 1,18,8,10,25,33,2.75,76,Medium Risk
Ahad Ali,4th Year - Sem 2,7,1,8,1,8,0.0,18,High Risk
Rakib Hasan,2nd Year - Sem 2,15,8,13,23,42,3.25,86,Safe
Karim Uddin,1st Year - Sem 1,24,9,15,33,46,3.75,103,Safe
Rakib Hasan,4th Year - Sem 1,20,8,15,31,46,3.75,100,Safe
Karim Uddin,4th Year - Sem 1,24,8,15,32,47,3.75,102,Safe
Rakib Hasan,3rd Year - Sem 2,20,10,18,38,54,4.0,120,Safe
Karim Uddin,2nd Year - Sem 1,20,9,19,35,47,4.0,110,Safe
Karim Uddin,2nd Year - Sem 1,13,8,13,21,37,3.0,79,Safe
Shibay Yadav,3rd Year - Sem 2,3,4,3,8,13,0.0,28,High Risk
Shibay Yadav,1st Year - Sem 2,10,0,6,19,10,0.0,35,High Risk
Rakib Hasan,1st Year - Sem 1,19,8,15,27,36,3.25,86,Safe
Ahad Ali,3rd Year - Sem 2,21,8,19,33,58,4.0,118,Safe
Shibay Yadav,1st Year - Sem 2,19,5,14,30,39,3.25,88,Safe
Karim Uddin,2nd Year - Sem 1,20,7,12,22,38,3.0,79,Safe
Karim Uddin,3rd Year - Sem 2,11,2,9,16,24,0.0,51,High Risk
Ahad Ali,3rd Year - Sem 1,21,10,18,35,60,4.0,123,Safe
Ahad Ali,1st Year - Sem 2,18,8,10,24,36,3.0,78,Safe
Shibay Yadav,3rd Year - Sem 1,21,8,15,34,55,4.0,112,Safe
Ahad Ali,3rd Year - Sem 2,15,7,14,25,44,3.25,90,Safe
Karim Uddin,1st Year - Sem 1,24,8,19,31,55,4.0,113,Safe
Karim Uddin,3rd Year - Sem 1,22,10,17,31,55,4.0,113,Safe
Ahad Ali,2nd Year - Sem 2,23,10,16,35,53,4.0,114,Safe
Shibay Yadav,2nd Year - Sem 2,12,6,15,24,35,3.0,80,Safe
Tashin Tuhin,4th Year - Sem 2,23,10,17,38,60,4.0,125,Safe
Ahad Ali,1st Year - Sem 2,14,5,15,26,40,3.25,86,Safe
Rakib Hasan,2nd Year - Sem 1,12,8,15,25,30,3.0,78,Safe
Shibay Yadav,1st Year - Sem 1,13,6,10,27,36,3.0,79,Safe
Tashin Tuhin,2nd Year - Sem 2,6,5,2,14,22,0.0,43,High Risk
Tashin Tuhin,2nd Year - Sem 2,14,7,13,27,33,3.0,80,Safe
Rakib Hasan,1st Year - Sem 1,24,9,15,30,50,4.0,104,Safe
Shibay Yadav,4th Year - Sem 2,20,10,18,34,54,4.0,116,Safe
Tashin Tuhin,2nd Year - Sem 1,24,8,18,40,50,4.0,116,Safe
Rakib Hasan,4th Year - Sem 2,14,7,11,27,30,2.75,75,Medium Risk
Nadia Islam,2nd Year - Sem 2,9,1,4,4,5,0.0,14,High Risk
Shibay Yadav,4th Year - Sem 2,16,8,12,20,36,2.75,76,Medium Risk
Ahad Ali,2nd Year - Sem 2,19,8,15,26,40,3.25,89,Safe
Tashin Tuhin,3rd Year - Sem 1,15,5,12,25,31,2.75,73,Medium Risk
Nadia Islam,4th Year - Sem 2,21,10,15,40,56,4.0,121,Safe
Karim Uddin,2nd Year - Sem 1,22,9,16,30,55,4.0,110,Safe
Tashin Tuhin,4th Year - Sem 2,21,10,18,37,58,4.0,123,Safe
Karim Uddin,1st Year - Sem 1,19,8,12,29,44,3.5,93,Safe
Tashin Tuhin,2nd Year - Sem 1,6,0,10,6,0,0.0,16,High Risk
Shibay Yadav,3rd Year - Sem 2,16,6,15,27,33,3.0,81,Safe
Shibay Yadav,1st Year - Sem 2,5,2,2,11,1,0.0,16,High Risk
Tashin Tuhin,3rd Year - Sem 2,19,8,13,30,42,3.5,93,Safe
Nadia Islam,2nd Year - Sem 2,20,7,10,24,38,3.0,79,Safe
Tashin Tuhin,4th Year - Sem 1,22,8,17,35,46,4.0,106,Safe
Nadia Islam,4th Year - Sem 2,23,9,15,30,49,3.75,103,Safe
Nadia Islam,2nd Year - Sem 2,11,1,10,13,15,0.0,39,High Risk
Tashin Tuhin,2nd Year - Sem 2,22,9,18,40,55,4.0,122,Safe
Karim Uddin,2nd Year - Sem 1,24,8,17,40,51,4.0,116,Safe
Ahad Ali,2nd Year - Sem 1,14,8,14,25,39,3.25,86,Safe
Nadia Islam,3rd Year - Sem 1,24,9,20,32,60,4.0,121,Safe
Karim Uddin,2nd Year - Sem 1,3,0,5,9,7,0.0,21,High Risk
Tashin Tuhin,4th Year - Sem 2,18,6,15,25,37,3.0,83,Safe
Tashin Tuhin,4th Year - Sem 2,6,0,7,8,0,0.0,15,High Risk
Shibay Yadav,3rd Year - Sem 2,19,8,14,28,44,3.5,94,Safe
Karim Uddin,4th Year - Sem 2,18,5,15,30,35,3.25,85,Safe
Tashin Tuhin,1st Year - Sem 1,10,3,8,16,25,2.0,52,High Risk
Karim Uddin,1st Year - Sem 1,21,9,15,40,47,4.0,111,Safe
Shibay Yadav,3rd Year - Sem 1,21,8,17,39,53,4.0,117,Safe
Karim Uddin,3rd Year - Sem 1,17,5,12,21,43,3.0,81,Safe
Ahad Ali,4th Year - Sem 1,12,6,14,23,42,3.25,85,Safe
Rakib Hasan,1st Year - Sem 1,16,5,11,25,33,2.75,74,Medium Risk
Tashin Tuhin,1st Year - Sem 1,22,9,15,31,60,4.0,115,Safe
Karim Uddin,4th Year - Sem 2,15,7,12,29,39,3.25,87,Safe
Karim Uddin,4th Year - Sem 2,19,5,12,23,30,2.5,70,Medium Risk
Karim Uddin,2nd Year - Sem 1,20,8,10,25,32,2.75,75,Medium Risk
Shibay Yadav,4th Year - Sem 1,6,2,10,10,25,0.0,47,High Risk
Nadia Islam,4th Year - Sem 1,22,8,17,36,47,4.0,108,Safe
Karim Uddin,2nd Year - Sem 1,24,10,20,38,53,4.0,121,Safe
Shibay Yadav,4th Year - Sem 2,0,1,2,5,25,0.0,33,High Risk
Ahad Ali,1st Year - Sem 1,21,8,17,32,50,4.0,107,Safe
Nadia Islam,4th Year - Sem 2,20,7,10,22,36,2.75,75,Medium Risk
Shibay Yadav,3rd Year - Sem 2,13,6,15,27,45,3.5,93,Safe
Karim Uddin,3rd Year - Sem 1,23,8,16,38,59,4.0,121,Safe
Shibay Yadav,4th Year - Sem 2,24,10,20,40,55,4.0,125,Safe
Tashin Tuhin,1st Year - Sem 1,20,7,14,24,31,2.75,76,Medium Risk
Karim Uddin,3rd Year - Sem 2,7,5,7,20,29,2.25,61,High Risk
Rakib Hasan,4th Year - Sem 2,22,8,20,32,51,4.0,111,Safe
Nadia Islam,4th Year - Sem 2,19,5,13,23,39,3.0,80,Safe
Shibay Yadav,3rd Year - Sem 1,17,7,14,20,33,2.75,74,Medium Risk
Ahad Ali,4th Year - Sem 2,23,10,15,34,58,4.0,117,Safe
Rakib Hasan,3rd Year - Sem 1,13,6,10,21,30,2.5,67,Medium Risk
Tashin Tuhin,2nd Year - Sem 2,20,9,20,30,57,4.0,116,Safe
Rakib Hasan,2nd Year - Sem 2,0,2,1,8,22,0.0,33,High Risk
Rakib Hasan,3rd Year - Sem 2,23,10,17,39,60,4.0,126,Safe
Karim Uddin,2nd Year - Sem 1,16,6,13,22,37,3.0,78,Safe
Rakib Hasan,3rd Year - Sem 2,20,10,16,30,53,4.0,109,Safe
Nadia Islam,1st Year - Sem 2,23,9,18,32,56,4.0,115,Safe
Tashin Tuhin,1st Year - Sem 1,20,7,10,25,45,3.25,87,Safe
Karim Uddin,4th Year - Sem 1,13,7,12,22,41,3.0,82,Safe
Ahad Ali,2nd Year - Sem 1,16,6,15,30,43,3.5,94,Safe
Karim Uddin,4th Year - Sem 1,16,6,10,30,31,2.75,77,Medium Risk
Shibay Yadav,4th Year - Sem 1,20,10,16,37,48,4.0,111,Safe
Shibay Yadav,3rd Year - Sem 1,23,10,15,34,56,4.0,115,Safe
Tashin Tuhin,2nd Year - Sem 2,21,8,16,36,57,4.0,117,Safe
Ahad Ali,3rd Year - Sem 1,11,5,7,16,7,0.0,35,High Risk
Shibay Yadav,2nd Year - Sem 2,14,8,13,21,34,2.75,76,Medium Risk
Nadia Islam,3rd Year - Sem 1,20,9,20,32,49,4.0,110,Safe
Ahad Ali,2nd Year - Sem 2,8,3,3,12,9,0.0,27,High Risk
Tashin Tuhin,3rd Year - Sem 2,17,7,14,28,40,3.25,89,Safe
Ahad Ali,3rd Year - Sem 2,22,9,18,39,49,4.0,115,Safe
Rakib Hasan,1st Year - Sem 2,13,5,12,30,37,3.0,84,Safe
Shibay Yadav,2nd Year - Sem 1,19,6,10,29,32,2.75,77,Medium Risk
Shibay Yadav,2nd Year - Sem 2,22,10,15,33,53,4.0,111,Safe
Nadia Islam,3rd Year - Sem 1,24,8,20,40,48,4.0,116,Safe
Karim Uddin,3rd Year - Sem 2,16,7,14,20,39,3.0,80,Safe
Ahad Ali,1st Year - Sem 1,22,8,15,30,54,4.0,107,Safe
Ahad Ali,2nd Year - Sem 2,20,9,16,40,59,4.0,124,Safe
Karim Uddin,3rd Year - Sem 2,21,9,15,35,53,4.0,112,Safe
Ahad Ali,4th Year - Sem 1,20,6,15,23,41,3.25,85,Safe
Ahad Ali,2nd Year - Sem 1,21,10,18,40,56,4.0,124,Safe
Ahad Ali,3rd Year - Sem 1,17,7,10,27,36,3.0,80,Safe
Shibay Yadav,2nd Year - Sem 1,20,5,10,23,30,2.5,68,Medium Risk
Nadia Islam,3rd Year - Sem 1,15,6,15,28,32,3.0,81,Safe
Tashin Tuhin,2nd Year - Sem 1,16,5,15,24,42,3.25,86,Safe
Tashin Tuhin,4th Year - Sem 1,12,4,5,13,26,0.0,48,High Risk
Shibay Yadav,2nd Year - Sem 1,22,9,20,30,58,4.0,117,Safe
Nadia Islam,2nd Year - Sem 2,23,10,18,38,46,4.0,112,Safe
Rakib Hasan,1st Year - Sem 2,1,0,10,16,30,2.0,56,High Risk
Karim Uddin,2nd Year - Sem 1,6,0,4,2,15,0.0,21,High Risk
Nadia Islam,1st Year - Sem 2,13,6,15,23,37,3.0,81,Safe
Rakib Hasan,2nd Year - Sem 2,22,10,20,40,50,4.0,120,Safe
Shibay Yadav,4th Year - Sem 2,19,5,11,20,37,2.75,73,Medium Risk
Ahad Ali,1st Year - Sem 1,20,8,20,35,48,4.0,111,Safe
Shibay Yadav,3rd Year - Sem 1,18,8,10,29,30,2.75,77,Medium Risk
Rakib Hasan,3rd Year - Sem 2,14,6,13,29,40,3.25,88,Safe
Tashin Tuhin,1st Year - Sem 1,14,5,12,20,33,2.5,70,Medium Risk
Ahad Ali,4th Year - Sem 2,19,6,15,27,35,3.0,83,Safe
Shibay Yadav,2nd Year - Sem 1,21,10,19,37,59,4.0,125,Safe
Shibay Yadav,2nd Year - Sem 1,24,9,16,34,58,4.0,117,Safe
Karim Uddin,2nd Year - Sem 2,9,0,3,20,26,0.0,49,High Risk
Shibay Yadav,1st Year - Sem 2,13,7,14,21,39,3.0,81,Safe
Rakib Hasan,1st Year - Sem 1,24,8,20,30,56,4.0,114,Safe
Rakib Hasan,4th Year - Sem 2,11,5,0,20,7,0.0,32,High Risk
Nadia Islam,4th Year - Sem 1,12,7,11,29,31,3.0,78,Safe
Shibay Yadav,3rd Year - Sem 2,4,4,9,9,23,0.0,45,High Risk
Karim Uddin,3rd Year - Sem 1,22,9,15,34,52,4.0,110,Safe
Nadia Islam,4th Year - Sem 1,23,9,19,40,47,4.0,115,Safe
Shibay Yadav,2nd Year - Sem 2,19,8,11,26,38,3.0,83,Safe
Tashin Tuhin,3rd Year - Sem 2,22,8,15,36,50,4.0,109,Safe
Rakib Hasan,4th Year - Sem 2,15,5,12,22,38,2.75,77,Medium Risk
Nadia Islam,1st Year - Sem 1,20,6,11,23,35,2.75,75,Medium Risk
Nadia Islam,2nd Year - Sem 2,4,3,4,16,26,0.0,49,High Risk
Ahad Ali,2nd Year - Sem 2,22,9,20,33,48,4.0,110,Safe
Nadia Islam,1st Year - Sem 2,16,5,13,20,37,2.75,75,Medium Risk
Shibay Yadav,4th Year - Sem 1,13,7,11,22,30,2.5,70,Medium Risk
Ahad Ali,4th Year - Sem 2,20,10,19,31,57,4.0,117,Safe
Nadia Islam,3rd Year - Sem 1,23,9,18,32,57,4.0,116,Safe
Nadia Islam,3rd Year - Sem 1,14,7,14,26,44,3.5,91,Safe
Rakib Hasan,3rd Year - Sem 1,2,5,6,1,20,0.0,32,High Risk
Tashin Tuhin,2nd Year - Sem 2,18,8,13,21,42,3.0,84,Safe
Rakib Hasan,1st Year - Sem 2,22,8,17,32,48,4.0,105,Safe
Ahad Ali,1st Year - Sem 1,20,9,16,39,49,4.0,113,Safe
Rakib Hasan,2nd Year - Sem 1,19,5,11,25,42,3.0,83,Safe
Ahad Ali,3rd Year - Sem 1,13,6,13,21,35,2.75,75,Medium Risk
Tashin Tuhin,1st Year - Sem 1,14,8,10,20,43,3.0,81,Safe
Ahad Ali,2nd Year - Sem 1,9,4,2,9,4,0.0,19,High Risk
Tashin Tuhin,2nd Year - Sem 1,21,10,15,38,51,4.0,114,Safe
Rakib Hasan,4th Year - Sem 2,8,0,0,11,15,0.0,26,High Risk
Rakib Hasan,1st Year - Sem 2,15,6,11,25,34,2.75,76,Medium Risk
Ahad Ali,3rd Year - Sem 2,18,6,14,25,35,3.0,80,Safe
Nadia Islam,1st Year - Sem 2,23,9,18,33,48,4.0,108,Safe
Tashin Tuhin,4th Year - Sem 1,24,10,15,36,47,4.0,108,Safe
Rakib Hasan,2nd Year - Sem 2,4,4,4,0,19,0.0,27,High Risk
Rakib Hasan,1st Year - Sem 2,17,8,13,24,32,2.75,77,Medium Risk
Tashin Tuhin,4th Year - Sem 1,20,10,18,33,51,4.0,112,Safe
Ahad Ali,4th Year - Sem 1,20,8,19,40,60,4.0,127,Safe
Shibay Yadav,4th Year - Sem 1,23,9,15,37,56,4.0,117,Safe
Tashin Tuhin,4th Year - Sem 1,14,7,14,30,43,3.5,94,Safe
Shibay Yadav,2nd Year - Sem 1,24,8,18,31,55,4.0,112,Safe
Tashin Tuhin,4th Year - Sem 2,13,5,11,21,38,2.75,75,Medium Risk
Ahad Ali,3rd Year - Sem 2,20,8,17,33,53,4.0,111,Safe
Tashin Tuhin,4th Year - Sem 2,13,8,10,26,31,2.75,75,Medium Risk
Rakib Hasan,2nd Year - Sem 2,15,7,11,27,42,3.25,87,Safe
Karim Uddin,1st Year - Sem 2,21,8,20,40,51,4.0,119,Safe
Ahad Ali,4th Year - Sem 1,14,5,10,20,44,3.0,79,Safe
Ahad Ali,2nd Year - Sem 1,24,10,15,30,55,4.0,110,Safe
Nadia Islam,4th Year - Sem 1,19,5,15,24,36,3.0,80,Safe
Rakib Hasan,3rd Year - Sem 2,21,8,20,40,51,4.0,119,Safe
Nadia Islam,2nd Year - Sem 1,8,0,9,5,13,0.0,27,High Risk
Tashin Tuhin,1st Year - Sem 2,22,8,16,30,54,4.0,108,Safe
Nadia Islam,4th Year - Sem 1,24,10,15,40,52,4.0,117,Safe
Tashin Tuhin,4th Year - Sem 2,18,6,12,24,37,3.0,79,Safe
Ahad Ali,3rd Year - Sem 1,21,8,19,36,49,4.0,112,Safe
Nadia Islam,4th Year - Sem 1,15,8,14,25,33,3.0,80,Safe
Nadia Islam,2nd Year - Sem 2,6,5,8,10,13,0.0,36,High Risk
Ahad Ali,4th Year - Sem 1,17,8,10,27,38,3.0,83,Safe
Nadia Islam,1st Year - Sem 1,13,6,12,26,41,3.25,85,Safe
Rakib Hasan,3rd Year - Sem 2,22,9,18,40,59,4.0,126,Safe
Tashin Tuhin,1st Year - Sem 2,22,10,17,33,57,4.0,117,Safe
Karim Uddin,3rd Year - Sem 1,20,7,15,21,38,3.0,81,Safe
Nadia Islam,1st Year - Sem 1,21,10,18,32,45,4.0,105,Safe
Nadia Islam,2nd Year - Sem 2,19,6,15,29,38,3.25,88,Safe
Tashin Tuhin,4th Year - Sem 1,24,9,15,40,56,4.0,120,Safe
Rakib Hasan,2nd Year - Sem 1,24,9,20,31,60,4.0,120,Safe
Karim Uddin,3rd Year - Sem 2,22,8,18,30,51,4.0,107,Safe
Shibay Yadav,2nd Year - Sem 1,15,7,10,30,38,3.25,85,Safe
Karim Uddin,2nd Year - Sem 2,23,9,17,39,46,4.0,111,Safe
Tashin Tuhin,1st Year - Sem 2,22,10,20,33,60,4.0,123,Safe
Tashin Tuhin,3rd Year - Sem 2,9,4,7,14,20,0.0,45,High Risk
Nadia Islam,1st Year - Sem 2,11,0,0,3,15,0.0,18,High Risk
Tashin Tuhin,2nd Year - Sem 2,24,9,15,31,49,4.0,104,Safe
Rakib Hasan,3rd Year - Sem 1,19,7,13,25,35,3.0,80,Safe
Rakib Hasan,4th Year - Sem 2,11,5,1,3,16,0.0,25,High Risk
Karim Uddin,2nd Year - Sem 1,12,8,11,23,39,3.0,81,Safe
Karim Uddin,1st Year - Sem 2,15,7,10,25,31,2.75,73,Medium Risk
Nadia Islam,2nd Year - Sem 2,17,7,15,21,42,3.25,85,Safe
Tashin Tuhin,4th Year - Sem 2,18,6,14,21,38,3.0,79,Safe
Nadia Islam,2nd Year - Sem 1,12,5,12,26,30,2.75,73,Medium Risk
Karim Uddin,2nd Year - Sem 1,15,8,15,26,37,3.25,86,Safe
Nadia Islam,4th Year - Sem 1,13,7,10,24,44,3.25,85,Safe
Ahad Ali,1st Year - Sem 1,15,7,11,24,44,3.25,86,Safe
Ahad Ali,4th Year - Sem 1,5,3,2,12,25,0.0,42,High Risk
Karim Uddin,3rd Year - Sem 1,17,8,15,29,35,3.25,87,Safe
Nadia Islam,1st Year - Sem 2,12,6,13,20,41,3.0,80,Safe
Ahad Ali,3rd Year - Sem 1,11,1,9,12,3,0.0,25,High Risk
Rakib Hasan,1st Year - Sem 2,20,8,17,30,55,4.0,110,Safe
Nadia Islam,4th Year - Sem 2,20,8,17,36,48,4.0,109,Safe
Shibay Yadav,3rd Year - Sem 1,1,2,0,16,11,0.0,29,High Risk
Shibay Yadav,3rd Year - Sem 1,20,8,16,38,58,4.0,120,Safe
Karim Uddin,2nd Year - Sem 1,20,9,16,37,56,4.0,118,Safe
Karim Uddin,3rd Year - Sem 1,3,3,4,15,13,0.0,35,High Risk
Karim Uddin,2nd Year - Sem 2,13,6,15,23,37,3.0,81,Safe
Rakib Hasan,2nd Year - Sem 2,16,5,10,21,43,3.0,79,Safe
Karim Uddin,4th Year - Sem 2,6,2,9,2,8,0.0,21,High Risk
Tashin Tuhin,2nd Year - Sem 2,4,2,0,12,12,0.0,26,High Risk
Karim Uddin,2nd Year - Sem 2,2,4,1,18,25,0.0,48,High Risk
Karim Uddin,3rd Year - Sem 1,20,7,14,29,34,3.0,84,Safe
Karim Uddin,1st Year - Sem 2,21,9,15,30,55,4.0,109,Safe
Karim Uddin,3rd Year - Sem 2,4,4,6,16,19,0.0,45,High Risk
Nadia Islam,1st Year - Sem 1,16,8,15,27,30,3.0,80,Safe
Tashin Tuhin,1st Year - Sem 1,12,5,11,28,45,3.25,89,Safe
Rakib Hasan,3rd Year - Sem 2,20,8,20,39,50,4.0,117,Safe
Shibay Yadav,4th Year - Sem 1,7,3,8,20,14,0.0,45,High Risk
Ahad Ali,3rd Year - Sem 2,13,6,15,24,36,3.0,81,Safe
Nadia Islam,4th Year - Sem 2,1,5,3,10,23,0.0,41,High Risk
Tashin Tuhin,1st Year - Sem 1,20,8,18,37,56,4.0,119,Safe
Tashin Tuhin,3rd Year - Sem 2,23,9,18,34,47,4.0,108,Safe
Karim Uddin,4th Year - Sem 2,21,9,18,39,51,4.0,117,Safe
Rakib Hasan,1st Year - Sem 1,21,8,18,32,47,4.0,105,Safe
Shibay Yadav,3rd Year - Sem 2,10,1,4,6,16,0.0,27,High Risk
Karim Uddin,2nd Year - Sem 1,3,4,1,15,3,0.0,23,High Risk
Rakib Hasan,4th Year - Sem 1,23,8,17,32,50,4.0,107,Safe
Tashin Tuhin,1st Year - Sem 2,21,8,15,33,51,4.0,107,Safe
Tashin Tuhin,1st Year - Sem 2,24,9,15,37,55,4.0,116,Safe
Karim Uddin,3rd Year - Sem 1,17,7,14,30,45,3.5,96,Safe
Rakib Hasan,4th Year - Sem 2,24,8,20,30,45,3.75,103,Safe
Shibay Yadav,3rd Year - Sem 1,21,9,18,36,58,4.0,121,Safe
Ahad Ali,2nd Year - Sem 2,4,0,0,4,26,0.0,30,High Risk
Karim Uddin,4th Year - Sem 1,22,9,16,39,45,4.0,109,Safe
Tashin Tuhin,4th Year - Sem 2,24,9,18,30,53,4.0,110,Safe
Tashin Tuhin,3rd Year - Sem 1,16,7,13,25,43,3.25,88,Safe
Tashin Tuhin,3rd Year - Sem 2,23,10,20,32,60,4.0,122,Safe
Ahad Ali,2nd Year - Sem 2,24,10,17,36,57,4.0,120,Safe
Tashin Tuhin,2nd Year - Sem 2,2,2,0,20,17,0.0,39,High Risk
Nadia Islam,4th Year - Sem 2,17,7,11,24,35,2.75,77,Medium Risk
Ahad Ali,4th Year - Sem 1,24,9,20,39,57,4.0,125,Safe
Shibay Yadav,4th Year - Sem 2,14,8,13,29,36,3.25,86,Safe
Nadia Islam,4th Year - Sem 1,21,8,20,34,60,4.0,122,Safe
Karim Uddin,1st Year - Sem 2,21,8,17,34,49,4.0,108,Safe
Karim Uddin,2nd Year - Sem 1,4,1,8,6,13,0.0,28,High Risk
Shibay Yadav,3rd Year - Sem 1,12,5,12,23,36,2.75,76,Medium Risk
Ahad Ali,2nd Year - Sem 1,22,8,18,31,49,4.0,106,Safe
Tashin Tuhin,2nd Year - Sem 1,17,8,15,27,41,3.5,91,Safe
Shibay Yadav,1st Year - Sem 2,20,5,10,20,35,2.5,70,Medium Risk
Nadia Islam,4th Year - Sem 2,8,1,4,5,26,0.0,36,High Risk
Ahad Ali,3rd Year - Sem 2,6,5,3,14,11,0.0,33,High Risk
Nadia Islam,2nd Year - Sem 1,13,8,10,25,33,2.75,76,Medium Risk
Ahad Ali,3rd Year - Sem 1,15,8,14,29,45,3.5,96,Safe
Shibay Yadav,3rd Year - Sem 1,19,7,14,30,42,3.5,93,Safe
Ahad Ali,3rd Year - Sem 2,19,5,13,22,38,3.0,78,Safe
Tashin Tuhin,3rd Year - Sem 1,20,10,20,33,46,4.0,109,Safe
Rakib Hasan,1st Year - Sem 2,15,8,14,26,30,3.0,78,Safe
Nadia Islam,1st Year - Sem 2,1,4,4,20,25,2.0,53,High Risk
Karim Uddin,3rd Year - Sem 1,3,4,4,10,29,0.0,47,High Risk
Tashin Tuhin,1st Year - Sem 2,18,6,14,29,41,3.25,90,Safe
Ahad Ali,2nd Year - Sem 2,13,8,12,24,45,3.25,89,Safe
Nadia Islam,2nd Year - Sem 1,20,7,13,30,39,3.25,89,Safe
Ahad Ali,2nd Year - Sem 1,22,10,17,31,49,4.0,107,Safe
Ahad Ali,1st Year - Sem 2,19,7,14,22,38,3.0,81,Safe
Karim Uddin,1st Year - Sem 2,20,8,17,35,53,4.0,113,Safe
Karim Uddin,3rd Year - Sem 1,24,8,15,30,54,4.0,107,Safe
Tashin Tuhin,3rd Year - Sem 2,24,10,15,40,48,4.0,113,Safe
Shibay Yadav,2nd Year - Sem 1,19,7,13,22,30,2.75,72,Medium Risk
Karim Uddin,4th Year - Sem 1,9,2,2,2,21,0.0,27,High Risk
Tashin Tuhin,2nd Year - Sem 2,14,8,11,21,36,2.75,76,Medium Risk
Karim Uddin,2nd Year - Sem 2,24,10,19,36,52,4.0,117,Safe
Nadia Islam,1st Year - Sem 2,24,8,18,33,58,4.0,117,Safe
Ahad Ali,1st Year - Sem 1,22,10,15,37,58,4.0,120,Safe
Rakib Hasan,4th Year - Sem 2,3,5,7,20,20,2.0,52,High Risk
Nadia Islam,2nd Year - Sem 2,22,9,18,32,49,4.0,108,Safe
Tashin Tuhin,1st Year - Sem 1,21,8,15,35,50,4.0,108,Safe
Rakib Hasan,4th Year - Sem 1,21,9,19,36,58,4.0,122,Safe
Rakib Hasan,2nd Year - Sem 1,2,4,2,5,22,0.0,33,High Risk
Tashin Tuhin,3rd Year - Sem 2,18,8,15,22,42,3.25,87,Safe
Ahad Ali,4th Year - Sem 1,18,5,12,25,41,3.0,83,Safe
Shibay Yadav,3rd Year - Sem 2,20,9,19,36,46,4.0,110,Safe
Nadia Islam,1st Year - Sem 2,24,8,17,40,56,4.0,121,Safe
Rakib Hasan,2nd Year - Sem 1,20,8,15,36,45,4.0,104,Safe
Nadia Islam,2nd Year - Sem 2,5,1,1,11,6,0.0,19,High Risk
Tashin Tuhin,2nd Year - Sem 1,20,8,20,36,59,4.0,123,Safe
Rakib Hasan,1st Year - Sem 2,20,10,20,30,49,4.0,109,Safe
Nadia Islam,1st Year - Sem 2,17,8,13,27,39,3.25,87,Safe
Nadia Islam,4th Year - Sem 2,24,10,20,35,46,4.0,111,Safe
Tashin Tuhin,3rd Year - Sem 2,23,8,20,40,49,4.0,117,Safe
Ahad Ali,1st Year - Sem 1,4,0,8,7,8,0.0,23,High Risk
Rakib Hasan,3rd Year - Sem 2,7,1,7,1,11,0.0,20,High Risk
Nadia Islam,1st Year - Sem 1,20,10,15,30,57,4.0,112,Safe
Ahad Ali,2nd Year - Sem 1,20,8,11,26,33,3.0,78,Safe
Ahad Ali,1st Year - Sem 1,23,10,18,38,50,4.0,116,Safe
Karim Uddin,2nd Year - Sem 1,12,5,11,30,34,3.0,80,Safe
Karim Uddin,4th Year - Sem 1,21,8,16,32,55,4.0,111,Safe
Karim Uddin,1st Year - Sem 1,17,8,12,26,43,3.25,89,Safe
Karim Uddin,1st Year - Sem 2,10,4,6,1,8,0.0,19,High Risk
Rakib Hasan,1st Year - Sem 1,24,10,19,39,50,4.0,118,Safe
Nadia Islam,2nd Year - Sem 2,20,6,15,29,45,3.5,95,Safe
Rakib Hasan,3rd Year - Sem 2,22,8,16,35,45,4.0,104,Safe
Nadia Islam,2nd Year - Sem 2,22,9,18,34,58,4.0,119,Safe
Rakib Hasan,2nd Year - Sem 1,22,10,16,35,50,4.0,111,Safe
Rakib Hasan,3rd Year - Sem 1,23,10,17,37,55,4.0,119,Safe
Ahad Ali,2nd Year - Sem 2,20,8,14,21,36,3.0,79,Safe
Karim Uddin,2nd Year - Sem 1,0,4,4,3,3,0.0,14,High Risk
Nadia Islam,2nd Year - Sem 2,21,9,18,39,55,4.0,121,Safe
Nadia Islam,3rd Year - Sem 2,23,10,20,33,54,4.0,117,Safe
Tashin Tuhin,4th Year - Sem 1,21,9,18,40,54,4.0,121,Safe
Karim Uddin,3rd Year - Sem 1,19,7,11,28,37,3.0,83,Safe
Tashin Tuhin,2nd Year - Sem 1,16,7,12,26,32,2.75,77,Medium Risk
Shibay Yadav,3rd Year - Sem 1,15,8,15,27,33,3.0,83,Safe
Rakib Hasan,1st Year - Sem 1,13,5,11,28,42,3.25,86,Safe
Ahad Ali,1st Year - Sem 1,21,8,19,38,58,4.0,123,Safe
Nadia Islam,4th Year - Sem 1,23,10,18,36,56,4.0,120,Safe
Ahad Ali,2nd Year - Sem 2,20,10,16,34,57,4.0,117,Safe
Nadia Islam,2nd Year - Sem 2,7,3,8,18,3,0.0,32,High Risk
Rakib Hasan,2nd Year - Sem 2,21,9,16,30,52,4.0,107,Safe
Nadia Islam,2nd Year - Sem 2,18,6,11,21,42,3.0,80,Safe
Karim Uddin,3rd Year - Sem 1,19,7,12,29,42,3.25,90,Safe
Rakib Hasan,2nd Year - Sem 1,22,8,18,37,45,4.0,108,Safe
Karim Uddin,4th Year - Sem 2,18,5,14,27,38,3.0,84,Safe
Karim Uddin,2nd Year - Sem 1,13,8,13,22,31,2.75,74,Medium Risk
Nadia Islam,1st Year - Sem 1,18,7,10,23,45,3.25,85,Safe
Tashin Tuhin,2nd Year - Sem 1,24,10,16,37,58,4.0,121,Safe
Karim Uddin,3rd Year - Sem 2,0,0,6,7,21,0.0,34,High Risk
Nadia Islam,1st Year - Sem 1,21,10,16,30,51,4.0,107,Safe
Rakib Hasan,3rd Year - Sem 2,20,9,19,32,49,4.0,109,Safe
Ahad Ali,2nd Year - Sem 1,23,10,16,32,52,4.0,110,Safe
Nadia Islam,1st Year - Sem 1,3,2,1,18,22,0.0,43,High Risk
Tashin Tuhin,4th Year - Sem 2,14,5,12,23,39,3.0,79,Safe
Ahad Ali,3rd Year - Sem 2,24,10,15,36,59,4.0,120,Safe
Karim Uddin,4th Year - Sem 2,1,2,8,14,5,0.0,29,High Risk
Karim Uddin,4th Year - Sem 2,13,7,11,23,39,3.0,80,Safe
Rakib Hasan,4th Year - Sem 2,24,8,19,33,51,4.0,111,Safe
Tashin Tuhin,4th Year - Sem 2,20,8,17,30,57,4.0,112,Safe
Tashin Tuhin,3rd Year - Sem 1,1,4,0,8,16,0.0,28,High Risk
Rakib Hasan,3rd Year - Sem 1,21,9,20,33,56,4.0,118,Safe
Ahad Ali,3rd Year - Sem 1,20,8,18,35,47,4.0,108,Safe
Shibay Yadav,1st Year - Sem 2,19,7,11,23,36,2.75,77,Medium Risk
Tashin Tuhin,2nd Year - Sem 1,21,10,19,32,60,4.0,121,Safe
Tashin Tuhin,4th Year - Sem 2,20,8,15,36,49,4.0,108,Safe
Shibay Yadav,4th Year - Sem 2,12,3,4,17,7,0.0,31,High Risk
Shibay Yadav,1st Year - Sem 2,23,9,17,33,48,4.0,107,Safe
Karim Uddin,1st Year - Sem 2,20,8,12,23,36,3.0,79,Safe
Nadia Islam,2nd Year - Sem 2,3,4,8,19,0,0.0,31,High Risk
Nadia Islam,4th Year - Sem 2,21,10,15,40,57,4.0,122,Safe
Nadia Islam,2nd Year - Sem 2,19,6,14,24,45,3.25,89,Safe
Nadia Islam,2nd Year - Sem 2,20,8,19,40,46,4.0,113,Safe
Rakib Hasan,4th Year - Sem 1,20,10,15,40,55,4.0,120,Safe
Rakib Hasan,2nd Year - Sem 2,12,7,12,26,33,3.0,78,Safe
Karim Uddin,3rd Year - Sem 2,23,9,19,33,49,4.0,110,Safe
Ahad Ali,2nd Year - Sem 1,20,10,15,31,53,4.0,109,Safe
Nadia Islam,4th Year - Sem 2,24,9,16,30,54,4.0,109,Safe
Tashin Tuhin,2nd Year - Sem 1,23,8,18,38,50,4.0,114,Safe
Rakib Hasan,1st Year - Sem 2,18,8,12,20,41,3.0,81,Safe
Rakib Hasan,1st Year - Sem 1,14,5,15,27,44,3.5,91,Safe
Tashin Tuhin,4th Year - Sem 2,21,9,17,39,53,4.0,118,Safe
Karim Uddin,4th Year - Sem 2,1,5,2,4,13,0.0,24,High Risk
Nadia Islam,2nd Year - Sem 1,24,10,16,36,55,4.0,117,Safe
Rakib Hasan,2nd Year - Sem 1,9,5,8,0,14,0.0,27,High Risk
Shibay Yadav,2nd Year - Sem 2,19,8,15,29,45,3.5,97,Safe
Nadia Islam,1st Year - Sem 1,10,1,9,7,3,0.0,20,High Risk
Tashin Tuhin,2nd Year - Sem 1,16,7,13,23,41,3.0,84,Safe
Rakib Hasan,4th Year - Sem 2,12,6,14,22,39,3.0,81,Safe
Rakib Hasan,3rd Year - Sem 2,22,10,17,34,45,4.0,106,Safe
Karim Uddin,4th Year - Sem 1,21,10,16,38,54,4.0,118,Safe
Nadia Islam,2nd Year - Sem 1,22,9,19,34,49,4.0,111,Safe
Ahad Ali,3rd Year - Sem 1,20,7,11,24,37,3.0,79,Safe
Ahad Ali,3rd Year - Sem 2,8,4,7,9,15,0.0,35,High Risk
Rakib Hasan,2nd Year - Sem 2,21,10,18,39,53,4.0,120,Safe
Shibay Yadav,4th Year - Sem 1,12,7,10,24,34,2.75,75,Medium Risk
Karim Uddin,2nd Year - Sem 2,24,8,17,37,52,4.0,114,Safe
Rakib Hasan,3rd Year - Sem 2,22,8,20,40,60,4.0,128,Safe
Shibay Yadav,2nd Year - Sem 2,20,5,15,20,40,3.0,80,Safe
Rakib Hasan,2nd Year - Sem 1,0,0,10,4,19,0.0,33,High Risk
Nadia Islam,2nd Year - Sem 1,7,3,6,10,3,0.0,22,High Risk
Nadia Islam,1st Year - Sem 2,12,0,7,6,17,0.0,30,High Risk
Tashin Tuhin,1st Year - Sem 2,14,8,11,26,44,3.25,89,Safe
Nadia Islam,4th Year - Sem 1,22,8,16,39,48,4.0,111,Safe
Tashin Tuhin,2nd Year - Sem 1,7,2,3,19,17,0.0,41,High Risk
Shibay Yadav,4th Year - Sem 2,4,2,3,2,29,0.0,36,High Risk
Karim Uddin,2nd Year - Sem 2,16,8,15,29,37,3.25,89,Safe
Ahad Ali,3rd Year - Sem 2,23,9,16,39,58,4.0,122,Safe
Nadia Islam,2nd Year - Sem 2,18,6,12,27,37,3.0,82,Safe
Nadia Islam,2nd Year - Sem 2,15,5,12,26,41,3.0,84,Safe
Tashin Tuhin,2nd Year - Sem 1,20,8,15,33,55,4.0,111,Safe
Shibay Yadav,4th Year - Sem 2,21,10,16,40,60,4.0,126,Safe
Karim Uddin,3rd Year - Sem 1,17,6,12,21,36,2.75,75,Medium Risk
Tashin Tuhin,4th Year - Sem 1,23,9,16,30,60,4.0,115,Safe
Karim Uddin,1st Year - Sem 1,6,4,5,11,23,0.0,43,High Risk
Rakib Hasan,3rd Year - Sem 1,18,8,12,28,41,3.25,89,Safe
Rakib Hasan,2nd Year - Sem 1,18,7,12,29,41,3.25,89,Safe
Nadia Islam,1st Year - Sem 2,16,8,15,29,40,3.5,92,Safe
Ahad Ali,4th Year - Sem 1,20,8,16,38,58,4.0,120,Safe
Rakib Hasan,2nd Year - Sem 1,14,6,14,30,33,3.0,83,Safe
Ahad Ali,4th Year - Sem 1,13,5,10,28,34,2.75,77,Medium Risk
Rakib Hasan,4th Year - Sem 2,4,2,8,4,0,0.0,14,High Risk
Tashin Tuhin,1st Year - Sem 1,20,9,19,39,50,4.0,117,Safe
Nadia Islam,4th Year - Sem 2,1,4,1,9,23,0.0,37,High Risk
Tashin Tuhin,2nd Year - Sem 1,12,7,13,29,44,3.5,93,Safe
Ahad Ali,3rd Year - Sem 1,16,5,15,28,39,3.25,87,Safe
Tashin Tuhin,3rd Year - Sem 2,13,8,10,21,44,3.0,83,Safe
Ahad Ali,1st Year - Sem 2,20,9,15,33,47,4.0,104,Safe
Tashin Tuhin,3rd Year - Sem 1,0,4,9,0,2,0.0,15,High Risk
Rakib Hasan,2nd Year - Sem 2,20,8,15,24,42,3.25,89,Safe
Shibay Yadav,4th Year - Sem 2,21,8,17,35,45,4.0,105,Safe
Rakib Hasan,3rd Year - Sem 1,23,9,17,40,55,4.0,121,Safe
Ahad Ali,3rd Year - Sem 2,19,6,11,27,41,3.25,85,Safe
Tashin Tuhin,2nd Year - Sem 1,20,9,20,32,58,4.0,119,Safe
Nadia Islam,1st Year - Sem 2,19,8,13,20,39,3.0,80,Safe
Rakib Hasan,2nd Year - Sem 1,20,8,12,26,33,3.0,79,Safe
Karim Uddin,2nd Year - Sem 1,13,5,15,21,38,3.0,79,Safe
Tashin Tuhin,3rd Year - Sem 1,22,8,17,40,56,4.0,121,Safe
Tashin Tuhin,1st Year - Sem 2,18,7,14,21,39,3.0,81,Safe
Tashin Tuhin,2nd Year - Sem 1,24,9,20,32,48,4.0,109,Safe
Ahad Ali,1st Year - Sem 2,20,7,11,25,45,3.25,88,Safe
Karim Uddin,1st Year - Sem 1,13,6,13,28,45,3.5,92,Safe
Nadia Islam,1st Year - Sem 1,20,10,18,34,58,4.0,120,Safe
Nadia Islam,2nd Year - Sem 1,16,6,15,20,36,2.75,77,Medium Risk
Karim Uddin,4th Year - Sem 2,23,8,20,39,57,4.0,124,Safe
Ahad Ali,3rd Year - Sem 2,14,5,15,23,38,3.0,81,Safe
Rakib Hasan,4th Year - Sem 1,16,7,13,20,39,3.0,79,Safe
Nadia Islam,3rd Year - Sem 2,19,8,10,22,39,3.0,79,Safe
Nadia Islam,1st Year - Sem 1,13,8,13,24,30,2.75,75,Medium Risk
Karim Uddin,2nd Year - Sem 1,19,6,11,25,40,3.0,82,Safe
Tashin Tuhin,4th Year - Sem 1,23,9,18,33,48,4.0,108,Safe
Nadia Islam,1st Year - Sem 1,16,8,11,30,37,3.25,86,Safe
Tashin Tuhin,1st Year - Sem 1,12,7,14,22,34,2.75,77,Medium Risk
Karim Uddin,3rd Year - Sem 1,20,8,17,40,57,4.0,122,Safe
Rakib Hasan,2nd Year - Sem 1,20,10,15,33,53,4.0,111,Safe
Ahad Ali,4th Year - Sem 2,24,10,20,38,54,4.0,122,Safe
Nadia Islam,4th Year - Sem 1,3,4,10,0,13,0.0,27,High Risk
Rakib Hasan,1st Year - Sem 2,12,8,11,26,32,2.75,77,Medium Risk
Shibay Yadav,1st Year - Sem 2,15,5,12,23,43,3.0,83,Safe
Rakib Hasan,1st Year - Sem 2,20,7,11,27,34,3.0,79,Safe
Tashin Tuhin,2nd Year - Sem 1,24,8,17,38,58,4.0,121,Safe
Karim Uddin,3rd Year - Sem 1,6,4,3,4,6,0.0,17,High Risk
Rakib Hasan,1st Year - Sem 2,20,8,13,24,38,3.0,83,Safe
Nadia Islam,1st Year - Sem 2,0,4,2,8,26,0.0,40,High Risk
Karim Uddin,3rd Year - Sem 1,6,4,0,9,19,0.0,32,High Risk
Tashin Tuhin,4th Year - Sem 1,14,7,15,20,33,2.75,75,Medium Risk
Shibay Yadav,1st Year - Sem 1,17,7,15,28,33,3.0,83,Safe
Karim Uddin,3rd Year - Sem 2,17,5,14,22,44,3.25,85,Safe
Rakib Hasan,2nd Year - Sem 1,15,5,14,24,36,3.0,79,Safe
Tashin Tuhin,1st Year - Sem 1,18,6,14,30,42,3.5,92,Safe
Rakib Hasan,2nd Year - Sem 1,17,7,11,24,36,3.0,78,Safe
Karim Uddin,4th Year - Sem 1,23,8,15,34,54,4.0,111,Safe
Ahad Ali,4th Year - Sem 1,16,7,12,20,44,3.0,83,Safe
Tashin Tuhin,4th Year - Sem 2,16,8,11,30,41,3.25,90,Safe
Ahad Ali,3rd Year - Sem 1,17,8,14,21,42,3.25,85,Safe
Rakib Hasan,3rd Year - Sem 1,12,6,14,21,40,3.0,81,Safe
Shibay Yadav,4th Year - Sem 2,24,9,15,32,50,4.0,106,Safe
Tashin Tuhin,3rd Year - Sem 2,24,8,15,37,57,4.0,117,Safe
Tashin Tuhin,4th Year - Sem 1,13,6,14,29,35,3.0,84,Safe
Rakib Hasan,2nd Year - Sem 1,23,8,15,33,53,4.0,109,Safe
Nadia Islam,1st Year - Sem 2,15,7,10,22,36,2.75,75,Medium Risk
Shibay Yadav,3rd Year - Sem 1,16,7,11,24,34,2.75,76,Medium Risk
Rakib Hasan,2nd Year - Sem 1,3,3,8,7,30,0.0,48,High Risk
Karim Uddin,4th Year - Sem 2,15,5,11,24,35,2.75,75,Medium Risk
Tashin Tuhin,4th Year - Sem 1,0,4,5,2,20,0.0,31,High Risk
Shibay Yadav,2nd Year - Sem 1,13,6,13,27,31,2.75,77,Medium Risk
Karim Uddin,4th Year - Sem 2,14,7,10,27,40,3.0,84,Safe
Ahad Ali,4th Year - Sem 2,15,8,13,23,33,2.75,77,Medium Risk
Shibay Yadav,2nd Year - Sem 1,20,5,14,21,44,3.0,84,Safe
Shibay Yadav,1st Year - Sem 1,23,9,17,31,58,4.0,115,Safe
Tashin Tuhin,3rd Year - Sem 2,12,3,3,15,23,0.0,44,High Risk
Rakib Hasan,1st Year - Sem 1,20,9,18,38,58,4.0,123,Safe
Ahad Ali,2nd Year - Sem 2,12,5,12,22,43,3.0,82,Safe
Rakib Hasan,4th Year - Sem 2,24,10,18,40,50,4.0,118,Safe
Ahad Ali,1st Year - Sem 2,1,1,0,4,27,0.0,32,High Risk
Shibay Yadav,1st Year - Sem 2,17,6,14,29,31,3.0,80,Safe
Rakib Hasan,2nd Year - Sem 1,21,10,20,38,57,4.0,125,Safe
Nadia Islam,3rd Year - Sem 2,23,8,16,36,53,4.0,113,Safe
Tashin Tuhin,4th Year - Sem 1,23,10,18,40,60,4.0,128,Safe
Karim Uddin,4th Year - Sem 2,24,8,17,31,53,4.0,109,Safe
Nadia Islam,2nd Year - Sem 2,24,9,19,36,46,4.0,110,Safe
Ahad Ali,1st Year - Sem 2,21,9,20,38,48,4.0,115,Safe
Nadia Islam,4th Year - Sem 2,23,8,15,35,59,4.0,117,Safe
Nadia Islam,4th Year - Sem 2,20,9,19,35,56,4.0,119,Safe
Nadia Islam,4th Year - Sem 1,19,6,10,26,44,3.25,86,Safe
Shibay Yadav,3rd Year - Sem 1,24,9,17,40,53,4.0,119,Safe
Rakib Hasan,1st Year - Sem 1,23,10,16,37,59,4.0,122,Safe
Rakib Hasan,3rd Year - Sem 1,13,7,13,20,33,2.75,73,Medium Risk
Tashin Tuhin,2nd Year - Sem 2,2,0,0,14,12,0.0,26,High Risk
Shibay Yadav,2nd Year - Sem 1,10,3,7,6,12,0.0,28,High Risk
Tashin Tuhin,4th Year - Sem 2,9,0,7,2,4,0.0,13,High Risk
Ahad Ali,2nd Year - Sem 2,20,8,12,23,42,3.25,85,Safe
Tashin Tuhin,1st Year - Sem 1,0,3,8,9,28,0.0,48,High Risk
Rakib Hasan,3rd Year - Sem 1,22,9,17,37,46,4.0,109,Safe
Karim Uddin,2nd Year - Sem 1,14,5,11,23,42,3.0,81,Safe
Rakib Hasan,1st Year - Sem 2,24,8,19,37,54,4.0,118,Safe
Nadia Islam,3rd Year - Sem 2,24,10,19,38,51,4.0,118,Safe
Karim Uddin,3rd Year - Sem 2,16,7,13,22,43,3.25,85,Safe
Nadia Islam,3rd Year - Sem 2,23,10,16,36,49,4.0,111,Safe
Karim Uddin,2nd Year - Sem 1,23,9,15,39,54,4.0,117,Safe
Nadia Islam,4th Year - Sem 1,20,8,20,37,59,4.0,124,Safe
Rakib Hasan,4th Year - Sem 1,5,1,7,0,10,0.0,18,High Risk
Karim Uddin,1st Year - Sem 2,21,8,17,33,50,4.0,108,Safe
Rakib Hasan,1st Year - Sem 2,23,10,19,31,52,4.0,112,Safe
Karim Uddin,2nd Year - Sem 1,12,8,14,30,32,3.0,84,Safe
Nadia Islam,3rd Year - Sem 2,10,4,8,4,4,0.0,20,High Risk
Nadia Islam,4th Year - Sem 1,22,10,15,35,59,4.0,119,Safe
Karim Uddin,4th Year - Sem 1,21,9,15,40,53,4.0,117,Safe
Karim Uddin,4th Year - Sem 2,21,9,18,39,49,4.0,115,Safe
Ahad Ali,2nd Year - Sem 1,22,10,18,38,45,4.0,111,Safe
Rakib Hasan,4th Year - Sem 1,15,8,12,28,34,3.0,82,Safe
Tashin Tuhin,1st Year - Sem 1,23,10,16,35,50,4.0,111,Safe
Nadia Islam,1st Year - Sem 2,18,6,11,28,38,3.0,83,Safe
Karim Uddin,3rd Year - Sem 2,16,7,12,24,39,3.0,82,Safe
Rakib Hasan,3rd Year - Sem 2,12,8,12,22,45,3.25,87,Safe
Nadia Islam,3rd Year - Sem 1,3,2,3,20,30,2.0,55,High Risk
Nadia Islam,3rd Year - Sem 2,20,10,17,34,60,4.0,121,Safe
Tashin Tuhin,1st Year - Sem 1,22,10,20,31,48,4.0,109,Safe
Nadia Islam,4th Year - Sem 2,21,9,15,35,55,4.0,114,Safe
Tashin Tuhin,3rd Year - Sem 1,21,10,18,30,60,4.0,118,Safe
Karim Uddin,1st Year - Sem 2,21,10,16,38,50,4.0,114,Safe
Nadia Islam,3rd Year - Sem 2,12,7,12,27,37,3.0,83,Safe
Tashin Tuhin,1st Year - Sem 2,19,8,11,24,34,2.75,77,Medium Risk
Ahad Ali,3rd Year - Sem 2,24,9,16,34,51,4.0,110,Safe
Tashin Tuhin,2nd Year - Sem 1,20,9,20,32,53,4.0,114,Safe
Tashin Tuhin,4th Year - Sem 2,20,8,18,36,47,4.0,109,Safe
Karim Uddin,2nd Year - Sem 2,18,7,15,22,42,3.25,86,Safe
Shibay Yadav,2nd Year - Sem 2,23,8,17,33,54,4.0,112,Safe
Rakib Hasan,4th Year - Sem 2,17,7,10,20,33,2.5,70,Medium Risk
Shibay Yadav,3rd Year - Sem 1,18,7,12,23,30,2.75,72,Medium Risk
Rakib Hasan,2nd Year - Sem 1,24,10,15,32,55,4.0,112,Safe
Ahad Ali,3rd Year - Sem 1,21,10,19,30,46,4.0,105,Safe
Rakib Hasan,4th Year - Sem 1,14,8,15,26,43,3.5,92,Safe
Rakib Hasan,2nd Year - Sem 1,21,10,17,35,53,4.0,115,Safe
Rakib Hasan,3rd Year - Sem 2,19,7,14,20,39,3.0,80,Safe
Ahad Ali,2nd Year - Sem 2,21,8,15,30,54,4.0,107,Safe
Shibay Yadav,1st Year - Sem 1,12,8,13,27,32,3.0,80,Safe
Rakib Hasan,1st Year - Sem 2,21,9,20,40,51,4.0,120,Safe
Karim Uddin,2nd Year - Sem 1,20,9,19,40,49,4.0,117,Safe
Tashin Tuhin,3rd Year - Sem 2,13,7,14,23,35,3.0,79,Safe
Ahad Ali,3rd Year - Sem 1,21,8,16,38,49,4.0,111,Safe
Rakib Hasan,2nd Year - Sem 1,7,1,5,13,6,0.0,25,High Risk
Ahad Ali,1st Year - Sem 1,20,6,15,23,40,3.0,84,Safe
Karim Uddin,2nd Year - Sem 1,20,5,10,29,44,3.25,88,Safe
Tashin Tuhin,1st Year - Sem 1,24,9,15,38,53,4.0,115,Safe
Rakib Hasan,1st Year - Sem 2,12,4,1,19,6,0.0,30,High Risk
Ahad Ali,2nd Year - Sem 1,6,1,10,14,15,0.0,40,High Risk
Nadia Islam,3rd Year - Sem 1,20,6,10,23,39,3.0,78,Safe
Shibay Yadav,1st Year - Sem 1,20,9,19,39,55,4.0,122,Safe
Nadia Islam,4th Year - Sem 2,19,5,15,28,36,3.0,84,Safe
Shibay Yadav,3rd Year - Sem 1,20,5,13,20,44,3.0,82,Safe
Tashin Tuhin,4th Year - Sem 1,0,3,8,13,14,0.0,38,High Risk
Shibay Yadav,4th Year - Sem 1,24,10,17,31,52,4.0,110,Safe
Ahad Ali,1st Year - Sem 2,5,2,0,1,3,0.0,6,High Risk
Nadia Islam,3rd Year - Sem 2,15,7,15,26,39,3.25,87,Safe
Tashin Tuhin,3rd Year - Sem 2,12,8,13,26,37,3.0,84,Safe
Nadia Islam,2nd Year - Sem 1,23,9,20,37,54,4.0,120,Safe
Shibay Yadav,3rd Year - Sem 1,21,10,17,39,46,4.0,112,Safe
Karim Uddin,1st Year - Sem 1,3,4,1,8,24,0.0,37,High Risk
Shibay Yadav,1st Year - Sem 1,13,8,11,28,40,3.25,87,Safe
Tashin Tuhin,4th Year - Sem 2,2,0,2,18,5,0.0,25,High Risk
Tashin Tuhin,3rd Year - Sem 2,23,9,20,36,55,4.0,120,Safe
Tashin Tuhin,2nd Year - Sem 1,9,0,5,6,7,0.0,18,High Risk
Nadia Islam,4th Year - Sem 2,23,10,15,30,50,4.0,105,Safe
Karim Uddin,4th Year - Sem 1,24,8,17,33,60,4.0,118,Safe
Karim Uddin,2nd Year - Sem 2,20,10,17,32,47,4.0,106,Safe
Shibay Yadav,4th Year - Sem 2,21,8,17,32,54,4.0,111,Safe
Tashin Tuhin,3rd Year - Sem 2,20,9,19,40,52,4.0,120,Safe
Shibay Yadav,3rd Year - Sem 2,9,3,5,3,26,0.0,37,High Risk
Nadia Islam,3rd Year - Sem 1,21,10,19,35,48,4.0,112,Safe
Karim Uddin,1st Year - Sem 1,15,5,13,30,37,3.25,85,Safe
Nadia Islam,4th Year - Sem 1,23,8,17,32,45,3.75,102,Safe
Shibay Yadav,3rd Year - Sem 1,18,6,12,29,37,3.0,84,Safe
Shibay Yadav,4th Year - Sem 1,22,10,18,34,49,4.0,111,Safe
Ahad Ali,3rd Year - Sem 1,13,8,15,25,39,3.25,87,Safe
Ahad Ali,1st Year - Sem 1,20,7,14,27,45,3.5,93,Safe
Rakib Hasan,3rd Year - Sem 2,14,7,14,20,44,3.25,85,Safe
Tashin Tuhin,4th Year - Sem 2,12,6,15,21,45,3.25,87,Safe
Tashin Tuhin,4th Year - Sem 1,20,7,10,20,37,2.75,74,Medium Risk
Karim Uddin,4th Year - Sem 1,23,8,17,31,60,4.0,116,Safe
Nadia Islam,3rd Year - Sem 1,1,2,9,14,7,0.0,32,High Risk
Shibay Yadav,3rd Year - Sem 1,20,9,19,30,46,4.0,104,Safe
Ahad Ali,2nd Year - Sem 2,2,5,3,3,11,0.0,22,High Risk
Tashin Tuhin,4th Year - Sem 1,23,8,20,37,60,4.0,125,Safe
Shibay Yadav,4th Year - Sem 1,12,7,14,29,36,3.25,86,Safe
Karim Uddin,2nd Year - Sem 2,24,10,19,35,48,4.0,112,Safe
Tashin Tuhin,3rd Year - Sem 1,17,8,12,29,32,3.0,81,Safe
Ahad Ali,4th Year - Sem 1,21,9,17,31,55,4.0,112,Safe
Shibay Yadav,3rd Year - Sem 2,7,1,1,5,12,0.0,19,High Risk
Nadia Islam,4th Year - Sem 1,22,9,15,35,48,4.0,107,Safe
Shibay Yadav,1st Year - Sem 2,12,4,8,11,9,0.0,32,High Risk
Karim Uddin,2nd Year - Sem 1,23,10,20,35,50,4.0,115,Safe
Shibay Yadav,3rd Year - Sem 1,13,5,11,29,39,3.0,84,Safe
Ahad Ali,2nd Year - Sem 2,22,10,15,40,54,4.0,119,Safe
Shibay Yadav,1st Year - Sem 2,18,7,14,22,41,3.0,84,Safe
Rakib Hasan,1st Year - Sem 1,22,10,15,31,53,4.0,109,Safe
Tashin Tuhin,1st Year - Sem 1,23,10,18,38,45,4.0,111,Safe
Tashin Tuhin,4th Year - Sem 2,12,8,10,25,45,3.25,88,Safe
Nadia Islam,1st Year - Sem 1,21,10,20,37,47,4.0,114,Safe
Ahad Ali,4th Year - Sem 1,22,9,16,33,48,4.0,106,Safe
Nadia Islam,3rd Year - Sem 2,4,4,4,3,21,0.0,32,High Risk
Shibay Yadav,3rd Year - Sem 2,24,10,19,30,53,4.0,112,Safe
Rakib Hasan,2nd Year - Sem 1,16,6,13,20,35,2.75,74,Medium Risk
Karim Uddin,2nd Year - Sem 1,12,2,9,5,10,0.0,26,High Risk
Nadia Islam,1st Year - Sem 2,1,2,1,17,29,0.0,49,High Risk
Tashin Tuhin,3rd Year - Sem 2,23,10,20,36,55,4.0,121,Safe
Karim Uddin,4th Year - Sem 2,16,8,12,20,33,2.75,73,Medium Risk
Tashin Tuhin,3rd Year - Sem 2,17,6,11,20,31,2.5,68,Medium Risk
Tashin Tuhin,3rd Year - Sem 1,21,8,16,34,45,3.75,103,Safe
Shibay Yadav,2nd Year - Sem 2,0,2,5,1,2,0.0,10,High Risk
Nadia Islam,4th Year - Sem 1,24,10,18,36,60,4.0,124,Safe
Ahad Ali,1st Year - Sem 1,20,8,20,39,49,4.0,116,Safe
Karim Uddin,1st Year - Sem 2,18,6,13,20,44,3.0,83,Safe
Shibay Yadav,3rd Year - Sem 1,21,9,18,40,58,4.0,125,Safe
Shibay Yadav,4th Year - Sem 2,23,10,20,39,46,4.0,115,Safe
Rakib Hasan,2nd Year - Sem 2,24,9,20,31,55,4.0,115,Safe
Ahad Ali,2nd Year - Sem 2,24,10,16,31,48,4.0,105,Safe
Nadia Islam,1st Year - Sem 1,22,10,20,34,59,4.0,123,Safe
Rakib Hasan,2nd Year - Sem 1,22,8,18,39,49,4.0,114,Safe
Rakib Hasan,2nd Year - Sem 2,13,7,14,28,31,3.0,80,Safe
Ahad Ali,4th Year - Sem 2,20,8,11,27,34,3.0,80,Safe
Rakib Hasan,3rd Year - Sem 1,23,10,17,30,55,4.0,112,Safe
Karim Uddin,1st Year - Sem 1,6,5,2,1,0,0.0,8,High Risk
Nadia Islam,3rd Year - Sem 1,20,9,16,31,49,4.0,105,Safe
Nadia Islam,3rd Year - Sem 2,18,5,11,22,40,3.0,78,Safe
Rakib Hasan,2nd Year - Sem 2,15,8,14,20,42,3.0,84,Safe
Nadia Islam,3rd Year - Sem 2,22,8,20,34,50,4.0,112,Safe
Tashin Tuhin,1st Year - Sem 2,23,8,18,32,52,4.0,110,Safe
Ahad Ali,4th Year - Sem 1,16,5,15,24,32,2.75,76,Medium Risk
Ahad Ali,4th Year - Sem 2,20,10,18,35,47,4.0,110,Safe
Karim Uddin,3rd Year - Sem 2,23,9,20,35,53,4.0,117,Safe
Karim Uddin,4th Year - Sem 2,15,5,12,22,37,2.75,76,Medium Risk
Nadia Islam,3rd Year - Sem 2,20,10,19,34,60,4.0,123,Safe
Ahad Ali,1st Year - Sem 2,17,7,12,21,43,3.0,83,Safe
Karim Uddin,3rd Year - Sem 1,12,8,14,20,37,3.0,79,Safe
Tashin Tuhin,4th Year - Sem 1,12,6,11,29,37,3.0,83,Safe
Nadia Islam,2nd Year - Sem 1,21,9,17,40,54,4.0,120,Safe
Karim Uddin,1st Year - Sem 2,12,5,11,29,37,3.0,82,Safe
Karim Uddin,1st Year - Sem 1,24,9,15,37,46,4.0,107,Safe
Shibay Yadav,2nd Year - Sem 2,17,8,15,30,43,3.5,96,Safe
Shibay Yadav,2nd Year - Sem 1,20,8,20,33,51,4.0,112,Safe
Rakib Hasan,3rd Year - Sem 1,22,9,20,36,57,4.0,122,Safe
Tashin Tuhin,2nd Year - Sem 2,14,5,13,27,40,3.25,85,Safe
Ahad Ali,3rd Year - Sem 2,24,9,15,30,51,4.0,105,Safe
Rakib Hasan,2nd Year - Sem 1,12,8,10,22,42,3.0,82,Safe
Nadia Islam,1st Year - Sem 1,20,7,15,23,32,2.75,77,Medium Risk
Nadia Islam,2nd Year - Sem 1,12,5,14,24,43,3.25,86,Safe
Nadia Islam,4th Year - Sem 1,16,8,15,28,41,3.5,92,Safe
Shibay Yadav,3rd Year - Sem 2,22,10,19,36,56,4.0,121,Safe
Ahad Ali,2nd Year - Sem 1,20,8,16,37,51,4.0,112,Safe
Karim Uddin,4th Year - Sem 1,20,8,19,31,53,4.0,111,Safe
Karim Uddin,4th Year - Sem 1,22,8,16,31,45,3.75,100,Safe
Ahad Ali,3rd Year - Sem 2,20,8,14,28,40,3.25,90,Safe
Tashin Tuhin,2nd Year - Sem 2,5,0,5,17,26,0.0,48,High Risk
Tashin Tuhin,4th Year - Sem 2,13,7,14,26,43,3.25,90,Safe
Karim Uddin,1st Year - Sem 2,15,5,13,26,32,2.75,76,Medium Risk
Rakib Hasan,4th Year - Sem 1,22,10,18,37,57,4.0,122,Safe
Nadia Islam,3rd Year - Sem 2,23,9,17,37,55,4.0,118,Safe
Shibay Yadav,3rd Year - Sem 1,22,8,15,33,47,3.75,103,Safe
Rakib Hasan,4th Year - Sem 1,23,10,15,31,52,4.0,108,Safe
Karim Uddin,4th Year - Sem 1,9,4,3,12,10,0.0,29,High Risk
Rakib Hasan,3rd Year - Sem 1,20,6,10,29,42,3.25,87,Safe
Nadia Islam,1st Year - Sem 1,18,8,14,28,34,3.0,84,Safe
Ahad Ali,1st Year - Sem 2,18,5,15,22,43,3.25,85,Safe
Karim Uddin,2nd Year - Sem 2,14,6,15,29,45,3.5,95,Safe
Rakib Hasan,3rd Year - Sem 2,23,10,19,36,50,4.0,115,Safe
Tashin Tuhin,1st Year - Sem 2,15,7,14,24,35,3.0,80,Safe
Nadia Islam,3rd Year - Sem 1,20,8,18,37,50,4.0,113,Safe
Karim Uddin,4th Year - Sem 1,21,9,16,37,60,4.0,122,Safe
Karim Uddin,3rd Year - Sem 2,14,5,12,23,32,2.75,72,Medium Risk
Rakib Hasan,1st Year - Sem 1,21,8,18,31,49,4.0,106,Safe
Shibay Yadav,4th Year - Sem 1,7,2,8,3,6,0.0,19,High Risk
Tashin Tuhin,1st Year - Sem 2,14,5,10,25,40,3.0,80,Safe
Karim Uddin,4th Year - Sem 2,20,8,17,37,60,4.0,122,Safe
Rakib Hasan,2nd Year - Sem 2,18,5,14,23,38,3.0,80,Safe
Rakib Hasan,1st Year - Sem 2,0,2,8,16,29,2.0,55,High Risk
Rakib Hasan,4th Year - Sem 2,17,7,15,21,38,3.0,81,Safe
Ahad Ali,2nd Year - Sem 2,24,9,16,33,54,4.0,112,Safe
Tashin Tuhin,3rd Year - Sem 1,21,10,18,31,59,4.0,118,Safe
Tashin Tuhin,2nd Year - Sem 1,21,9,17,32,56,4.0,114,Safe
Nadia Islam,4th Year - Sem 2,16,8,12,27,43,3.25,90,Safe
Karim Uddin,3rd Year - Sem 2,22,9,16,36,57,4.0,118,Safe
Shibay Yadav,3rd Year - Sem 2,16,7,15,27,30,3.0,79,Safe
Rakib Hasan,4th Year - Sem 2,18,5,12,29,42,3.25,88,Safe
Rakib Hasan,4th Year - Sem 1,14,8,10,25,38,3.0,81,Safe
Tashin Tuhin,4th Year - Sem 2,20,7,14,28,40,3.25,89,Safe
Karim Uddin,3rd Year - Sem 2,23,10,15,31,45,3.75,101,Safe
Shibay Yadav,4th Year - Sem 2,16,8,13,22,37,3.0,80,Safe
Tashin Tuhin,4th Year - Sem 1,14,8,12,29,45,3.5,94,Safe
Nadia Islam,3rd Year - Sem 1,22,8,18,33,51,4.0,110,Safe
Nadia Islam,4th Year - Sem 1,22,9,16,37,57,4.0,119,Safe
Rakib Hasan,2nd Year - Sem 1,8,0,3,20,21,0.0,44,High Risk
Tashin Tuhin,3rd Year - Sem 1,24,9,18,32,47,4.0,106,Safe
Rakib Hasan,3rd Year - Sem 1,22,10,19,36,57,4.0,122,Safe
Karim Uddin,3rd Year - Sem 2,16,7,12,20,31,2.5,70,Medium Risk
Tashin Tuhin,2nd Year - Sem 1,23,9,20,35,46,4.0,110,Safe
Nadia Islam,4th Year - Sem 2,10,3,1,9,11,0.0,24,High Risk
Ahad Ali,3rd Year - Sem 2,14,6,15,20,31,2.75,72,Medium Risk
Shibay Yadav,1st Year - Sem 2,0,0,1,5,1,0.0,7,High Risk
Shibay Yadav,4th Year - Sem 1,15,7,13,29,38,3.25,87,Safe
Rakib Hasan,4th Year - Sem 1,20,10,18,40,57,4.0,125,Safe
Tashin Tuhin,2nd Year - Sem 1,18,5,12,29,33,3.0,79,Safe
Tashin Tuhin,3rd Year - Sem 2,23,9,16,39,45,4.0,109,Safe
Shibay Yadav,4th Year - Sem 2,0,4,8,9,27,0.0,48,High Risk
Rakib Hasan,4th Year - Sem 1,22,9,20,38,60,4.0,127,Safe
Nadia Islam,1st Year - Sem 2,23,9,18,40,58,4.0,125,Safe
Rakib Hasan,4th Year - Sem 2,4,1,5,18,28,2.0,52,High Risk
Karim Uddin,4th Year - Sem 2,12,7,11,24,34,2.75,76,Medium Risk
Tashin Tuhin,3rd Year - Sem 1,24,10,20,38,47,4.0,115,Safe
Ahad Ali,3rd Year - Sem 1,4,1,9,14,9,0.0,33,High Risk
Ahad Ali,1st Year - Sem 1,18,7,15,29,33,3.0,84,Safe
Tashin Tuhin,2nd Year - Sem 1,24,8,18,36,58,4.0,120,Safe
Ahad Ali,1st Year - Sem 2,15,5,13,27,45,3.25,90,Safe
Shibay Yadav,2nd Year - Sem 1,23,8,16,31,50,4.0,105,Safe
Karim Uddin,3rd Year - Sem 1,21,9,16,33,48,4.0,106,Safe
Rakib Hasan,2nd Year - Sem 1,24,8,20,34,57,4.0,119,Safe
Karim Uddin,3rd Year - Sem 2,21,9,18,39,53,4.0,119,Safe
Rakib Hasan,4th Year - Sem 1,21,9,19,32,55,4.0,115,Safe
Nadia Islam,1st Year - Sem 1,23,9,16,34,46,4.0,105,Safe
Shibay Yadav,1st Year - Sem 1,17,5,14,23,40,3.0,82,Safe
Rakib Hasan,1st Year - Sem 1,19,7,11,27,31,2.75,76,Medium Risk
Karim Uddin,1st Year - Sem 1,20,10,18,30,49,4.0,107,Safe
Ahad Ali,2nd Year - Sem 2,9,1,9,4,5,0.0,19,High Risk
Tashin Tuhin,1st Year - Sem 2,15,8,14,30,36,3.25,88,Safe
Nadia Islam,2nd Year - Sem 2,22,8,15,31,47,3.75,101,Safe
Shibay Yadav,4th Year - Sem 2,7,2,6,19,19,0.0,46,High Risk
Karim Uddin,3rd Year - Sem 1,16,5,11,25,44,3.25,85,Safe
Tashin Tuhin,2nd Year - Sem 1,23,9,18,37,55,4.0,119,Safe
Tashin Tuhin,1st Year - Sem 2,17,7,15,27,30,3.0,79,Safe
Shibay Yadav,4th Year - Sem 2,13,5,15,20,38,3.0,78,Safe
Rakib Hasan,3rd Year - Sem 2,2,2,1,20,10,0.0,33,High Risk
Ahad Ali,2nd Year - Sem 2,19,5,11,21,41,3.0,78,Safe
Nadia Islam,3rd Year - Sem 1,21,9,20,30,60,4.0,119,Safe
Karim Uddin,4th Year - Sem 1,24,9,19,32,55,4.0,115,Safe
Karim Uddin,4th Year - Sem 1,8,2,9,2,3,0.0,16,High Risk
Nadia Islam,3rd Year - Sem 1,2,3,6,12,0,0.0,21,High Risk
Shibay Yadav,2nd Year - Sem 2,22,9,16,36,47,4.0,108,Safe
Nadia Islam,4th Year - Sem 2,22,9,17,30,50,4.0,106,Safe
Ahad Ali,2nd Year - Sem 1,17,5,15,22,31,2.75,73,Medium Risk
Tashin Tuhin,3rd Year - Sem 1,18,7,14,22,39,3.0,82,Safe
Karim Uddin,4th Year - Sem 1,23,8,19,38,54,4.0,119,Safe
Shibay Yadav,2nd Year - Sem 2,20,10,16,38,52,4.0,116,Safe
Tashin Tuhin,1st Year - Sem 1,15,7,14,24,45,3.25,90,Safe
Nadia Islam,2nd Year - Sem 1,20,10,20,30,47,4.0,107,Safe
Rakib Hasan,2nd Year - Sem 1,15,5,15,29,38,3.25,87,Safe
Nadia Islam,1st Year - Sem 2,17,5,15,23,43,3.25,86,Safe
Ahad Ali,3rd Year - Sem 1,20,8,19,30,46,3.75,103,Safe
Shibay Yadav,1st Year - Sem 2,21,10,15,34,49,4.0,108,Safe
Karim Uddin,1st Year - Sem 2,15,7,13,30,39,3.25,89,Safe
Shibay Yadav,2nd Year - Sem 2,11,4,3,15,24,0.0,46,High Risk
Karim Uddin,4th Year - Sem 2,14,8,14,24,44,3.25,90,Safe
Rakib Hasan,4th Year - Sem 2,1,4,8,3,15,0.0,30,High Risk
Tashin Tuhin,2nd Year - Sem 2,2,0,9,5,25,0.0,39,High Risk
Nadia Islam,3rd Year - Sem 1,17,8,11,20,40,3.0,79,Safe
Karim Uddin,2nd Year - Sem 2,15,6,11,26,38,3.0,81,Safe
Rakib Hasan,4th Year - Sem 1,19,6,14,23,44,3.25,87,Safe
Ahad Ali,4th Year - Sem 2,20,5,10,29,34,3.0,78,Safe
Shibay Yadav,4th Year - Sem 1,16,5,10,25,33,2.75,73,Medium Risk
Ahad Ali,1st Year - Sem 1,18,8,13,23,37,3.0,81,Safe
Nadia Islam,3rd Year - Sem 2,19,6,14,28,30,3.0,78,Safe
Ahad Ali,3rd Year - Sem 1,19,6,15,27,33,3.0,81,Safe
Tashin Tuhin,4th Year - Sem 2,15,7,10,28,39,3.0,84,Safe
Nadia Islam,2nd Year - Sem 2,17,6,10,22,39,2.75,77,Medium Risk
Rakib Hasan,4th Year - Sem 2,21,10,20,30,57,4.0,117,Safe
Rakib Hasan,2nd Year - Sem 2,12,3,0,9,21,0.0,33,High Risk
Ahad Ali,2nd Year - Sem 1,12,4,6,0,8,0.0,18,High Risk
Rakib Hasan,3rd Year - Sem 2,21,9,20,37,45,4.0,111,Safe
Ahad Ali,1st Year - Sem 1,10,5,3,20,22,0.0,50,High Risk
Karim Uddin,4th Year - Sem 1,17,7,14,27,42,3.25,90,Safe
Shibay Yadav,4th Year - Sem 2,24,9,16,32,51,4.0,108,Safe
Karim Uddin,2nd Year - Sem 1,20,6,15,29,31,3.0,81,Safe
Rakib Hasan,2nd Year - Sem 1,17,8,11,30,36,3.25,85,Safe
Tashin Tuhin,4th Year - Sem 2,16,5,10,22,35,2.75,72,Medium Risk
Shibay Yadav,1st Year - Sem 1,22,9,17,30,52,4.0,108,Safe
Ahad Ali,1st Year - Sem 1,20,5,15,22,33,2.75,75,Medium Risk
Shibay Yadav,2nd Year - Sem 2,3,4,9,5,11,0.0,29,High Risk
Ahad Ali,2nd Year - Sem 2,21,8,15,39,59,4.0,121,Safe
Tashin Tuhin,3rd Year - Sem 1,21,10,19,36,49,4.0,114,Safe
Nadia Islam,4th Year - Sem 1,0,4,6,14,20,0.0,44,High Risk
Tashin Tuhin,3rd Year - Sem 1,22,10,17,31,57,4.0,115,Safe
Ahad Ali,2nd Year - Sem 2,15,8,10,30,39,3.25,87,Safe
Shibay Yadav,4th Year - Sem 1,16,6,13,22,32,2.75,73,Medium Risk
Rakib Hasan,4th Year - Sem 1,12,7,12,27,33,3.0,79,Safe
Rakib Hasan,4th Year - Sem 2,23,9,19,33,48,4.0,109,Safe
Nadia Islam,2nd Year - Sem 1,15,5,14,23,41,3.0,83,Safe
Karim Uddin,3rd Year - Sem 1,24,10,20,35,53,4.0,118,Safe
Tashin Tuhin,1st Year - Sem 2,24,9,19,34,52,4.0,114,Safe
Karim Uddin,2nd Year - Sem 2,6,5,3,18,2,0.0,28,High Risk
Karim Uddin,3rd Year - Sem 1,18,6,15,22,41,3.0,84,Safe
Ahad Ali,4th Year - Sem 2,15,7,12,25,34,3.0,78,Safe
Tashin Tuhin,2nd Year - Sem 2,24,9,19,35,60,4.0,123,Safe
Karim Uddin,3rd Year - Sem 2,21,8,19,30,45,3.75,102,Safe
Nadia Islam,3rd Year - Sem 2,15,7,11,27,41,3.25,86,Safe
Rakib Hasan,1st Year - Sem 2,12,8,10,27,34,3.0,79,Safe
Karim Uddin,4th Year - Sem 2,20,8,19,30,57,4.0,114,Safe
Rakib Hasan,4th Year - Sem 1,14,5,12,29,34,3.0,80,Safe
Karim Uddin,3rd Year - Sem 1,14,8,12,26,44,3.25,90,Safe
Tashin Tuhin,4th Year - Sem 1,22,9,17,33,59,4.0,118,Safe
Tashin Tuhin,2nd Year - Sem 1,19,7,15,26,45,3.5,93,Safe
Ahad Ali,2nd Year - Sem 1,15,7,13,22,36,3.0,78,Safe
Shibay Yadav,4th Year - Sem 1,24,10,20,39,59,4.0,128,Safe
Shibay Yadav,3rd Year - Sem 2,21,8,16,31,50,4.0,105,Safe
Nadia Islam,2nd Year - Sem 2,24,9,17,36,47,4.0,109,Safe
Ahad Ali,4th Year - Sem 2,17,5,15,29,38,3.25,87,Safe
Rakib Hasan,3rd Year - Sem 2,4,0,3,5,8,0.0,16,High Risk
Tashin Tuhin,2nd Year - Sem 1,20,6,13,22,38,3.0,79,Safe
Ahad Ali,3rd Year - Sem 1,10,2,2,0,15,0.0,19,High Risk
Rakib Hasan,1st Year - Sem 1,6,4,3,1,10,0.0,18,High Risk
Nadia Islam,1st Year - Sem 2,20,8,17,33,60,4.0,118,Safe
Ahad Ali,3rd Year - Sem 1,1,5,7,1,26,0.0,39,High Risk
Rakib Hasan,3rd Year - Sem 2,10,3,5,3,3,0.0,14,High Risk
Shibay Yadav,4th Year - Sem 1,23,10,20,36,50,4.0,116,Safe
Ahad Ali,4th Year - Sem 2,20,8,18,34,55,4.0,115,Safe
Shibay Yadav,1st Year - Sem 1,18,8,12,22,38,3.0,80,Safe
Rakib Hasan,3rd Year - Sem 1,22,9,19,36,50,4.0,114,Safe
Tashin Tuhin,1st Year - Sem 2,17,5,10,24,34,2.75,73,Medium Risk
Nadia Islam,3rd Year - Sem 1,17,5,12,27,39,3.0,83,Safe
Karim Uddin,2nd Year - Sem 2,13,7,15,24,37,3.0,83,Safe
Rakib Hasan,1st Year - Sem 1,19,7,13,30,35,3.25,85,Safe
Shibay Yadav,2nd Year - Sem 1,19,8,10,29,34,3.0,81,Safe
Nadia Islam,3rd Year - Sem 2,24,9,15,33,50,4.0,107,Safe
Tashin Tuhin,2nd Year - Sem 1,17,8,13,22,40,3.0,83,Safe
Tashin Tuhin,3rd Year - Sem 2,10,5,9,2,29,0.0,45,High Risk
Tashin Tuhin,3rd Year - Sem 2,0,3,9,2,29,0.0,43,High Risk
Karim Uddin,2nd Year - Sem 2,23,8,15,35,58,4.0,116,Safe
Shibay Yadav,4th Year - Sem 2,2,2,3,12,5,0.0,22,High Risk
Ahad Ali,1st Year - Sem 1,19,6,10,27,42,3.25,85,Safe
Shibay Yadav,2nd Year - Sem 2,0,0,9,2,28,0.0,39,High Risk
Tashin Tuhin,2nd Year - Sem 2,16,6,11,26,38,3.0,81,Safe
Tashin Tuhin,2nd Year - Sem 2,23,10,17,36,53,4.0,116,Safe
Nadia Islam,3rd Year - Sem 1,14,5,13,26,31,2.75,75,Medium Risk
Rakib Hasan,3rd Year - Sem 1,22,9,17,40,49,4.0,115,Safe
Ahad Ali,4th Year - Sem 1,21,8,16,37,45,4.0,106,Safe
Ahad Ali,2nd Year - Sem 1,18,6,12,28,42,3.25,88,Safe
Shibay Yadav,2nd Year - Sem 2,16,5,11,22,33,2.5,71,Medium Risk
Karim Uddin,1st Year - Sem 2,24,10,17,39,59,4.0,125,Safe
Karim Uddin,4th Year - Sem 1,20,8,20,34,48,4.0,110,Safe
Ahad Ali,4th Year - Sem 1,20,10,15,31,50,4.0,106,Safe
Ahad Ali,3rd Year - Sem 1,23,8,17,38,50,4.0,113,Safe
Rakib Hasan,3rd Year - Sem 1,22,9,15,32,48,4.0,104,Safe
Shibay Yadav,3rd Year - Sem 1,15,8,10,27,30,2.75,75,Medium Risk
Shibay Yadav,4th Year - Sem 2,12,8,11,26,40,3.25,85,Safe
Shibay Yadav,1st Year - Sem 1,22,10,20,33,54,4.0,117,Safe
Tashin Tuhin,4th Year - Sem 2,12,7,12,27,34,3.0,80,Safe
Karim Uddin,4th Year - Sem 2,20,8,11,24,30,2.75,73,Medium Risk
Karim Uddin,2nd Year - Sem 2,21,10,16,39,58,4.0,123,Safe
Rakib Hasan,2nd Year - Sem 1,23,9,20,33,49,4.0,111,Safe
Rakib Hasan,1st Year - Sem 2,23,8,16,40,54,4.0,118,Safe
Karim Uddin,1st Year - Sem 1,12,7,12,21,32,2.75,72,Medium Risk
Rakib Hasan,1st Year - Sem 1,20,6,11,27,38,3.0,82,Safe
Ahad Ali,1st Year - Sem 1,7,4,3,20,3,0.0,30,High Risk
Nadia Islam,4th Year - Sem 2,4,2,1,7,16,0.0,26,High Risk
Ahad Ali,3rd Year - Sem 1,23,10,16,38,59,4.0,123,Safe
Tashin Tuhin,4th Year - Sem 2,24,8,18,36,53,4.0,115,Safe
Ahad Ali,4th Year - Sem 2,19,6,10,20,36,2.75,72,Medium Risk
Nadia Islam,1st Year - Sem 2,23,10,16,34,54,4.0,114,Safe
Ahad Ali,3rd Year - Sem 1,16,5,15,20,35,2.75,75,Medium Risk
Tashin Tuhin,2nd Year - Sem 1,4,1,9,15,28,2.0,53,High Risk
Tashin Tuhin,3rd Year - Sem 1,16,6,12,27,30,2.75,75,Medium Risk
Ahad Ali,3rd Year - Sem 2,14,8,14,29,34,3.25,85,Safe
Shibay Yadav,1st Year - Sem 2,15,7,12,21,44,3.0,84,Safe
Rakib Hasan,4th Year - Sem 1,23,10,15,31,50,4.0,106,Safe
Nadia Islam,2nd Year - Sem 2,20,6,14,30,38,3.25,88,Safe
Rakib Hasan,2nd Year - Sem 2,20,8,15,40,54,4.0,117,Safe
Tashin Tuhin,3rd Year - Sem 1,24,9,19,38,59,4.0,125,Safe
Ahad Ali,3rd Year - Sem 2,20,10,15,32,59,4.0,116,Safe
Nadia Islam,2nd Year - Sem 1,2,2,3,11,30,0.0,46,High Risk
Rakib Hasan,1st Year - Sem 2,14,6,13,29,39,3.25,87,Safe
Rakib Hasan,4th Year - Sem 1,21,10,20,30,56,4.0,116,Safe
Karim Uddin,1st Year - Sem 1,10,4,9,0,4,0.0,17,High Risk
Ahad Ali,3rd Year - Sem 2,18,5,12,25,30,2.75,72,Medium Risk
Karim Uddin,2nd Year - Sem 2,15,7,14,23,39,3.0,83,Safe
Nadia Islam,3rd Year - Sem 2,2,4,10,14,2,0.0,30,High Risk
Rakib Hasan,4th Year - Sem 2,16,5,11,29,30,2.75,75,Medium Risk
Karim Uddin,3rd Year - Sem 2,21,10,19,33,58,4.0,120,Safe
Ahad Ali,3rd Year - Sem 1,2,5,10,6,1,0.0,22,High Risk
Shibay Yadav,4th Year - Sem 2,22,10,17,39,55,4.0,121,Safe
Shibay Yadav,3rd Year - Sem 1,11,4,0,14,6,0.0,24,High Risk
Rakib Hasan,1st Year - Sem 2,20,8,17,31,55,4.0,111,Safe
Nadia Islam,3rd Year - Sem 1,17,6,11,29,40,3.25,86,Safe
Nadia Islam,1st Year - Sem 1,20,7,14,24,41,3.25,86,Safe
Tashin Tuhin,1st Year - Sem 1,23,9,20,40,45,4.0,114,Safe
Tashin Tuhin,4th Year - Sem 1,22,9,16,37,59,4.0,121,Safe
Ahad Ali,2nd Year - Sem 2,21,8,19,32,48,4.0,107,Safe
Shibay Yadav,3rd Year - Sem 1,22,10,16,36,51,4.0,113,Safe
Tashin Tuhin,2nd Year - Sem 1,18,6,15,22,31,2.75,74,Medium Risk
Shibay Yadav,2nd Year - Sem 2,20,8,11,23,35,2.75,77,Medium Risk
Tashin Tuhin,2nd Year - Sem 1,24,8,19,36,55,4.0,118,Safe
Rakib Hasan,2nd Year - Sem 2,15,8,15,25,45,3.5,93,Safe
Karim Uddin,1st Year - Sem 1,21,10,16,39,46,4.0,111,Safe
Rakib Hasan,2nd Year - Sem 2,3,5,1,5,3,0.0,14,High Risk
Shibay Yadav,3rd Year - Sem 1,14,5,12,22,31,2.5,70,Medium Risk
Nadia Islam,2nd Year - Sem 2,12,5,12,26,38,3.0,81,Safe
Shibay Yadav,3rd Year - Sem 1,20,5,10,24,44,3.0,83,Safe
Shibay Yadav,2nd Year - Sem 1,12,8,11,28,45,3.5,92,Safe
Rakib Hasan,2nd Year - Sem 2,19,8,13,25,39,3.25,85,Safe
Tashin Tuhin,1st Year - Sem 1,24,10,20,39,55,4.0,124,Safe
Nadia Islam,4th Year - Sem 2,22,8,17,35,49,4.0,109,Safe
Tashin Tuhin,2nd Year - Sem 1,18,7,14,24,33,3.0,78,Safe
Rakib Hasan,4th Year - Sem 1,23,10,17,31,58,4.0,116,Safe
Rakib Hasan,4th Year - Sem 2,12,8,12,20,45,3.25,85,Safe
Shibay Yadav,1st Year - Sem 2,21,8,20,36,47,4.0,111,Safe
Ahad Ali,3rd Year - Sem 1,24,8,20,31,47,4.0,106,Safe
Ahad Ali,1st Year - Sem 2,12,0,4,1,22,0.0,27,High Risk
Nadia Islam,1st Year - Sem 2,13,6,13,24,36,3.0,79,Safe
Nadia Islam,4th Year - Sem 1,5,1,4,14,10,0.0,29,High Risk
Nadia Islam,3rd Year - Sem 2,22,9,18,33,58,4.0,118,Safe
Tashin Tuhin,3rd Year - Sem 1,17,7,11,30,35,3.0,83,Safe
Ahad Ali,2nd Year - Sem 1,21,10,18,36,55,4.0,119,Safe
Rakib Hasan,3rd Year - Sem 2,12,6,10,25,30,2.5,71,Medium Risk
Rakib Hasan,2nd Year - Sem 1,13,8,15,22,34,3.0,79,Safe
Ahad Ali,4th Year - Sem 2,23,9,15,33,49,4.0,106,Safe
Ahad Ali,1st Year - Sem 2,23,9,16,40,58,4.0,123,Safe
Nadia Islam,1st Year - Sem 2,18,8,13,25,34,3.0,80,Safe
Rakib Hasan,2nd Year - Sem 2,15,5,12,23,33,2.75,73,Medium Risk
Karim Uddin,3rd Year - Sem 2,22,9,18,34,47,4.0,108,Safe
Karim Uddin,3rd Year - Sem 2,12,5,11,27,36,3.0,79,Safe
Nadia Islam,2nd Year - Sem 2,15,6,12,30,36,3.0,84,Safe
Nadia Islam,3rd Year - Sem 2,15,7,12,23,37,3.0,79,Safe
Nadia Islam,2nd Year - Sem 2,21,8,15,39,59,4.0,121,Safe
Shibay Yadav,2nd Year - Sem 1,8,1,8,17,27,2.0,53,High Risk
Rakib Hasan,1st Year - Sem 2,1,0,0,16,17,0.0,33,High Risk
Nadia Islam,2nd Year - Sem 2,18,5,11,21,45,3.0,82,Safe
Rakib Hasan,2nd Year - Sem 2,20,8,15,21,43,3.25,87,Safe
Rakib Hasan,2nd Year - Sem 1,13,8,14,28,36,3.25,86,Safe
Nadia Islam,2nd Year - Sem 2,23,9,19,35,46,4.0,109,Safe
Rakib Hasan,1st Year - Sem 2,16,7,10,20,33,2.5,70,Medium Risk
Rakib Hasan,1st Year - Sem 1,12,6,15,26,35,3.0,82,Safe
Karim Uddin,2nd Year - Sem 1,20,8,19,36,45,4.0,108,Safe
Ahad Ali,1st Year - Sem 1,3,1,4,14,16,0.0,35,High Risk
Ahad Ali,4th Year - Sem 2,14,6,11,22,42,3.0,81,Safe
Tashin Tuhin,1st Year - Sem 2,12,6,11,23,36,2.75,76,Medium Risk
Shibay Yadav,3rd Year - Sem 1,23,10,18,38,55,4.0,121,Safe
Tashin Tuhin,1st Year - Sem 2,24,8,16,35,53,4.0,112,Safe
Karim Uddin,3rd Year - Sem 1,22,10,18,32,54,4.0,114,Safe
Nadia Islam,2nd Year - Sem 1,21,10,20,30,46,4.0,106,Safe
Karim Uddin,4th Year - Sem 2,21,10,15,39,59,4.0,123,Safe
Rakib Hasan,2nd Year - Sem 1,21,10,15,38,57,4.0,120,Safe
Ahad Ali,2nd Year - Sem 2,12,2,8,4,30,0.0,44,High Risk
Shibay Yadav,4th Year - Sem 2,20,8,12,22,32,2.75,74,Medium Risk
Nadia Islam,2nd Year - Sem 2,21,8,19,33,46,4.0,106,Safe
Ahad Ali,4th Year - Sem 2,20,5,15,24,42,3.25,86,Safe
Tashin Tuhin,2nd Year - Sem 1,24,9,16,38,52,4.0,115,Safe
Karim Uddin,3rd Year - Sem 1,22,9,18,38,49,4.0,114,Safe
Ahad Ali,1st Year - Sem 1,19,6,12,20,38,2.75,76,Medium Risk
Nadia Islam,2nd Year - Sem 2,20,9,18,36,47,4.0,110,Safe
Karim Uddin,4th Year - Sem 2,18,5,13,24,31,2.75,73,Medium Risk
Ahad Ali,3rd Year - Sem 2,22,10,16,35,47,4.0,108,Safe
Ahad Ali,1st Year - Sem 1,23,9,16,30,45,3.75,100,Safe
Nadia Islam,2nd Year - Sem 2,22,8,20,31,48,4.0,107,Safe
Karim Uddin,3rd Year - Sem 1,13,8,15,28,38,3.25,89,Safe
Tashin Tuhin,1st Year - Sem 1,15,6,11,27,34,3.0,78,Safe
Shibay Yadav,4th Year - Sem 2,22,10,19,30,58,4.0,117,Safe
Rakib Hasan,1st Year - Sem 2,6,1,0,9,24,0.0,34,High Risk
Tashin Tuhin,2nd Year - Sem 1,22,9,16,33,45,3.75,103,Safe
Rakib Hasan,3rd Year - Sem 1,3,5,4,4,22,0.0,35,High Risk
Ahad Ali,2nd Year - Sem 1,16,7,10,23,32,2.75,72,Medium Risk
Rakib Hasan,4th Year - Sem 1,22,10,17,34,52,4.0,113,Safe
Tashin Tuhin,4th Year - Sem 1,20,8,18,33,49,4.0,108,Safe
Nadia Islam,2nd Year - Sem 2,22,9,16,39,60,4.0,124,Safe
Ahad Ali,3rd Year - Sem 1,19,6,12,25,41,3.0,84,Safe
Tashin Tuhin,4th Year - Sem 2,16,5,13,24,42,3.0,84,Safe
Karim Uddin,2nd Year - Sem 1,13,8,10,24,34,2.75,76,Medium Risk
Tashin Tuhin,2nd Year - Sem 2,4,0,2,17,29,0.0,48,High Risk
Karim Uddin,1st Year - Sem 2,22,10,18,35,60,4.0,123,Safe
Shibay Yadav,1st Year - Sem 1,19,8,10,28,35,3.0,81,Safe
Karim Uddin,4th Year - Sem 2,23,8,15,34,56,4.0,113,Safe
Karim Uddin,1st Year - Sem 2,15,8,10,27,33,3.0,78,Safe
Nadia Islam,1st Year - Sem 2,14,6,11,29,40,3.25,86,Safe
Shibay Yadav,4th Year - Sem 2,4,0,5,17,3,0.0,25,High Risk
Rakib Hasan,3rd Year - Sem 2,12,6,12,22,39,3.0,79,Safe
Nadia Islam,4th Year - Sem 1,14,6,12,28,44,3.25,90,Safe
Rakib Hasan,2nd Year - Sem 2,7,3,1,1,19,0.0,24,High Risk
Tashin Tuhin,4th Year - Sem 2,13,8,10,26,45,3.25,89,Safe
Ahad Ali,3rd Year - Sem 1,4,4,2,15,16,0.0,37,High Risk
Rakib Hasan,4th Year - Sem 2,20,10,15,37,49,4.0,111,Safe
Karim Uddin,4th Year - Sem 1,10,5,5,6,19,0.0,35,High Risk
Ahad Ali,4th Year - Sem 1,16,5,11,25,32,2.75,73,Medium Risk
Karim Uddin,3rd Year - Sem 1,17,7,13,30,40,3.25,90,Safe
Karim Uddin,1st Year - Sem 2,20,10,18,39,51,4.0,118,Safe
Karim Uddin,4th Year - Sem 1,21,10,17,33,45,4.0,105,Safe
Shibay Yadav,1st Year - Sem 2,16,8,11,26,32,2.75,77,Medium Risk
Rakib Hasan,3rd Year - Sem 1,15,5,10,30,39,3.0,84,Safe
Tashin Tuhin,3rd Year - Sem 2,20,9,20,30,51,4.0,110,Safe
Ahad Ali,4th Year - Sem 2,5,0,10,12,16,0.0,38,High Risk
Ahad Ali,3rd Year - Sem 2,14,8,11,21,33,2.75,73,Medium Risk
Ahad Ali,1st Year - Sem 2,16,6,15,25,34,3.0,80,Safe
Tashin Tuhin,2nd Year - Sem 2,17,6,12,28,31,2.75,77,Medium Risk
Ahad Ali,3rd Year - Sem 1,6,5,10,5,24,0.0,44,High Risk
Karim Uddin,2nd Year - Sem 2,13,8,11,21,36,2.75,76,Medium Risk
Ahad Ali,4th Year - Sem 2,21,9,18,37,58,4.0,122,Safe
Ahad Ali,2nd Year - Sem 2,21,10,15,34,55,4.0,114,Safe
Rakib Hasan,1st Year - Sem 2,14,7,14,29,40,3.25,90,Safe
Nadia Islam,1st Year - Sem 2,22,10,16,35,51,4.0,112,Safe
Tashin Tuhin,3rd Year - Sem 2,12,8,10,26,33,2.75,77,Medium Risk
Nadia Islam,2nd Year - Sem 1,18,7,11,25,42,3.25,85,Safe
Tashin Tuhin,3rd Year - Sem 1,17,6,10,26,36,3.0,78,Safe
Ahad Ali,2nd Year - Sem 2,1,4,6,18,25,2.0,53,High Risk
Rakib Hasan,2nd Year - Sem 1,4,5,0,3,5,0.0,13,High Risk
Rakib Hasan,2nd Year - Sem 1,16,8,13,20,38,3.0,79,Safe
Rakib Hasan,3rd Year - Sem 1,14,5,12,23,35,2.75,75,Medium Risk
Nadia Islam,1st Year - Sem 2,23,9,15,35,56,4.0,115,Safe
Rakib Hasan,2nd Year - Sem 1,21,10,16,40,58,4.0,124,Safe
Shibay Yadav,4th Year - Sem 2,21,8,18,30,58,4.0,114,Safe
Rakib Hasan,1st Year - Sem 2,1,2,2,9,12,0.0,25,High Risk
Karim Uddin,2nd Year - Sem 1,13,7,14,27,41,3.25,89,Safe
Karim Uddin,4th Year - Sem 2,19,6,10,23,44,3.0,83,Safe
Shibay Yadav,2nd Year - Sem 2,16,6,13,23,44,3.25,86,Safe
Karim Uddin,1st Year - Sem 2,22,9,17,37,57,4.0,120,Safe
Tashin Tuhin,3rd Year - Sem 1,23,8,18,33,54,4.0,113,Safe
Rakib Hasan,3rd Year - Sem 2,20,8,15,37,52,4.0,112,Safe
Shibay Yadav,2nd Year - Sem 1,14,5,13,24,42,3.0,84,Safe
Shibay Yadav,2nd Year - Sem 1,19,5,15,27,31,3.0,78,Safe
Ahad Ali,1st Year - Sem 2,23,10,15,37,55,4.0,117,Safe
Karim Uddin,4th Year - Sem 2,15,5,13,30,37,3.25,85,Safe
Nadia Islam,2nd Year - Sem 1,12,5,13,26,32,2.75,76,Medium Risk
Shibay Yadav,2nd Year - Sem 1,1,1,9,0,0,0.0,10,High Risk
Karim Uddin,1st Year - Sem 2,24,8,19,32,46,4.0,105,Safe
Ahad Ali,2nd Year - Sem 1,23,10,16,32,49,4.0,107,Safe
Ahad Ali,3rd Year - Sem 1,4,5,2,2,25,0.0,34,High Risk
Ahad Ali,1st Year - Sem 2,9,5,5,11,23,0.0,44,High Risk
Nadia Islam,2nd Year - Sem 2,22,9,15,39,47,4.0,110,Safe
Karim Uddin,1st Year - Sem 2,21,9,18,40,47,4.0,114,Safe
Shibay Yadav,3rd Year - Sem 2,21,10,15,32,48,4.0,105,Safe
Rakib Hasan,1st Year - Sem 2,13,5,13,26,39,3.0,83,Safe
Karim Uddin,2nd Year - Sem 2,24,10,18,31,50,4.0,109,Safe
Rakib Hasan,3rd Year - Sem 2,19,8,11,25,30,2.75,74,Medium Risk
Karim Uddin,2nd Year - Sem 2,22,9,19,35,49,4.0,112,Safe
Nadia Islam,3rd Year - Sem 2,12,7,10,29,32,3.0,78,Safe
Shibay Yadav,4th Year - Sem 2,16,8,15,28,42,3.5,93,Safe
Rakib Hasan,2nd Year - Sem 1,17,6,11,23,44,3.0,84,Safe
Rakib Hasan,3rd Year - Sem 1,24,8,18,33,55,4.0,114,Safe
Rakib Hasan,3rd Year - Sem 2,24,8,20,31,58,4.0,117,Safe
Karim Uddin,1st Year - Sem 2,12,7,13,23,30,2.75,73,Medium Risk
Rakib Hasan,4th Year - Sem 1,20,7,12,30,35,3.0,84,Safe
Shibay Yadav,4th Year - Sem 2,19,7,11,20,31,2.5,69,Medium Risk
Karim Uddin,1st Year - Sem 1,21,9,18,31,50,4.0,108,Safe
Rakib Hasan,1st Year - Sem 2,14,7,12,20,31,2.5,70,Medium Risk
Shibay Yadav,2nd Year - Sem 1,12,7,12,25,45,3.25,89,Safe
Ahad Ali,2nd Year - Sem 2,13,8,11,22,45,3.25,86,Safe
Karim Uddin,3rd Year - Sem 1,14,8,10,20,42,3.0,80,Safe
Nadia Islam,3rd Year - Sem 1,21,9,16,38,47,4.0,110,Safe
Karim Uddin,1st Year - Sem 2,6,3,10,10,20,0.0,43,High Risk
Ahad Ali,3rd Year - Sem 2,24,9,17,36,53,4.0,115,Safe
Rakib Hasan,4th Year - Sem 2,15,5,15,28,33,3.0,81,Safe
Tashin Tuhin,4th Year - Sem 2,20,7,14,20,32,2.75,73,Medium Risk
Karim Uddin,2nd Year - Sem 2,21,10,19,36,59,4.0,124,Safe
Karim Uddin,3rd Year - Sem 1,3,0,9,1,17,0.0,27,High Risk
Tashin Tuhin,4th Year - Sem 1,6,0,2,9,30,0.0,41,High Risk
Rakib Hasan,3rd Year - Sem 1,14,5,13,30,43,3.5,91,Safe
Karim Uddin,2nd Year - Sem 2,17,6,10,29,37,3.0,82,Safe
Karim Uddin,3rd Year - Sem 2,12,5,11,29,37,3.0,82,Safe
Ahad Ali,3rd Year - Sem 2,24,8,17,34,55,4.0,114,Safe
Shibay Yadav,1st Year - Sem 2,14,5,15,25,41,3.25,86,Safe
Ahad Ali,3rd Year - Sem 2,21,10,16,34,46,4.0,106,Safe
Nadia Islam,2nd Year - Sem 2,20,5,15,21,43,3.0,84,Safe
Ahad Ali,4th Year - Sem 2,3,2,1,8,19,0.0,30,High Risk
Nadia Islam,4th Year - Sem 2,18,5,14,26,42,3.25,87,Safe
Shibay Yadav,4th Year - Sem 1,1,4,5,2,30,0.0,41,High Risk
Rakib Hasan,1st Year - Sem 1,16,8,13,28,38,3.25,87,Safe
Rakib Hasan,4th Year - Sem 1,20,5,14,28,44,3.5,91,Safe
Rakib Hasan,4th Year - Sem 2,2,1,7,6,26,0.0,40,High Risk
Rakib Hasan,1st Year - Sem 2,15,5,12,30,40,3.25,87,Safe
Nadia Islam,2nd Year - Sem 2,13,8,12,20,43,3.0,83,Safe
Nadia Islam,2nd Year - Sem 2,22,8,17,37,57,4.0,119,Safe
Karim Uddin,4th Year - Sem 1,12,6,12,27,33,3.0,78,Safe
Shibay Yadav,3rd Year - Sem 1,15,7,10,24,33,2.75,74,Medium Risk
Karim Uddin,3rd Year - Sem 2,20,9,18,37,56,4.0,120,Safe
Tashin Tuhin,3rd Year - Sem 1,19,7,14,30,31,3.0,82,Safe
Nadia Islam,1st Year - Sem 2,18,6,13,28,33,3.0,80,Safe
Karim Uddin,2nd Year - Sem 2,20,9,16,38,50,4.0,113,Safe
Tashin Tuhin,1st Year - Sem 2,0,2,8,4,11,0.0,25,High Risk
Nadia Islam,2nd Year - Sem 2,13,8,14,25,33,3.0,80,Safe
Shibay Yadav,1st Year - Sem 1,24,8,18,36,54,4.0,116,Safe
Rakib Hasan,1st Year - Sem 1,0,2,3,14,16,0.0,35,High Risk
Shibay Yadav,2nd Year - Sem 2,20,9,16,30,55,4.0,110,Safe
Tashin Tuhin,4th Year - Sem 2,18,7,13,23,44,3.25,87,Safe
Karim Uddin,2nd Year - Sem 1,20,9,19,30,52,4.0,110,Safe
Nadia Islam,4th Year - Sem 1,18,7,12,20,38,2.75,77,Medium Risk
Rakib Hasan,3rd Year - Sem 1,0,5,9,14,27,2.0,55,High Risk
Shibay Yadav,3rd Year - Sem 2,9,3,4,19,7,0.0,33,High Risk
Rakib Hasan,1st Year - Sem 2,23,8,16,35,53,4.0,112,Safe
Shibay Yadav,3rd Year - Sem 1,7,3,3,0,16,0.0,22,High Risk
Ahad Ali,4th Year - Sem 2,12,1,5,8,20,0.0,34,High Risk
Shibay Yadav,1st Year - Sem 1,8,2,7,6,8,0.0,23,High Risk
Karim Uddin,2nd Year - Sem 1,20,10,17,30,46,3.75,103,Safe
Shibay Yadav,1st Year - Sem 2,12,6,12,28,32,3.0,78,Safe
Shibay Yadav,4th Year - Sem 1,12,6,13,24,40,3.0,83,Safe
Nadia Islam,4th Year - Sem 2,23,8,15,37,55,4.0,115,Safe
Karim Uddin,3rd Year - Sem 2,22,10,20,30,55,4.0,115,Safe
Nadia Islam,1st Year - Sem 2,15,6,14,26,35,3.0,81,Safe
Karim Uddin,1st Year - Sem 2,24,9,17,36,54,4.0,116,Safe
Ahad Ali,4th Year - Sem 2,20,7,14,29,39,3.25,89,Safe
Shibay Yadav,3rd Year - Sem 1,20,10,18,38,56,4.0,122,Safe
Tashin Tuhin,1st Year - Sem 2,21,10,18,38,54,4.0,120,Safe
Tashin Tuhin,2nd Year - Sem 1,21,9,17,37,46,4.0,109,Safe
Shibay Yadav,4th Year - Sem 1,15,6,14,25,34,3.0,79,Safe
Shibay Yadav,4th Year - Sem 1,19,8,15,28,36,3.25,87,Safe
Rakib Hasan,4th Year - Sem 2,14,6,14,27,43,3.25,90,Safe
Ahad Ali,2nd Year - Sem 2,2,4,7,6,25,0.0,42,High Risk
Nadia Islam,4th Year - Sem 1,21,9,20,35,58,4.0,122,Safe
Shibay Yadav,1st Year - Sem 2,14,5,15,22,41,3.0,83,Safe
Karim Uddin,1st Year - Sem 2,21,10,18,34,45,4.0,107,Safe
Ahad Ali,1st Year - Sem 2,21,8,17,31,54,4.0,110,Safe
Shibay Yadav,1st Year - Sem 1,23,8,20,32,57,4.0,117,Safe
Shibay Yadav,4th Year - Sem 1,19,8,12,23,45,3.25,88,Safe
Rakib Hasan,2nd Year - Sem 2,23,8,18,35,50,4.0,111,Safe
Tashin Tuhin,1st Year - Sem 1,18,5,13,20,41,3.0,79,Safe
Shibay Yadav,4th Year - Sem 2,19,6,15,25,31,2.75,77,Medium Risk
Karim Uddin,2nd Year - Sem 2,16,6,14,24,32,2.75,76,Medium Risk
Karim Uddin,2nd Year - Sem 1,20,9,18,39,55,4.0,121,Safe
Rakib Hasan,4th Year - Sem 1,11,1,3,9,14,0.0,27,High Risk
Shibay Yadav,3rd Year - Sem 2,13,5,14,22,43,3.0,84,Safe
Ahad Ali,3rd Year - Sem 1,10,1,4,1,28,0.0,34,High Risk
Ahad Ali,2nd Year - Sem 1,9,2,4,15,30,0.0,51,High Risk
Nadia Islam,1st Year - Sem 2,20,8,17,32,56,4.0,113,Safe
Shibay Yadav,2nd Year - Sem 2,22,8,17,36,49,4.0,110,Safe
Ahad Ali,4th Year - Sem 1,20,5,10,20,36,2.5,71,Medium Risk
Shibay Yadav,4th Year - Sem 1,21,9,17,34,46,4.0,106,Safe
Shibay Yadav,4th Year - Sem 1,5,1,8,14,27,0.0,50,High Risk
Karim Uddin,1st Year - Sem 1,21,10,16,35,45,4.0,106,Safe
Ahad Ali,4th Year - Sem 2,1,1,7,5,25,0.0,38,High Risk
Tashin Tuhin,2nd Year - Sem 1,20,10,16,34,50,4.0,110,Safe
Ahad Ali,3rd Year - Sem 2,15,6,14,25,38,3.0,83,Safe
Karim Uddin,3rd Year - Sem 2,20,8,14,28,42,3.5,92,Safe
Tashin Tuhin,1st Year - Sem 2,18,6,13,23,40,3.0,82,Safe
Karim Uddin,4th Year - Sem 2,20,8,12,24,42,3.25,86,Safe
Tashin Tuhin,2nd Year - Sem 2,3,5,2,6,5,0.0,18,High Risk
Tashin Tuhin,4th Year - Sem 1,20,9,15,33,52,4.0,109,Safe
Ahad Ali,4th Year - Sem 1,24,10,17,33,48,4.0,108,Safe
Shibay Yadav,4th Year - Sem 1,0,1,10,15,19,0.0,45,High Risk
Tashin Tuhin,3rd Year - Sem 1,1,0,5,5,12,0.0,22,High Risk
Rakib Hasan,3rd Year - Sem 1,13,5,15,20,45,3.25,85,Safe
Nadia Islam,1st Year - Sem 1,22,9,19,34,59,4.0,121,Safe
Karim Uddin,3rd Year - Sem 2,18,8,10,29,38,3.25,85,Safe
Karim Uddin,4th Year - Sem 1,24,9,20,32,46,4.0,107,Safe
Nadia Islam,3rd Year - Sem 1,12,0,1,14,8,0.0,23,High Risk
Tashin Tuhin,1st Year - Sem 1,15,6,10,29,36,3.0,81,Safe
Nadia Islam,2nd Year - Sem 2,14,8,14,26,35,3.0,83,Safe
Rakib Hasan,4th Year - Sem 1,24,10,17,37,49,4.0,113,Safe
Tashin Tuhin,1st Year - Sem 2,17,7,13,21,43,3.0,84,Safe
Nadia Islam,2nd Year - Sem 1,20,10,18,30,55,4.0,113,Safe
Karim Uddin,2nd Year - Sem 2,24,9,18,37,56,4.0,120,Safe
Nadia Islam,4th Year - Sem 1,21,10,16,30,46,3.75,102,Safe
Ahad Ali,2nd Year - Sem 2,23,10,16,34,53,4.0,113,Safe
Shibay Yadav,4th Year - Sem 1,23,9,18,40,54,4.0,121,Safe
Shibay Yadav,2nd Year - Sem 1,12,3,1,4,22,0.0,30,High Risk
Nadia Islam,1st Year - Sem 2,0,0,2,18,15,0.0,35,High Risk
Ahad Ali,1st Year - Sem 1,0,3,5,9,16,0.0,33,High Risk
Tashin Tuhin,4th Year - Sem 1,24,8,18,36,49,4.0,111,Safe
Tashin Tuhin,1st Year - Sem 1,12,8,11,30,37,3.25,86,Safe
Tashin Tuhin,1st Year - Sem 2,13,6,15,24,41,3.25,86,Safe
Tashin Tuhin,4th Year - Sem 2,12,6,12,30,43,3.5,91,Safe
Karim Uddin,3rd Year - Sem 1,21,9,19,31,54,4.0,113,Safe
Tashin Tuhin,2nd Year - Sem 2,22,9,16,39,53,4.0,117,Safe
Ahad Ali,2nd Year - Sem 2,17,6,14,27,37,3.0,84,Safe
Shibay Yadav,2nd Year - Sem 1,23,10,20,37,55,4.0,122,Safe
Nadia Islam,4th Year - Sem 2,9,5,9,15,18,0.0,47,High Risk
Shibay Yadav,1st Year - Sem 2,15,5,12,28,36,3.0,81,Safe
Nadia Islam,4th Year - Sem 2,2,2,9,6,3,0.0,20,High Risk
Ahad Ali,4th Year - Sem 2,14,5,14,22,42,3.0,83,Safe
Nadia Islam,4th Year - Sem 1,8,5,9,10,9,0.0,33,High Risk
Ahad Ali,1st Year - Sem 1,7,2,5,2,2,0.0,11,High Risk
Tashin Tuhin,2nd Year - Sem 2,21,10,19,38,58,4.0,125,Safe
Nadia Islam,2nd Year - Sem 1,12,0,10,13,26,0.0,49,High Risk
Tashin Tuhin,3rd Year - Sem 1,23,9,18,36,59,4.0,122,Safe
Shibay Yadav,4th Year - Sem 1,22,8,15,32,60,4.0,115,Safe
Tashin Tuhin,3rd Year - Sem 2,12,0,2,2,6,0.0,10,High Risk
Nadia Islam,3rd Year - Sem 1,14,8,13,28,31,3.0,80,Safe
Rakib Hasan,1st Year - Sem 2,21,10,20,30,54,4.0,114,Safe
Rakib Hasan,2nd Year - Sem 2,20,8,17,39,49,4.0,113,Safe
Tashin Tuhin,2nd Year - Sem 1,18,5,14,30,45,3.5,94,Safe
Rakib Hasan,1st Year - Sem 2,20,10,18,32,46,4.0,106,Safe
Tashin Tuhin,4th Year - Sem 1,21,8,19,40,53,4.0,120,Safe
Shibay Yadav,4th Year - Sem 2,23,9,17,40,47,4.0,113,Safe
Karim Uddin,1st Year - Sem 1,16,7,15,21,44,3.25,87,Safe
Nadia Islam,1st Year - Sem 1,24,8,15,38,46,4.0,107,Safe
Shibay Yadav,2nd Year - Sem 2,21,9,16,35,55,4.0,115,Safe
Shibay Yadav,1st Year - Sem 1,15,8,15,30,30,3.0,83,Safe
Karim Uddin,3rd Year - Sem 1,11,5,10,13,10,0.0,38,High Risk
Tashin Tuhin,4th Year - Sem 2,22,9,19,39,46,4.0,113,Safe
Rakib Hasan,4th Year - Sem 1,23,10,17,34,48,4.0,109,Safe
Rakib Hasan,4th Year - Sem 2,8,1,0,6,3,0.0,10,High Risk
Rakib Hasan,1st Year - Sem 1,8,0,6,12,24,0.0,42,High Risk
Karim Uddin,3rd Year - Sem 2,15,5,11,28,44,3.25,88,Safe
Tashin Tuhin,2nd Year - Sem 1,24,8,20,37,46,4.0,111,Safe
Karim Uddin,3rd Year - Sem 1,8,2,2,9,4,0.0,17,High Risk
Shibay Yadav,1st Year - Sem 1,21,9,17,35,47,4.0,108,Safe
Ahad Ali,3rd Year - Sem 2,19,7,11,23,41,3.0,82,Safe
Karim Uddin,1st Year - Sem 1,23,10,19,36,58,4.0,123,Safe
Rakib Hasan,3rd Year - Sem 1,11,2,0,13,21,0.0,36,High Risk
Rakib Hasan,1st Year - Sem 1,17,5,15,20,41,3.0,81,Safe
Ahad Ali,3rd Year - Sem 2,16,8,12,24,32,2.75,76,Medium Risk
Ahad Ali,4th Year - Sem 2,23,8,16,33,49,4.0,106,Safe
Nadia Islam,4th Year - Sem 1,14,8,10,21,33,2.75,72,Medium Risk
Karim Uddin,3rd Year - Sem 1,23,8,15,38,48,4.0,109,Safe
Ahad Ali,1st Year - Sem 1,21,10,20,36,59,4.0,125,Safe
Shibay Yadav,2nd Year - Sem 1,24,10,18,32,52,4.0,112,Safe
Ahad Ali,1st Year - Sem 1,13,6,14,28,40,3.25,88,Safe
Nadia Islam,2nd Year - Sem 1,10,5,6,13,4,0.0,28,High Risk
Ahad Ali,3rd Year - Sem 2,21,10,17,36,51,4.0,114,Safe
Shibay Yadav,2nd Year - Sem 1,12,7,10,29,32,3.0,78,Safe
Ahad Ali,4th Year - Sem 1,4,4,9,4,25,0.0,42,High Risk
Karim Uddin,3rd Year - Sem 2,24,9,18,34,48,4.0,109,Safe
Shibay Yadav,1st Year - Sem 1,18,7,14,29,37,3.25,87,Safe
Tashin Tuhin,3rd Year - Sem 1,0,2,1,17,15,0.0,35,High Risk
Rakib Hasan,3rd Year - Sem 1,7,3,2,14,9,0.0,28,High Risk
Tashin Tuhin,1st Year - Sem 1,11,1,6,5,29,0.0,41,High Risk
Tashin Tuhin,1st Year - Sem 2,21,9,20,36,45,4.0,110,Safe
Karim Uddin,1st Year - Sem 2,22,10,16,31,57,4.0,114,Safe
Nadia Islam,4th Year - Sem 1,0,2,3,16,3,0.0,24,High Risk
Tashin Tuhin,3rd Year - Sem 1,21,8,16,38,46,4.0,108,Safe
Nadia Islam,3rd Year - Sem 1,17,7,15,30,35,3.25,87,Safe
Nadia Islam,1st Year - Sem 2,1,4,9,3,5,0.0,21,High Risk
Rakib Hasan,3rd Year - Sem 1,17,8,14,23,35,3.0,80,Safe
Karim Uddin,3rd Year - Sem 2,23,10,18,38,50,4.0,116,Safe
Karim Uddin,3rd Year - Sem 2,18,6,11,24,31,2.75,72,Medium Risk
Karim Uddin,1st Year - Sem 1,12,5,14,26,32,2.75,77,Medium Risk
Shibay Yadav,4th Year - Sem 1,23,10,16,39,55,4.0,120,Safe
Nadia Islam,2nd Year - Sem 2,11,0,7,5,30,0.0,42,High Risk
Tashin Tuhin,4th Year - Sem 2,17,7,14,29,41,3.5,91,Safe
Nadia Islam,1st Year - Sem 1,20,8,16,32,53,4.0,109,Safe
Karim Uddin,2nd Year - Sem 1,24,9,17,35,53,4.0,114,Safe
Nadia Islam,4th Year - Sem 1,20,9,20,40,45,4.0,114,Safe
Rakib Hasan,2nd Year - Sem 2,1,3,8,1,13,0.0,25,High Risk
Nadia Islam,2nd Year - Sem 2,1,4,7,4,26,0.0,41,High Risk
Ahad Ali,2nd Year - Sem 2,23,8,18,38,60,4.0,124,Safe
Rakib Hasan,1st Year - Sem 1,22,9,20,34,45,4.0,108,Safe
Karim Uddin,1st Year - Sem 1,15,6,14,29,40,3.25,89,Safe
Nadia Islam,2nd Year - Sem 2,12,6,13,21,44,3.0,84,Safe
Nadia Islam,3rd Year - Sem 1,24,9,17,30,57,4.0,113,Safe
Ahad Ali,2nd Year - Sem 1,12,5,12,25,38,3.0,80,Safe
Karim Uddin,2nd Year - Sem 2,20,8,15,32,60,4.0,115,Safe
Shibay Yadav,2nd Year - Sem 1,1,1,3,10,13,0.0,27,High Risk
Nadia Islam,4th Year - Sem 1,12,7,14,25,30,2.75,76,Medium Risk
Tashin Tuhin,3rd Year - Sem 2,18,6,13,23,43,3.25,85,Safe
Rakib Hasan,1st Year - Sem 1,23,8,19,32,49,4.0,108,Safe
Rakib Hasan,3rd Year - Sem 2,21,10,18,37,55,4.0,120,Safe
Shibay Yadav,3rd Year - Sem 2,3,0,7,17,19,0.0,43,High Risk
Shibay Yadav,2nd Year - Sem 1,13,5,11,21,44,3.0,81,Safe
Shibay Yadav,4th Year - Sem 1,17,5,15,30,42,3.5,92,Safe
Shibay Yadav,1st Year - Sem 1,20,6,10,23,34,2.75,73,Medium Risk
Ahad Ali,3rd Year - Sem 2,2,5,2,13,23,0.0,43,High Risk
Nadia Islam,1st Year - Sem 1,17,8,13,30,34,3.25,85,Safe
Shibay Yadav,2nd Year - Sem 1,10,2,7,19,21,0.0,49,High Risk
Rakib Hasan,1st Year - Sem 1,15,8,15,22,43,3.25,88,Safe
Karim Uddin,4th Year - Sem 1,16,6,11,27,31,2.75,75,Medium Risk
Ahad Ali,1st Year - Sem 1,13,8,12,26,40,3.25,86,Safe
Rakib Hasan,3rd Year - Sem 1,13,7,14,26,33,3.0,80,Safe
Tashin Tuhin,3rd Year - Sem 1,22,10,17,32,48,4.0,107,Safe
Tashin Tuhin,3rd Year - Sem 1,24,9,18,40,46,4.0,113,Safe
Tashin Tuhin,1st Year - Sem 1,17,5,15,23,30,2.75,73,Medium Risk
Karim Uddin,3rd Year - Sem 1,23,8,20,32,57,4.0,117,Safe
Shibay Yadav,4th Year - Sem 2,17,8,11,28,35,3.0,82,Safe
Tashin Tuhin,1st Year - Sem 1,16,6,12,25,36,3.0,79,Safe
Ahad Ali,1st Year - Sem 2,20,8,17,31,49,4.0,105,Safe
Karim Uddin,1st Year - Sem 1,0,3,1,0,20,0.0,24,High Risk
Karim Uddin,1st Year - Sem 2,20,8,16,32,49,4.0,105,Safe
Tashin Tuhin,3rd Year - Sem 1,18,7,13,20,44,3.0,84,Safe
Ahad Ali,3rd Year - Sem 2,19,5,13,27,30,2.75,75,Medium Risk
Tashin Tuhin,3rd Year - Sem 2,15,8,14,27,38,3.25,87,Safe
Shibay Yadav,1st Year - Sem 1,12,2,4,10,9,0.0,25,High Risk
Tashin Tuhin,3rd Year - Sem 2,3,3,9,10,15,0.0,37,High Risk
Ahad Ali,3rd Year - Sem 1,17,7,15,21,30,2.75,73,Medium Risk
Rakib Hasan,2nd Year - Sem 1,23,8,19,39,60,4.0,126,Safe
Karim Uddin,1st Year - Sem 2,20,9,17,34,47,4.0,107,Safe
Nadia Islam,1st Year - Sem 2,20,8,18,30,50,4.0,106,Safe
Rakib Hasan,4th Year - Sem 2,0,2,10,20,3,0.0,35,High Risk
Rakib Hasan,3rd Year - Sem 2,17,6,14,28,34,3.0,82,Safe
Karim Uddin,3rd Year - Sem 1,10,5,2,12,28,0.0,47,High Risk
Shibay Yadav,2nd Year - Sem 2,23,10,19,39,51,4.0,119,Safe
Ahad Ali,1st Year - Sem 1,10,5,5,6,25,0.0,41,High Risk
Ahad Ali,3rd Year - Sem 1,6,0,10,7,23,0.0,40,High Risk
Karim Uddin,3rd Year - Sem 1,22,8,20,40,46,4.0,114,Safe
Nadia Islam,2nd Year - Sem 2,13,6,14,24,40,3.0,84,Safe
Shibay Yadav,1st Year - Sem 2,18,7,10,30,31,3.0,78,Safe
Tashin Tuhin,2nd Year - Sem 2,21,10,15,38,51,4.0,114,Safe
Shibay Yadav,3rd Year - Sem 2,12,5,11,30,39,3.25,85,Safe
Ahad Ali,1st Year - Sem 1,14,7,12,29,37,3.25,85,Safe
Rakib Hasan,4th Year - Sem 1,0,5,9,0,28,0.0,42,High Risk
Shibay Yadav,2nd Year - Sem 1,11,3,0,9,30,0.0,42,High Risk
Nadia Islam,3rd Year - Sem 1,20,8,20,36,55,4.0,119,Safe
Tashin Tuhin,4th Year - Sem 2,24,8,19,33,54,4.0,114,Safe
Rakib Hasan,2nd Year - Sem 1,13,6,14,30,41,3.5,91,Safe
Karim Uddin,4th Year - Sem 1,20,7,12,22,40,3.0,81,Safe
Rakib Hasan,2nd Year - Sem 2,2,1,7,0,27,0.0,35,High Risk
Nadia Islam,1st Year - Sem 1,21,8,16,34,54,4.0,112,Safe
Karim Uddin,4th Year - Sem 2,18,7,15,23,41,3.25,86,Safe
Tashin Tuhin,2nd Year - Sem 1,20,8,16,37,60,4.0,121,Safe
Rakib Hasan,2nd Year - Sem 2,13,8,10,25,32,2.75,75,Medium Risk
Karim Uddin,2nd Year - Sem 1,17,6,14,24,36,3.0,80,Safe
Nadia Islam,1st Year - Sem 1,1,5,7,15,6,0.0,33,High Risk
Karim Uddin,1st Year - Sem 1,17,7,14,28,32,3.0,81,Safe
Nadia Islam,1st Year - Sem 1,24,10,15,36,59,4.0,120,Safe
Tashin Tuhin,4th Year - Sem 1,22,9,20,40,56,4.0,125,Safe
Shibay Yadav,4th Year - Sem 2,24,9,20,38,55,4.0,122,Safe
Rakib Hasan,4th Year - Sem 2,22,9,17,32,45,3.75,103,Safe
Nadia Islam,3rd Year - Sem 1,23,8,18,38,59,4.0,123,Safe
Ahad Ali,4th Year - Sem 1,24,9,16,34,58,4.0,117,Safe
Karim Uddin,3rd Year - Sem 1,15,8,14,24,44,3.25,90,Safe
Ahad Ali,1st Year - Sem 1,23,8,18,37,59,4.0,122,Safe
Tashin Tuhin,3rd Year - Sem 1,23,9,19,38,53,4.0,119,Safe
Shibay Yadav,3rd Year - Sem 2,11,0,8,17,11,0.0,36,High Risk
Tashin Tuhin,2nd Year - Sem 1,23,9,16,40,46,4.0,111,Safe
Shibay Yadav,1st Year - Sem 2,19,5,15,20,44,3.0,84,Safe
Karim Uddin,2nd Year - Sem 1,19,5,14,27,43,3.25,89,Safe
Nadia Islam,2nd Year - Sem 1,9,2,9,16,19,0.0,46,High Risk
Nadia Islam,4th Year - Sem 2,13,6,14,26,33,3.0,79,Safe
Shibay Yadav,2nd Year - Sem 1,18,6,10,30,38,3.0,84,Safe
Rakib Hasan,1st Year - Sem 2,21,10,20,32,57,4.0,119,Safe
Ahad Ali,3rd Year - Sem 1,21,10,20,37,52,4.0,119,Safe
Karim Uddin,1st Year - Sem 2,20,8,13,25,39,3.25,85,Safe
Karim Uddin,3rd Year - Sem 1,20,10,16,38,59,4.0,123,Safe
Karim Uddin,2nd Year - Sem 1,23,8,20,34,52,4.0,114,Safe
Nadia Islam,3rd Year - Sem 2,12,7,13,27,34,3.0,81,Safe
Shibay Yadav,2nd Year - Sem 1,15,5,12,26,34,2.75,77,Medium Risk
Shibay Yadav,1st Year - Sem 1,15,5,15,20,34,2.75,74,Medium Risk
Tashin Tuhin,2nd Year - Sem 1,16,6,10,30,42,3.25,88,Safe
Tashin Tuhin,2nd Year - Sem 1,20,8,17,32,46,3.75,103,Safe
Ahad Ali,4th Year - Sem 2,14,7,11,23,42,3.0,83,Safe
Shibay Yadav,1st Year - Sem 2,1,1,10,4,23,0.0,38,High Risk
Rakib Hasan,2nd Year - Sem 2,15,6,12,27,41,3.25,86,Safe
Ahad Ali,1st Year - Sem 2,10,1,10,16,9,0.0,36,High Risk
Tashin Tuhin,3rd Year - Sem 1,2,5,6,16,12,0.0,39,High Risk
Shibay Yadav,4th Year - Sem 1,24,8,15,31,52,4.0,106,Safe
Tashin Tuhin,3rd Year - Sem 1,2,0,0,0,26,0.0,26,High Risk
Rakib Hasan,1st Year - Sem 2,1,4,6,8,9,0.0,27,High Risk
Ahad Ali,3rd Year - Sem 2,11,4,1,16,12,0.0,33,High Risk
Ahad Ali,4th Year - Sem 1,12,4,9,8,5,0.0,26,High Risk
Karim Uddin,4th Year - Sem 1,15,8,15,29,38,3.25,90,Safe
Shibay Yadav,4th Year - Sem 1,17,7,10,28,40,3.25,85,Safe
Tashin Tuhin,4th Year - Sem 2,20,10,17,39,59,4.0,125,Safe
Nadia Islam,1st Year - Sem 2,22,9,17,32,49,4.0,107,Safe
Karim Uddin,3rd Year - Sem 2,21,9,20,32,56,4.0,117,Safe
Rakib Hasan,1st Year - Sem 2,6,5,6,14,21,0.0,46,High Risk
Ahad Ali,4th Year - Sem 1,19,7,13,22,38,3.0,80,Safe
Rakib Hasan,1st Year - Sem 2,17,5,15,25,39,3.0,84,Safe
Karim Uddin,3rd Year - Sem 2,14,7,15,21,36,3.0,79,Safe
Karim Uddin,2nd Year - Sem 1,22,9,15,32,46,3.75,102,Safe
Shibay Yadav,4th Year - Sem 2,23,10,15,31,45,3.75,101,Safe
Tashin Tuhin,3rd Year - Sem 2,10,5,3,20,14,0.0,42,High Risk
Shibay Yadav,1st Year - Sem 2,8,0,4,10,24,0.0,38,High Risk
Shibay Yadav,2nd Year - Sem 2,14,6,14,20,32,2.75,72,Medium Risk
Shibay Yadav,4th Year - Sem 1,19,5,13,25,30,2.75,73,Medium Risk
Nadia Islam,1st Year - Sem 1,20,9,17,37,55,4.0,118,Safe
Karim Uddin,4th Year - Sem 2,22,8,18,35,59,4.0,120,Safe
Shibay Yadav,4th Year - Sem 1,5,5,9,4,1,0.0,19,High Risk
Shibay Yadav,2nd Year - Sem 1,5,2,0,16,20,0.0,38,High Risk
Nadia Islam,1st Year - Sem 2,21,8,18,40,52,4.0,118,Safe
Ahad Ali,1st Year - Sem 2,13,8,11,20,36,2.75,75,Medium Risk
Shibay Yadav,3rd Year - Sem 1,17,5,14,28,30,2.75,77,Medium Risk
Ahad Ali,1st Year - Sem 2,23,10,16,39,53,4.0,118,Safe
Karim Uddin,3rd Year - Sem 2,23,10,20,33,50,4.0,113,Safe
Karim Uddin,1st Year - Sem 2,16,6,12,27,45,3.25,90,Safe
Rakib Hasan,2nd Year - Sem 1,21,9,17,34,57,4.0,117,Safe
Shibay Yadav,1st Year - Sem 2,11,4,5,17,16,0.0,42,High Risk
Nadia Islam,4th Year - Sem 2,15,5,15,29,31,3.0,80,Safe
Shibay Yadav,3rd Year - Sem 1,7,2,9,18,8,0.0,37,High Risk
Rakib Hasan,4th Year - Sem 1,14,8,11,26,39,3.0,84,Safe
Ahad Ali,1st Year - Sem 2,14,8,11,26,36,3.0,81,Safe
Ahad Ali,2nd Year - Sem 1,20,8,16,34,45,3.75,103,Safe
Karim Uddin,2nd Year - Sem 1,21,10,17,32,54,4.0,113,Safe
Karim Uddin,1st Year - Sem 1,16,5,13,22,43,3.0,83,Safe
Nadia Islam,4th Year - Sem 1,21,8,20,35,60,4.0,123,Safe
Rakib Hasan,1st Year - Sem 2,14,7,11,28,38,3.0,84,Safe
Karim Uddin,2nd Year - Sem 2,8,5,4,9,28,0.0,46,High Risk
Shibay Yadav,1st Year - Sem 2,23,9,18,30,58,4.0,115,Safe
Rakib Hasan,4th Year - Sem 2,23,8,17,35,51,4.0,111,Safe
Tashin Tuhin,4th Year - Sem 1,20,10,18,34,48,4.0,110,Safe
Tashin Tuhin,3rd Year - Sem 1,13,5,15,28,44,3.5,92,Safe
Tashin Tuhin,4th Year - Sem 2,17,7,11,25,37,3.0,80,Safe
Tashin Tuhin,2nd Year - Sem 1,17,5,11,21,45,3.0,82,Safe
Ahad Ali,1st Year - Sem 1,15,5,11,27,34,2.75,77,Medium Risk
Nadia Islam,1st Year - Sem 2,21,8,19,39,56,4.0,122,Safe
Tashin Tuhin,2nd Year - Sem 1,22,9,16,31,55,4.0,111,Safe
Tashin Tuhin,1st Year - Sem 2,20,6,13,24,36,3.0,79,Safe
Ahad Ali,2nd Year - Sem 2,6,2,4,8,10,0.0,24,High Risk
Karim Uddin,2nd Year - Sem 2,6,4,2,19,11,0.0,36,High Risk
Shibay Yadav,3rd Year - Sem 2,21,10,19,31,51,4.0,111,Safe
Tashin Tuhin,4th Year - Sem 2,18,5,10,25,45,3.25,85,Safe
Tashin Tuhin,3rd Year - Sem 1,16,5,10,22,45,3.0,82,Safe
Shibay Yadav,2nd Year - Sem 1,6,0,10,2,1,0.0,13,High Risk
Karim Uddin,3rd Year - Sem 2,20,9,15,33,55,4.0,112,Safe
Ahad Ali,2nd Year - Sem 2,20,9,15,40,52,4.0,116,Safe
Karim Uddin,3rd Year - Sem 2,19,5,13,29,44,3.5,91,Safe
Tashin Tuhin,4th Year - Sem 2,21,10,17,35,52,4.0,114,Safe
Ahad Ali,4th Year - Sem 1,9,0,3,18,2,0.0,23,High Risk
Karim Uddin,2nd Year - Sem 1,24,8,19,31,52,4.0,110,Safe
Tashin Tuhin,1st Year - Sem 2,18,5,11,23,37,2.75,76,Medium Risk
Ahad Ali,3rd Year - Sem 1,20,10,18,35,55,4.0,118,Safe
Karim Uddin,2nd Year - Sem 2,16,7,13,20,40,3.0,80,Safe
Rakib Hasan,4th Year - Sem 2,20,5,14,21,36,2.75,76,Medium Risk
Rakib Hasan,3rd Year - Sem 1,20,7,11,25,43,3.25,86,Safe
Ahad Ali,1st Year - Sem 2,12,8,14,23,34,3.0,79,Safe
Tashin Tuhin,3rd Year - Sem 2,5,4,1,17,16,0.0,38,High Risk
Nadia Islam,1st Year - Sem 2,6,1,10,15,20,0.0,46,High Risk
Rakib Hasan,4th Year - Sem 2,3,1,5,20,17,0.0,43,High Risk
Karim Uddin,1st Year - Sem 1,12,5,12,25,36,3.0,78,Safe
Nadia Islam,3rd Year - Sem 2,2,1,7,1,14,0.0,23,High Risk
Shibay Yadav,3rd Year - Sem 2,16,8,10,22,37,2.75,77,Medium Risk
Tashin Tuhin,4th Year - Sem 1,24,10,17,37,46,4.0,110,Safe
Nadia Islam,3rd Year - Sem 2,22,8,15,31,60,4.0,114,Safe
Tashin Tuhin,3rd Year - Sem 2,14,7,12,22,32,2.75,73,Medium Risk
Tashin Tuhin,2nd Year - Sem 2,24,9,19,39,59,4.0,126,Safe
Rakib Hasan,2nd Year - Sem 1,12,7,11,27,33,3.0,78,Safe
Shibay Yadav,3rd Year - Sem 2,3,2,5,20,17,0.0,44,High Risk
Tashin Tuhin,3rd Year - Sem 2,15,7,11,25,42,3.25,85,Safe
Nadia Islam,1st Year - Sem 2,22,9,19,31,54,4.0,113,Safe
Ahad Ali,1st Year - Sem 1,20,5,13,30,34,3.0,82,Safe
Rakib Hasan,3rd Year - Sem 2,15,6,14,28,36,3.0,84,Safe
Shibay Yadav,4th Year - Sem 1,18,5,14,20,39,3.0,78,Safe
Tashin Tuhin,2nd Year - Sem 2,15,6,12,27,34,3.0,79,Safe
Nadia Islam,2nd Year - Sem 2,22,8,18,39,58,4.0,123,Safe
Shibay Yadav,1st Year - Sem 2,19,8,11,27,38,3.0,84,Safe
Shibay Yadav,2nd Year - Sem 1,20,10,15,30,60,4.0,115,Safe
Ahad Ali,2nd Year - Sem 1,2,5,9,3,14,0.0,31,High Risk
Ahad Ali,1st Year - Sem 1,11,3,3,11,30,0.0,47,High Risk
Shibay Yadav,2nd Year - Sem 1,24,9,18,39,49,4.0,115,Safe
Nadia Islam,4th Year - Sem 1,12,5,6,10,2,0.0,23,High Risk
Nadia Islam,2nd Year - Sem 2,6,0,8,16,8,0.0,32,High Risk
Ahad Ali,1st Year - Sem 2,20,10,18,31,50,4.0,109,Safe
Karim Uddin,4th Year - Sem 1,19,7,14,21,30,2.75,72,Medium Risk
Tashin Tuhin,4th Year - Sem 1,20,9,17,36,46,4.0,108,Safe
Tashin Tuhin,4th Year - Sem 2,20,10,17,32,57,4.0,116,Safe
Tashin Tuhin,3rd Year - Sem 2,21,8,15,39,50,4.0,112,Safe
Nadia Islam,1st Year - Sem 1,9,0,8,14,18,0.0,40,High Risk
Karim Uddin,4th Year - Sem 1,20,8,20,37,49,4.0,114,Safe
Ahad Ali,4th Year - Sem 1,18,5,10,29,35,3.0,79,Safe
Tashin Tuhin,4th Year - Sem 1,16,7,14,26,34,3.0,81,Safe
Karim Uddin,4th Year - Sem 2,12,6,15,21,37,3.0,79,Safe
Karim Uddin,1st Year - Sem 2,15,5,11,26,43,3.25,85,Safe
Karim Uddin,1st Year - Sem 1,20,10,19,34,51,4.0,114,Safe
Rakib Hasan,3rd Year - Sem 2,20,10,15,32,52,4.0,109,Safe
Karim Uddin,1st Year - Sem 2,17,7,14,23,44,3.25,88,Safe
Shibay Yadav,3rd Year - Sem 2,24,9,17,35,52,4.0,113,Safe
Rakib Hasan,3rd Year - Sem 2,24,9,16,37,49,4.0,111,Safe
Tashin Tuhin,4th Year - Sem 1,18,8,15,27,40,3.25,90,Safe
Nadia Islam,2nd Year - Sem 1,5,0,1,14,22,0.0,37,High Risk
Tashin Tuhin,3rd Year - Sem 2,2,0,1,7,15,0.0,23,High Risk
Tashin Tuhin,3rd Year - Sem 1,6,3,0,2,22,0.0,27,High Risk
Karim Uddin,3rd Year - Sem 2,24,9,17,32,59,4.0,117,Safe
Ahad Ali,1st Year - Sem 1,11,3,1,19,21,0.0,44,High Risk
Shibay Yadav,4th Year - Sem 1,3,1,2,1,17,0.0,21,High Risk
Karim Uddin,2nd Year - Sem 2,23,9,17,31,60,4.0,117,Safe
Ahad Ali,1st Year - Sem 2,20,8,15,30,49,3.75,102,Safe
Nadia Islam,3rd Year - Sem 2,18,7,12,22,37,3.0,78,Safe
Shibay Yadav,1st Year - Sem 1,21,8,16,35,56,4.0,115,Safe
Ahad Ali,1st Year - Sem 2,12,8,12,29,42,3.5,91,Safe
Shibay Yadav,1st Year - Sem 1,18,5,13,20,31,2.5,69,Medium Risk
Nadia Islam,4th Year - Sem 1,10,1,4,13,18,0.0,36,High Risk
Nadia Islam,4th Year - Sem 2,14,7,14,28,33,3.0,82,Safe
Shibay Yadav,1st Year - Sem 2,24,8,20,31,49,4.0,108,Safe
Rakib Hasan,2nd Year - Sem 1,20,10,17,35,54,4.0,116,Safe
Nadia Islam,2nd Year - Sem 1,19,6,13,24,43,3.25,86,Safe
Nadia Islam,3rd Year - Sem 1,20,5,13,20,44,3.0,82,Safe
Ahad Ali,4th Year - Sem 1,20,5,12,23,44,3.0,84,Safe
Ahad Ali,3rd Year - Sem 1,15,8,13,28,37,3.25,86,Safe
Karim Uddin,3rd Year - Sem 2,18,8,10,22,35,2.75,75,Medium Risk
Nadia Islam,4th Year - Sem 2,18,7,12,22,45,3.25,86,Safe
Ahad Ali,4th Year - Sem 1,21,9,19,31,46,4.0,105,Safe
Ahad Ali,3rd Year - Sem 1,23,8,15,37,56,4.0,116,Safe
Ahad Ali,1st Year - Sem 1,15,6,11,26,30,2.75,73,Medium Risk
Karim Uddin,3rd Year - Sem 1,12,7,14,30,31,3.0,82,Safe
Karim Uddin,4th Year - Sem 1,16,6,11,24,33,2.75,74,Medium Risk
Shibay Yadav,1st Year - Sem 1,8,0,5,1,27,0.0,33,High Risk
Shibay Yadav,1st Year - Sem 1,19,6,10,29,38,3.0,83,Safe
Tashin Tuhin,3rd Year - Sem 1,19,8,11,30,41,3.25,90,Safe
Rakib Hasan,3rd Year - Sem 1,19,6,13,21,33,2.75,73,Medium Risk
Nadia Islam,2nd Year - Sem 2,24,10,16,37,53,4.0,116,Safe
Karim Uddin,2nd Year - Sem 2,14,7,10,22,38,2.75,77,Medium Risk
Ahad Ali,3rd Year - Sem 1,22,9,18,39,60,4.0,126,Safe
Shibay Yadav,2nd Year - Sem 2,23,8,19,30,52,4.0,109,Safe
Karim Uddin,2nd Year - Sem 1,18,5,14,22,41,3.0,82,Safe
Tashin Tuhin,3rd Year - Sem 2,20,9,15,31,57,4.0,112,Safe
Shibay Yadav,2nd Year - Sem 2,12,1,3,17,10,0.0,31,High Risk
Karim Uddin,2nd Year - Sem 2,0,2,8,0,21,0.0,31,High Risk
Nadia Islam,3rd Year - Sem 2,20,8,10,27,41,3.25,86,Safe
Ahad Ali,4th Year - Sem 2,24,10,18,32,55,4.0,115,Safe
Karim Uddin,3rd Year - Sem 2,5,4,0,7,3,0.0,14,High Risk
Rakib Hasan,3rd Year - Sem 2,20,9,19,31,53,4.0,112,Safe
Ahad Ali,2nd Year - Sem 1,13,7,14,25,44,3.25,90,Safe
Karim Uddin,1st Year - Sem 2,22,9,17,34,54,4.0,114,Safe
Ahad Ali,4th Year - Sem 2,22,9,17,30,53,4.0,109,Safe
Nadia Islam,4th Year - Sem 1,10,3,6,14,13,0.0,36,High Risk
Karim Uddin,3rd Year - Sem 1,24,10,20,35,56,4.0,121,Safe
Shibay Yadav,1st Year - Sem 1,7,0,4,19,19,0.0,42,High Risk
Karim Uddin,4th Year - Sem 2,8,0,1,9,12,0.0,22,High Risk
Karim Uddin,3rd Year - Sem 1,20,7,14,22,31,2.75,74,Medium Risk
Shibay Yadav,1st Year - Sem 2,7,5,1,1,10,0.0,17,High Risk
Rakib Hasan,4th Year - Sem 2,18,6,11,22,39,3.0,78,Safe
Karim Uddin,3rd Year - Sem 1,20,10,15,30,46,3.75,101,Safe
Karim Uddin,4th Year - Sem 1,24,8,16,33,52,4.0,109,Safe
Tashin Tuhin,1st Year - Sem 1,12,8,14,28,34,3.0,84,Safe
Nadia Islam,2nd Year - Sem 2,24,10,15,39,59,4.0,123,Safe
Ahad Ali,4th Year - Sem 2,13,5,15,24,32,2.75,76,Medium Risk
Karim Uddin,1st Year - Sem 2,24,10,20,36,45,4.0,111,Safe
Karim Uddin,4th Year - Sem 2,13,6,10,29,35,3.0,80,Safe
Nadia Islam,1st Year - Sem 1,16,7,11,29,37,3.0,84,Safe
Shibay Yadav,3rd Year - Sem 2,16,6,10,25,45,3.25,86,Safe
Shibay Yadav,1st Year - Sem 1,15,7,13,22,38,3.0,80,Safe
Shibay Yadav,2nd Year - Sem 1,3,3,7,8,19,0.0,37,High Risk
Rakib Hasan,3rd Year - Sem 1,13,6,13,21,42,3.0,82,Safe
Rakib Hasan,1st Year - Sem 2,20,8,17,32,57,4.0,114,Safe
Karim Uddin,2nd Year - Sem 2,13,6,14,25,32,2.75,77,Medium Risk
Ahad Ali,2nd Year - Sem 2,20,8,18,37,56,4.0,119,Safe
Shibay Yadav,2nd Year - Sem 1,12,6,14,22,39,3.0,81,Safe
Tashin Tuhin,1st Year - Sem 1,19,8,11,30,34,3.0,83,Safe
Shibay Yadav,3rd Year - Sem 1,21,10,15,32,55,4.0,112,Safe
Tashin Tuhin,2nd Year - Sem 1,17,8,14,26,44,3.5,92,Safe
Ahad Ali,1st Year - Sem 2,14,7,12,23,33,2.75,75,Medium Risk
Shibay Yadav,1st Year - Sem 2,1,2,4,3,22,0.0,31,High Risk
Rakib Hasan,1st Year - Sem 2,17,8,13,24,30,2.75,75,Medium Risk
Tashin Tuhin,1st Year - Sem 2,16,7,13,20,33,2.75,73,Medium Risk
Nadia Islam,2nd Year - Sem 2,22,10,16,39,58,4.0,123,Safe
Karim Uddin,3rd Year - Sem 1,24,8,17,32,58,4.0,115,Safe
Ahad Ali,1st Year - Sem 2,17,5,13,27,40,3.25,85,Safe
Nadia Islam,2nd Year - Sem 2,23,8,20,30,51,4.0,109,Safe
Karim Uddin,3rd Year - Sem 2,17,7,14,20,32,2.75,73,Medium Risk
Nadia Islam,1st Year - Sem 2,16,6,11,28,39,3.0,84,Safe
Shibay Yadav,2nd Year - Sem 1,20,8,10,30,42,3.25,90,Safe
Rakib Hasan,2nd Year - Sem 2,12,3,5,1,10,0.0,19,High Risk
Shibay Yadav,4th Year - Sem 1,13,6,14,22,30,2.75,72,Medium Risk
Shibay Yadav,3rd Year - Sem 2,5,4,9,15,0,0.0,28,High Risk
Tashin Tuhin,3rd Year - Sem 2,16,6,11,27,43,3.25,87,Safe
Nadia Islam,4th Year - Sem 2,21,9,20,40,52,4.0,121,Safe
Shibay Yadav,2nd Year - Sem 1,22,10,15,36,47,4.0,108,Safe
Nadia Islam,1st Year - Sem 1,23,8,17,34,45,4.0,104,Safe
Shibay Yadav,4th Year - Sem 1,17,6,14,22,31,2.75,73,Medium Risk
Tashin Tuhin,3rd Year - Sem 1,20,8,18,38,60,4.0,124,Safe
Shibay Yadav,2nd Year - Sem 2,22,9,17,32,60,4.0,118,Safe
Rakib Hasan,4th Year - Sem 1,18,8,10,25,30,2.75,73,Medium Risk
Karim Uddin,4th Year - Sem 1,13,7,11,25,41,3.0,84,Safe
Tashin Tuhin,3rd Year - Sem 1,16,8,10,30,37,3.25,85,Safe
Rakib Hasan,3rd Year - Sem 1,24,8,19,33,47,4.0,107,Safe
Nadia Islam,4th Year - Sem 2,18,5,11,28,34,3.0,78,Safe
Shibay Yadav,2nd Year - Sem 2,18,8,10,25,31,2.75,74,Medium Risk
Karim Uddin,1st Year - Sem 1,14,5,14,30,32,3.0,81,Safe
Rakib Hasan,1st Year - Sem 2,18,7,11,29,40,3.25,87,Safe
Tashin Tuhin,1st Year - Sem 1,20,10,18,40,45,4.0,113,Safe
Karim Uddin,2nd Year - Sem 1,22,10,16,36,60,4.0,122,Safe
Shibay Yadav,3rd Year - Sem 1,18,7,11,25,38,3.0,81,Safe
Nadia Islam,3rd Year - Sem 2,24,10,18,32,56,4.0,116,Safe
Ahad Ali,1st Year - Sem 2,17,7,10,20,42,3.0,79,Safe
Ahad Ali,3rd Year - Sem 2,20,8,13,21,40,3.0,82,Safe
Tashin Tuhin,2nd Year - Sem 1,19,5,15,28,43,3.5,91,Safe
Tashin Tuhin,3rd Year - Sem 1,13,8,12,22,43,3.25,85,Safe
Ahad Ali,1st Year - Sem 2,19,5,14,23,39,3.0,81,Safe
Nadia Islam,2nd Year - Sem 2,8,1,4,20,13,0.0,38,High Risk
Shibay Yadav,2nd Year - Sem 2,20,6,13,25,35,3.0,79,Safe
Ahad Ali,3rd Year - Sem 2,20,5,15,22,30,2.75,72,Medium Risk
Shibay Yadav,3rd Year - Sem 1,21,9,17,32,46,4.0,104,Safe
Rakib Hasan,3rd Year - Sem 2,7,1,7,0,17,0.0,25,High Risk
Rakib Hasan,4th Year - Sem 1,22,9,19,38,50,4.0,116,Safe
Ahad Ali,2nd Year - Sem 2,21,9,18,31,48,4.0,106,Safe
Ahad Ali,4th Year - Sem 2,20,7,14,23,39,3.0,83,Safe
Ahad Ali,3rd Year - Sem 2,7,3,0,20,9,0.0,32,High Risk
Nadia Islam,1st Year - Sem 2,18,5,15,23,44,3.25,87,Safe
Rakib Hasan,4th Year - Sem 1,16,5,13,27,45,3.25,90,Safe
Tashin Tuhin,1st Year - Sem 2,3,5,3,10,18,0.0,36,High Risk
Rakib Hasan,3rd Year - Sem 1,21,10,20,32,50,4.0,112,Safe
Nadia Islam,2nd Year - Sem 2,20,8,12,25,32,2.75,77,Medium Risk
Rakib Hasan,3rd Year - Sem 1,16,6,13,23,31,2.75,73,Medium Risk
Ahad Ali,3rd Year - Sem 1,1,1,3,18,12,0.0,34,High Risk
Ahad Ali,2nd Year - Sem 2,1,3,0,13,24,0.0,40,High Risk
Rakib Hasan,4th Year - Sem 2,12,5,15,28,45,3.5,93,Safe
Ahad Ali,1st Year - Sem 2,17,8,12,25,45,3.25,90,Safe
Tashin Tuhin,1st Year - Sem 1,22,8,18,34,52,4.0,112,Safe
Tashin Tuhin,2nd Year - Sem 1,13,5,15,20,45,3.25,85,Safe
Ahad Ali,2nd Year - Sem 1,19,5,11,25,40,3.0,81,Safe
Rakib Hasan,3rd Year - Sem 1,18,8,13,25,33,3.0,79,Safe
Karim Uddin,1st Year - Sem 2,6,5,9,16,21,0.0,51,High Risk
Shibay Yadav,4th Year - Sem 2,12,3,10,7,28,0.0,48,High Risk
Shibay Yadav,1st Year - Sem 2,15,5,10,28,30,2.75,73,Medium Risk
Shibay Yadav,4th Year - Sem 2,20,7,14,30,39,3.25,90,Safe
Tashin Tuhin,1st Year - Sem 1,5,3,2,15,28,0.0,48,High Risk
Shibay Yadav,4th Year - Sem 1,13,6,15,22,38,3.0,81,Safe
Nadia Islam,2nd Year - Sem 1,20,8,16,33,47,4.0,104,Safe
Tashin Tuhin,2nd Year - Sem 2,14,6,15,25,33,3.0,79,Safe
Rakib Hasan,1st Year - Sem 1,9,3,0,16,1,0.0,20,High Risk
Nadia Islam,2nd Year - Sem 1,15,5,14,30,41,3.25,90,Safe
Nadia Islam,4th Year - Sem 2,11,5,5,8,26,0.0,44,High Risk
Karim Uddin,3rd Year - Sem 2,23,8,15,32,50,4.0,105,Safe
Shibay Yadav,3rd Year - Sem 1,1,0,4,5,17,0.0,26,High Risk
Tashin Tuhin,1st Year - Sem 1,6,3,6,1,5,0.0,15,High Risk
Rakib Hasan,3rd Year - Sem 1,12,7,11,21,45,3.0,84,Safe
Tashin Tuhin,1st Year - Sem 2,22,8,18,36,49,4.0,111,Safe
Shibay Yadav,3rd Year - Sem 2,20,9,15,34,48,4.0,106,Safe
Nadia Islam,1st Year - Sem 1,9,4,3,10,7,0.0,24,High Risk
Tashin Tuhin,2nd Year - Sem 2,22,8,15,35,59,4.0,117,Safe
Shibay Yadav,1st Year - Sem 1,16,8,13,26,39,3.25,86,Safe
Ahad Ali,2nd Year - Sem 2,3,2,5,13,29,0.0,49,High Risk
Tashin Tuhin,1st Year - Sem 2,13,6,14,21,33,2.75,74,Medium Risk
Rakib Hasan,1st Year - Sem 1,24,9,19,32,52,4.0,112,Safe
Nadia Islam,3rd Year - Sem 1,22,8,17,39,47,4.0,111,Safe
Rakib Hasan,4th Year - Sem 1,20,8,20,30,58,4.0,116,Safe
