Student_ID,Attendance,Assignment,Quiz,Midterm,Final,Previous_GPA,Average_Score,Risk_Level
1,78,50,97,49,81,2.99,69.6,Low
2,91,57,66,40,92,2.35,70.2,Medium
3,68,83,88,20,98,3.47,69.1,Low
4,54,83,77,51,28,2.72,47.9,High
5,82,94,55,27,90,2.37,67.2,Medium
6,47,50,51,88,43,2.66,58.4,High
7,60,42,83,49,31,3.13,45.6,High
8,78,86,90,27,79,3.45,65.1,Low
9,97,78,61,38,97,2.96,73.8,Low
10,58,83,67,78,35,3.05,58.2,High
11,62,39,93,74,48,2.28,60.8,Medium
12,50,82,49,49,51,3.83,53.2,High
13,50,73,40,98,54,3.86,67.3,High
14,63,76,79,55,62,3.37,63.1,Medium
15,92,82,32,74,72,2.04,71.6,Medium
16,75,75,20,63,39,3.07,51.5,Medium
17,79,42,84,46,27,3.26,45.1,High
18,63,66,52,96,61,3.99,71.3,Low
19,42,53,57,97,96,3.99,82.7,High
20,61,31,44,73,89,3.72,71.1,Low
21,92,43,45,67,35,2.13,52.1,Medium
22,41,39,96,49,88,3.91,67.5,High
23,63,64,78,58,72,3.23,66.7,Low
24,83,54,52,32,64,3.6,54.1,Medium
25,69,32,60,35,70,2.81,54.6,Medium
26,77,46,49,63,25,2.64,46.1,High
27,41,41,76,90,52,2.93,63.6,High
28,99,83,68,46,98,2.29,78.0,Medium
29,60,53,67,64,34,2.71,50.8,Medium
30,72,58,91,54,33,3.72,51.5,Medium
31,51,72,68,98,58,2.08,71.7,High
32,97,54,66,47,82,2.3,68.6,Medium
33,61,89,75,26,24,2.25,39.9,High
34,83,94,84,81,71,2.81,78.8,Low
35,64,57,31,70,35,3.99,50.2,Medium
36,88,45,88,65,57,2.35,64.4,Medium
37,66,76,25,39,72,2.29,57.2,Medium
38,98,87,84,57,96,3.83,82.4,Low
39,81,56,44,80,72,3.76,70.9,Low
40,67,82,20,51,65,2.06,58.2,Medium
41,99,71,51,45,34,3.5,49.2,High
42,55,88,22,77,78,3.31,70.8,High
43,54,76,68,58,69,3.54,64.8,High
44,86,63,38,39,28,2.99,41.6,High
45,90,66,79,69,45,3.98,62.2,Medium
46,83,35,48,98,22,2.09,54.8,Medium
47,94,36,69,71,66,2.47,67.6,Medium
48,91,54,21,41,24,2.79,38.5,High
49,96,62,92,72,81,2.9,79.0,Low
50,42,84,75,85,24,3.84,55.2,High
51,76,87,36,62,29,3.12,50.1,Medium
52,90,36,79,42,99,2.09,72.7,Medium
53,46,86,55,96,82,2.82,80.3,High
54,60,41,80,83,44,2.83,60.6,Medium
55,48,45,36,28,63,3.93,46.5,High
56,78,72,68,26,44,3.2,47.2,High
57,57,36,95,60,49,3.27,56.4,High
58,43,80,79,73,33,3.43,55.3,High
59,64,61,39,84,62,3.54,66.4,Low
60,99,37,69,21,47,3.27,45.6,High
61,53,74,22,23,38,2.47,37.0,High
62,89,88,62,97,61,3.75,77.4,Low
63,97,33,76,51,39,3.46,51.5,Medium
64,48,96,69,21,98,3.48,66.8,High
65,65,58,87,83,30,3.99,57.9,Medium
66,92,58,69,33,73,3.61,61.0,Medium
67,41,57,56,39,43,3.66,44.3,High
68,59,73,65,68,89,3.9,75.7,High
69,67,33,61,27,36,2.3,38.6,High
70,86,38,34,82,47,3.0,59.2,Medium
71,99,34,52,65,69,3.16,65.6,Low
72,46,85,99,40,74,2.66,64.6,High
73,83,79,30,51,92,3.68,71.3,Low
74,47,44,39,27,29,3.52,32.7,High
75,86,61,43,35,40,3.44,45.5,High
76,74,57,83,59,77,3.99,69.9,Low
77,53,51,99,46,53,2.52,55.3,High
78,56,46,84,37,62,3.47,54.5,High
79,75,88,92,54,30,3.1,53.7,Medium
80,89,86,95,71,52,2.63,69.1,Low
81,79,55,36,34,77,2.32,58.0,Medium
82,43,54,80,82,65,3.79,68.3,High
83,41,39,34,72,80,3.19,65.0,High
84,45,74,70,85,81,3.65,76.8,High
85,93,40,46,50,20,3.09,40.9,High
86,81,82,93,80,40,2.44,65.6,Medium
87,43,97,80,83,81,2.68,79.3,High
88,93,57,77,53,83,2.76,71.8,Low
89,68,94,50,74,92,3.95,80.2,Low
90,57,78,31,78,75,2.01,70.0,High
91,65,76,65,22,20,3.97,35.2,High
92,83,81,50,36,40,3.96,48.2,High
93,73,83,51,97,41,3.99,66.2,Low
94,49,89,51,97,73,2.95,77.2,High
95,75,86,72,65,23,3.93,52.0,Medium
96,53,76,80,57,84,2.79,71.6,High
97,70,60,65,54,70,2.05,63.7,Medium
98,87,75,93,20,93,2.45,68.7,Medium
99,54,55,99,48,82,3.89,68.0,High
100,47,34,26,23,34,2.03,31.2,High
101,53,81,23,80,55,3.09,61.7,High
102,62,83,71,36,48,2.15,51.6,Medium
103,99,62,50,47,71,2.57,63.6,Medium
104,96,79,94,69,65,2.18,73.6,Medium
105,79,67,55,27,88,3.72,63.4,Medium
106,60,56,73,53,48,3.18,54.0,Medium
107,55,44,73,78,66,3.8,67.0,High
108,84,90,36,37,44,3.38,49.7,High
109,57,50,94,78,99,3.94,83.1,High
110,86,75,49,46,35,3.02,48.8,High
111,92,98,41,35,60,3.28,57.6,Medium
112,63,35,62,29,84,3.15,58.3,Medium
113,65,67,46,95,88,2.97,81.5,Low
114,64,91,56,41,39,3.69,49.0,High
115,99,91,65,35,88,3.29,71.2,Low
116,99,75,54,31,55,3.6,54.1,Medium
117,99,42,23,94,77,3.57,75.4,Low
118,84,32,99,70,67,2.38,69.3,Medium
119,80,35,99,20,21,3.3,35.8,High
120,68,37,45,46,99,2.4,68.4,Medium
121,54,73,38,86,48,3.17,61.5,High
122,84,62,64,31,35,3.35,44.3,High
123,40,79,45,49,54,3.99,52.7,High
124,64,40,41,28,81,2.06,55.3,Medium
125,46,57,77,72,23,2.18,48.8,High
126,48,99,82,80,87,2.15,81.7,High
127,63,70,47,73,70,2.8,67.9,Low
128,40,45,84,56,52,3.64,54.5,High
129,83,97,63,84,97,3.69,88.3,Low
130,47,77,62,61,43,3.47,54.1,High
131,63,85,56,68,94,3.79,78.4,Low
132,50,93,85,23,44,2.65,47.3,High
133,90,88,36,83,47,2.18,65.1,Medium
134,56,91,59,98,26,2.12,60.4,High
135,47,40,57,70,55,3.7,57.4,High
136,74,47,80,91,29,3.46,59.0,Medium
137,74,48,28,79,55,3.4,60.7,Medium
138,72,84,96,98,37,2.68,69.4,Low
139,98,55,94,50,25,2.76,49.7,High
140,44,35,80,91,26,3.92,53.6,High
141,81,33,99,77,31,2.13,56.8,Medium
142,78,58,35,23,60,3.55,48.0,High
143,97,88,21,41,82,2.62,65.7,Low
144,80,46,91,22,44,2.08,45.9,High
145,67,72,62,98,72,3.49,78.3,Low
146,46,95,61,66,52,2.66,60.8,High
147,48,63,96,57,92,3.44,74.6,High
148,47,37,76,52,25,3.42,41.6,High
149,51,42,86,97,81,3.07,79.4,High
150,73,37,49,67,85,3.55,70.0,Low
151,72,94,32,84,28,3.16,56.2,Medium
152,87,72,38,45,86,2.57,67.6,Low
153,94,68,26,27,35,3.47,40.9,High
154,62,88,28,69,74,3.18,68.1,Low
155,63,73,73,99,59,2.03,74.2,Medium
156,76,38,80,57,45,3.8,54.5,Medium
157,74,66,21,29,57,3.09,47.6,High
158,83,65,69,61,54,3.74,61.6,Medium
159,79,57,94,56,87,3.77,74.6,Low
160,61,71,50,45,78,2.89,62.9,Medium
161,66,72,52,31,33,3.02,41.5,High
162,74,71,97,68,66,2.83,71.0,Low
163,40,95,99,33,90,2.9,69.3,High
164,74,84,30,65,91,3.79,74.7,Low
165,76,77,52,54,61,3.58,61.1,Medium
166,86,51,26,48,70,2.25,58.7,Medium
167,53,56,50,31,38,3.22,40.4,High
168,42,96,67,63,85,3.99,73.4,High
169,40,42,66,85,66,3.19,66.7,High
170,44,74,97,21,84,3.57,61.4,High
171,65,39,72,78,61,3.54,65.4,Low
172,94,38,99,36,57,2.7,56.7,Medium
173,53,83,38,29,32,2.74,38.9,High
174,78,56,25,37,63,3.45,52.2,Medium
175,66,63,68,41,43,3.0,49.2,High
176,48,30,92,77,49,3.14,59.7,High
177,54,61,69,72,89,3.43,75.6,High
178,54,96,31,20,57,3.56,46.9,High
179,65,49,42,80,42,2.54,56.4,Medium
180,81,64,73,50,93,2.29,74.0,Medium
181,99,46,88,50,76,2.58,68.7,Low
182,52,47,78,85,98,3.02,82.4,High
183,90,74,55,38,42,2.68,50.1,Medium
184,71,82,22,72,55,3.14,61.1,Medium
185,78,97,77,95,76,2.11,84.1,Medium
186,88,94,74,93,20,3.02,61.5,Medium
187,91,30,76,41,91,2.74,68.4,Low
188,71,87,36,42,22,3.07,40.8,High
189,43,55,58,34,33,2.85,39.0,High
190,69,49,87,45,53,2.57,55.2,Medium
191,76,39,74,22,89,3.81,61.1,Medium
192,62,88,64,39,88,2.37,68.3,Medium
193,78,70,95,59,70,3.36,70.0,Low
194,84,34,20,58,48,3.85,50.4,Medium
195,54,94,40,91,67,3.08,72.9,High
196,82,46,40,37,98,3.75,67.1,Low
197,68,51,71,60,98,2.25,76.2,Medium
198,75,70,62,89,35,2.99,61.4,Medium
199,52,97,71,46,76,2.91,66.2,High
200,71,98,86,34,29,2.02,47.3,High
201,46,40,63,56,38,2.89,46.9,High
202,98,85,51,77,86,2.74,80.9,Low
203,90,80,29,24,55,3.34,49.1,High
204,61,50,83,92,23,3.88,56.2,Medium
205,67,55,98,26,94,2.17,67.4,Medium
206,41,48,88,60,52,2.65,56.5,High
207,81,89,87,29,47,2.89,53.2,Medium
208,84,76,47,81,99,2.91,84.6,Low
209,96,55,72,45,28,3.55,47.0,High
210,92,69,70,87,94,2.89,86.8,Low
211,45,34,72,43,25,2.05,38.0,High
212,67,50,23,97,68,3.42,70.3,Low
213,67,33,98,60,95,3.77,75.8,Low
214,83,52,36,84,41,3.03,58.7,Medium
215,83,44,86,36,67,3.16,58.9,Medium
216,59,37,93,43,40,2.33,47.8,High
217,69,70,66,46,52,2.44,55.1,Medium
218,50,48,75,26,75,2.47,55.1,High
219,97,75,42,92,48,2.86,68.2,Low
220,94,57,37,31,72,3.86,56.9,Medium
221,67,97,20,22,59,3.04,48.6,High
222,64,44,54,98,93,2.38,82.8,Medium
223,78,66,83,29,37,2.53,46.2,High
224,72,30,77,52,66,2.77,59.9,Medium
225,40,96,78,65,32,3.25,53.7,High
226,96,53,20,78,46,2.88,58.7,Medium
227,66,56,22,71,81,2.78,68.1,Low
228,96,69,86,25,93,3.13,69.8,Low
229,91,92,56,21,64,2.48,55.8,Medium
230,52,90,48,48,22,2.16,42.2,High
231,80,65,52,59,41,2.05,53.8,Medium
232,42,53,80,80,46,2.5,59.9,High
233,78,53,23,87,74,2.18,71.1,Medium
234,45,33,33,87,86,2.67,71.6,High
235,47,96,52,48,52,3.55,54.7,High
236,66,63,41,81,21,3.43,49.7,High
237,48,86,67,79,94,3.22,81.4,High
238,76,78,22,60,65,3.71,61.6,Medium
239,72,82,42,84,93,2.56,82.0,Low
240,90,52,87,83,52,3.77,68.6,Low
241,81,98,40,98,77,2.8,82.1,Low
242,83,82,62,82,26,2.8,57.7,Medium
243,63,91,45,67,34,2.81,53.6,Medium
244,54,70,60,39,45,2.2,48.1,High
245,98,86,57,56,30,3.95,52.9,Medium
246,93,89,30,83,57,2.28,68.9,Medium
247,71,83,48,24,46,2.68,45.8,High
248,71,99,79,53,26,2.64,51.2,Medium
249,63,86,86,58,20,2.15,48.9,High
250,80,39,84,86,93,2.3,83.3,Medium
251,91,69,80,81,40,2.09,64.3,Medium
252,88,36,38,43,98,2.58,68.3,Low
253,88,67,65,22,49,3.73,48.2,High
254,97,90,68,90,27,2.68,63.3,Medium
255,91,32,41,86,22,2.25,51.0,Medium
256,51,80,97,98,74,3.29,81.8,High
257,78,76,76,69,34,3.99,57.3,Medium
258,41,97,33,48,55,2.46,53.5,High
259,42,67,63,93,25,2.56,55.1,High
260,88,65,35,51,61,3.94,58.5,Medium
261,76,70,96,58,69,2.36,69.2,Medium
262,88,98,31,28,37,3.02,44.9,High
263,95,42,74,33,69,2.48,58.6,Medium
264,56,87,70,87,49,3.86,67.0,High
265,98,79,58,83,96,3.96,86.8,Low
266,88,59,52,39,58,3.63,54.8,Medium
267,41,91,52,47,31,2.63,44.9,High
268,41,54,48,33,78,2.81,55.4,High
269,67,56,88,63,95,2.48,78.0,Medium
270,93,80,89,96,63,3.78,80.2,Low
271,62,86,50,58,23,3.83,46.4,High
272,76,76,99,47,55,2.84,61.2,Medium
273,71,68,50,83,67,3.31,70.6,Low
274,72,45,65,51,33,2.33,46.7,High
275,40,51,96,28,68,2.87,54.3,High
276,58,83,71,47,86,3.26,69.7,High
277,41,50,29,36,96,2.77,61.2,High
278,92,45,93,96,28,2.72,63.0,Medium
279,83,88,60,74,40,2.0,61.3,Medium
280,65,60,96,29,91,3.61,67.2,Low
281,71,71,22,99,35,3.78,60.1,Medium
282,45,61,78,25,35,3.94,39.9,High
283,71,88,71,67,47,3.44,61.9,Medium
284,94,63,53,94,70,3.1,77.2,Low
285,43,38,68,86,75,2.54,70.7,High
286,94,40,47,60,99,4.0,75.7,Low
287,50,39,32,98,76,3.18,71.9,High
288,95,46,88,79,71,3.36,75.0,Low
289,98,97,86,96,65,3.36,82.9,Low
290,56,77,80,61,97,3.69,78.4,High
291,77,81,79,90,57,2.02,73.5,Medium
292,63,54,90,47,67,2.44,61.6,Medium
293,44,50,43,32,60,3.33,47.3,High
294,91,94,82,34,78,3.79,68.1,Low
295,73,92,80,55,86,3.37,75.4,Low
296,45,80,42,34,93,2.83,64.1,High
297,61,65,49,94,85,2.72,79.7,Low
298,50,95,79,75,46,3.48,63.3,High
299,87,44,37,23,51,3.48,44.1,High
300,55,68,75,71,75,3.21,71.1,High
301,72,99,72,29,29,2.58,44.6,High
302,48,30,26,64,59,3.85,53.2,High
303,99,52,88,48,36,3.1,52.7,Medium
304,98,68,91,72,77,3.58,78.1,Low
305,45,86,98,48,25,2.43,47.3,High
306,55,63,71,42,58,2.69,54.7,High
307,68,70,23,76,37,3.75,53.7,Medium
308,42,42,53,69,92,2.1,71.2,High
309,59,99,88,40,91,3.02,73.0,High
310,99,35,52,62,61,2.96,61.6,Medium
311,98,81,88,29,23,3.5,44.6,High
312,75,32,57,95,39,2.56,60.5,Medium
313,58,92,45,49,47,2.44,53.0,High
314,65,78,20,70,59,3.85,60.9,Medium
315,42,76,23,52,84,3.14,63.3,High
316,58,84,58,37,63,2.21,56.3,High
317,59,93,73,97,42,2.39,68.4,High
318,71,94,52,41,76,4.0,64.4,Medium
319,46,96,52,83,66,2.39,70.7,High
320,91,44,91,40,32,3.22,47.4,High
321,80,61,39,20,35,2.84,38.0,High
322,72,97,35,34,74,3.77,60.2,Medium
323,79,47,40,55,84,3.51,66.7,Low
324,78,72,64,66,35,3.19,55.2,Medium
325,57,64,81,73,56,2.02,64.5,High
326,79,87,50,51,71,3.76,65.3,Low
327,40,62,61,77,29,2.89,51.0,High
328,50,43,31,65,57,3.86,54.7,High
329,67,63,84,73,63,2.99,68.5,Low
330,96,90,92,52,93,3.39,80.6,Low
331,64,33,22,58,73,2.14,58.5,Medium
332,89,88,28,42,70,3.49,61.1,Medium
333,62,58,70,62,71,2.68,66.0,Low
334,70,35,35,74,89,2.7,71.8,Low
335,69,78,97,21,78,2.24,61.9,Medium
336,81,69,22,85,32,2.29,55.5,Medium
337,74,94,43,57,60,2.37,62.2,Medium
338,46,98,92,48,31,2.66,50.4,High
339,99,56,32,86,69,3.78,72.1,Low
340,55,35,21,90,76,2.74,68.5,High
341,65,42,90,55,69,3.45,63.8,Medium
342,87,93,40,48,76,2.17,66.8,Medium
343,96,91,38,56,73,3.18,68.5,Low
344,91,48,66,64,85,2.96,73.7,Low
345,99,72,41,35,27,3.96,42.5,High
346,88,49,94,50,82,3.69,70.9,Low
347,41,97,52,53,28,2.91,46.1,High
348,40,73,51,69,79,3.55,68.7,High
349,87,52,83,84,82,2.39,80.2,Medium
350,51,31,58,81,91,3.12,74.7,High
351,44,51,91,62,22,2.15,46.0,High
352,76,86,61,75,92,2.7,81.6,Low
353,71,36,28,34,32,2.45,36.5,High
354,98,85,44,67,28,3.44,54.0,Medium
355,94,96,21,68,71,2.98,69.9,Low
356,48,45,38,63,81,3.5,64.4,High
357,80,80,39,29,27,3.03,39.4,High
358,74,41,89,39,64,2.17,57.7,Medium
359,58,82,36,89,72,3.47,73.1,High
360,87,34,87,27,82,3.67,61.7,Medium
361,55,56,22,64,76,3.81,62.9,High
362,42,41,70,53,73,3.14,60.4,High
363,59,46,45,70,38,3.51,51.2,High
364,63,35,75,23,86,3.5,58.6,Medium
365,93,34,83,58,65,2.31,64.4,Medium
366,95,86,27,43,29,2.33,45.3,High
367,72,57,56,74,37,2.14,55.5,Medium
368,63,98,46,45,31,2.64,46.6,High
369,91,88,64,44,68,2.95,64.7,Medium
370,50,62,23,55,42,4.0,46.8,High
371,88,91,56,90,81,2.86,82.9,Low
372,47,79,90,93,30,3.45,61.5,High
373,75,48,52,77,92,3.39,77.4,Low
374,77,98,50,31,75,2.41,61.8,Medium
375,79,95,74,20,74,2.12,60.4,Medium
376,59,76,31,69,44,3.09,54.9,High
377,74,68,30,44,28,3.4,41.6,High
378,87,97,91,99,31,4.0,69.6,Low
379,64,62,51,24,30,2.72,36.9,High
380,74,42,76,87,57,3.79,68.1,Low
381,64,83,57,25,47,2.76,46.7,High
382,68,36,79,45,27,3.38,42.6,High
383,57,43,38,74,93,3.2,73.2,High
384,85,48,75,58,66,2.11,64.6,Medium
385,57,83,33,28,55,2.16,47.7,High
386,41,49,52,64,69,2.04,61.0,High
387,93,58,29,33,28,2.74,39.1,High
388,74,53,99,74,79,3.49,76.4,Low
389,55,92,83,28,91,2.35,67.8,High
390,80,86,83,34,86,3.21,69.5,Low
391,75,37,81,56,72,2.58,64.9,Medium
392,72,91,87,69,36,3.59,60.1,Medium
393,43,58,62,91,72,3.6,72.4,High
394,72,46,99,40,47,3.55,52.5,Medium
395,53,95,78,76,82,3.05,78.2,High
396,60,35,71,38,34,2.57,41.6,High
397,87,87,38,77,38,3.62,59.5,Medium
398,59,98,40,25,89,2.37,62.8,High
399,95,57,41,23,66,2.58,52.6,Medium
400,47,91,28,62,90,2.37,71.2,High
401,46,70,28,61,67,3.35,59.5,High
402,42,98,92,22,92,3.37,66.6,High
403,56,70,46,20,39,3.31,38.8,High
404,72,78,36,74,56,2.83,63.2,Medium
405,87,78,63,34,94,2.2,70.6,Medium
406,51,32,64,66,21,3.82,42.9,High
407,98,39,27,65,83,3.02,69.1,Low
408,90,64,99,77,55,2.81,70.4,Low
409,61,31,37,90,24,3.18,49.5,High
410,94,53,52,58,83,2.39,70.5,Medium
411,61,67,20,22,26,2.27,31.8,High
412,85,51,95,49,89,2.81,73.4,Low
413,69,55,25,54,41,2.45,47.5,High
414,77,72,60,76,93,2.49,80.9,Medium
415,77,84,74,48,65,3.79,63.9,Medium
416,84,68,24,69,59,3.06,61.9,Medium
417,90,58,78,81,80,2.97,78.9,Low
418,93,49,99,71,65,3.38,71.4,Low
419,47,70,37,33,47,3.9,44.1,High
420,66,83,68,54,54,2.22,59.5,Medium
421,66,49,84,47,20,3.67,42.0,High
422,73,48,73,77,48,3.17,61.7,Medium
423,60,95,80,49,28,2.29,49.4,High
424,69,59,27,26,28,2.59,34.5,High
425,72,82,22,58,41,2.96,51.4,Medium
426,67,63,44,88,82,3.38,76.6,Low
427,86,51,88,54,85,2.49,72.7,Medium
428,72,96,74,71,99,3.07,85.1,Low
429,44,35,59,33,77,3.37,54.5,High
430,99,56,69,82,89,2.9,82.6,Low
431,87,39,52,55,74,3.73,63.9,Medium
432,58,77,37,43,32,3.74,42.9,High
433,43,99,76,59,38,2.94,54.7,High
434,74,88,35,48,98,3.95,73.3,Low
435,88,88,99,72,52,2.15,69.9,Medium
436,56,31,57,41,93,2.01,63.9,High
437,83,58,60,91,84,2.76,81.0,Low
438,67,97,26,34,79,3.2,60.8,Medium
439,69,94,97,88,31,3.26,64.8,Medium
440,68,55,72,83,62,2.95,69.2,Low
441,85,39,82,23,36,2.25,41.9,High
442,92,82,51,94,87,2.34,85.5,Medium
443,45,88,57,37,48,3.7,49.3,High
444,74,51,41,61,74,3.74,64.5,Medium
445,99,80,35,49,26,3.35,46.5,High
446,80,77,71,34,63,3.33,58.2,Medium
447,76,50,48,89,96,3.2,82.5,Low
448,63,51,35,74,24,2.41,46.7,High
449,68,59,95,72,79,2.86,75.4,Low
450,88,54,36,35,25,3.39,38.3,High
451,85,57,83,92,26,3.07,60.5,Medium
452,92,94,32,53,65,2.04,63.7,Medium
453,70,74,91,46,76,3.91,67.7,Low
454,74,97,75,32,73,3.69,63.4,Medium
455,99,36,24,46,65,2.52,55.7,Medium
456,72,78,31,92,29,3.23,57.3,Medium
457,91,38,60,88,23,3.85,54.5,Medium
458,60,65,22,50,86,2.19,64.1,Medium
459,71,30,52,22,44,3.01,39.5,High
460,62,39,69,49,97,2.91,70.5,Low
461,72,65,75,40,80,2.82,65.2,Low
462,42,75,28,25,57,3.67,44.8,High
463,57,61,69,51,51,2.76,54.4,High
464,64,61,48,61,42,2.13,52.4,Medium
465,81,35,58,81,56,2.13,64.1,Medium
466,70,77,64,51,22,2.09,45.2,High
467,93,67,36,58,32,2.82,49.8,High
468,97,46,75,83,53,3.44,67.9,Low
469,42,56,65,49,84,2.41,64.6,High
470,79,83,86,82,95,3.29,87.4,Low
471,85,79,88,50,27,3.37,51.0,Medium
472,63,64,33,59,28,2.51,44.9,High
473,89,54,86,52,47,3.2,57.3,Medium
474,71,57,42,82,97,3.37,80.4,Low
475,86,44,80,44,37,2.93,49.0,High
476,61,33,42,55,61,2.67,54.5,Medium
477,62,56,46,43,60,3.24,53.3,Medium
478,41,55,73,77,89,3.96,75.6,High
479,66,48,29,58,52,2.85,52.5,Medium
480,81,46,96,65,96,2.78,80.2,Low
481,41,72,35,96,73,2.93,72.8,High
482,65,70,60,29,55,2.15,50.2,Medium
483,56,71,74,51,75,3.11,65.4,High
484,79,79,80,55,36,2.66,54.7,Medium
485,72,69,68,47,29,2.24,46.6,High
486,48,68,92,35,63,2.93,56.5,High
487,82,52,71,35,21,2.01,39.4,High
488,93,81,21,37,33,2.8,43.8,High
489,87,76,69,27,60,2.21,55.3,Medium
490,78,92,62,99,21,2.05,61.3,Medium
491,68,98,96,94,38,3.65,69.6,Low
492,81,72,27,89,99,3.83,84.3,Low
493,94,77,78,20,20,2.42,38.9,High
494,65,63,84,81,21,3.08,53.9,Medium
495,74,69,31,95,46,2.56,64.3,Medium
496,89,90,23,57,21,2.99,45.7,High
497,64,79,96,64,70,2.87,71.1,Low
498,63,96,60,77,29,2.54,56.6,Medium
499,52,91,26,20,38,3.4,38.1,High
500,99,87,88,51,99,2.25,82.3,Medium
501,97,62,88,27,32,2.11,45.6,High
502,46,45,49,59,67,3.54,58.5,High
503,96,77,92,75,75,3.33,79.0,Low
504,75,39,25,82,91,3.0,74.9,Low
505,84,67,38,93,75,2.94,76.8,Low
506,59,48,99,93,69,2.99,76.1,High
507,40,65,85,55,64,2.87,61.1,High
508,47,88,29,76,78,2.79,70.4,High
509,85,92,35,93,58,3.0,72.3,Low
510,55,75,56,64,40,3.06,53.8,High
511,53,32,98,98,74,3.38,77.3,High
512,51,94,96,99,76,3.42,84.2,High
513,90,37,96,21,60,2.76,52.6,Medium
514,62,80,51,87,89,2.83,81.0,Low
515,54,35,66,69,68,2.75,63.4,High
516,67,68,91,48,63,3.07,62.2,Medium
517,73,89,62,29,54,2.91,52.7,Medium
518,41,57,55,46,24,3.78,38.7,High
519,71,83,45,34,90,3.39,66.1,Low
520,62,66,29,79,93,3.8,76.6,Low
521,61,38,50,50,93,3.42,67.1,Low
522,90,85,48,40,70,3.94,62.3,Medium
523,64,88,24,79,76,3.27,71.7,Low
524,97,31,96,77,77,3.93,76.3,Low
525,61,90,20,60,55,2.32,57.1,Medium
526,97,87,22,65,29,2.1,51.7,Medium
527,97,89,86,64,69,3.16,74.0,Low
528,61,69,90,45,56,3.97,57.9,Medium
529,88,65,54,70,39,2.84,57.3,Medium
530,91,66,34,55,32,2.42,48.4,High
531,81,47,86,71,94,3.04,80.3,Low
532,45,92,49,70,38,3.3,54.8,High
533,54,51,94,22,75,2.63,56.5,High
534,93,40,62,33,64,3.43,55.0,Medium
535,82,87,79,68,79,3.95,76.8,Low
536,99,86,59,96,87,3.79,88.0,Low
537,76,33,84,20,76,2.58,55.7,Medium
538,72,36,48,76,73,2.65,67.6,Low
539,47,90,93,36,56,2.74,56.2,High
540,92,83,38,69,56,2.79,64.4,Medium
541,99,97,22,33,33,2.2,44.9,High
542,83,30,55,78,63,3.52,65.4,Low
543,83,84,62,22,61,2.73,53.9,Medium
544,44,32,34,59,20,3.76,36.7,High
545,78,67,60,85,42,3.85,62.8,Medium
546,43,30,99,53,83,2.05,66.3,High
547,45,67,55,28,47,3.98,43.9,High
548,84,58,96,40,23,3.42,45.0,High
549,71,34,52,44,60,3.04,52.9,Medium
550,91,50,24,63,79,2.78,67.0,Low
551,69,96,97,44,37,3.04,54.2,Medium
552,86,76,33,28,82,2.65,60.7,Medium
553,74,64,87,81,80,3.25,78.8,Low
554,94,97,66,45,68,2.19,66.4,Medium
555,79,98,73,76,66,3.24,74.2,Low
556,91,30,23,56,58,2.55,54.4,Medium
557,55,97,28,35,25,2.04,38.5,High
558,52,41,72,56,72,3.11,62.1,High
559,89,89,96,95,95,3.16,93.9,Low
560,99,56,97,43,44,2.85,55.7,Medium
561,81,85,79,45,84,2.14,71.6,Medium
562,69,52,65,39,24,3.79,39.9,High
563,58,54,73,28,84,3.22,60.5,High
564,56,50,93,48,27,2.23,45.1,High
565,95,90,56,50,58,3.02,62.3,Medium
566,58,92,42,38,62,2.99,55.4,High
567,67,81,46,39,92,2.12,67.9,Medium
568,97,54,89,46,24,3.21,47.4,High
569,94,84,85,63,23,3.62,54.4,Medium
570,65,75,80,54,20,3.5,46.2,High
571,76,61,96,90,75,2.41,80.3,Medium
572,65,84,70,41,64,3.72,59.8,Medium
573,92,34,69,93,84,2.69,81.0,Low
574,62,65,38,34,22,3.89,35.5,High
575,48,78,20,32,41,2.14,40.6,High
576,51,87,59,23,91,2.97,63.0,High
577,92,68,51,75,75,3.19,73.6,Low
578,40,90,41,42,37,2.5,44.5,High
579,97,38,85,53,44,3.54,55.5,Medium
580,97,35,59,36,67,3.25,56.7,Medium
581,40,64,57,47,50,2.04,50.2,High
582,86,68,67,33,49,3.22,51.6,Medium
583,73,51,74,53,99,2.98,75.3,Low
584,71,70,94,94,85,2.39,85.7,Medium
585,93,34,74,76,29,3.99,54.5,Medium
586,87,71,70,96,90,3.79,87.6,Low
587,64,96,79,74,78,2.59,77.3,Low
588,79,59,27,85,70,3.08,70.0,Low
589,84,86,87,56,28,2.63,53.7,Medium
590,92,58,94,87,73,3.55,79.7,Low
591,40,66,91,95,81,3.86,80.6,High
592,55,42,28,45,28,2.72,37.2,High
593,78,61,21,80,28,3.61,51.2,Medium
594,44,75,99,86,43,3.0,64.8,High
595,61,52,89,93,58,2.79,71.3,Low
596,68,74,78,71,94,3.88,80.9,Low
597,94,46,38,37,27,3.02,39.7,High
598,42,95,47,72,44,2.93,57.6,High
599,51,35,91,82,85,3.34,76.3,High
600,65,47,33,72,29,2.52,47.7,High
601,55,51,43,46,43,2.65,45.9,High
602,90,62,63,50,99,3.86,76.1,Low
603,76,59,75,20,78,3.36,58.2,Medium
604,61,61,70,25,50,3.65,46.7,High
605,96,71,51,30,30,2.54,42.8,High
606,68,39,69,53,25,3.09,43.5,High
607,53,65,60,82,89,3.94,78.0,High
608,67,63,85,72,51,2.64,63.5,Medium
609,44,57,44,37,58,2.32,48.8,High
610,86,40,80,40,67,3.02,59.4,Medium
611,88,68,85,38,32,2.78,48.3,High
612,69,76,61,23,78,2.32,58.7,Medium
613,85,48,84,96,86,3.78,84.9,Low
614,91,44,55,48,75,3.98,63.4,Medium
615,44,57,95,44,60,3.14,56.8,High
616,51,53,28,75,75,3.55,65.7,High
617,55,38,55,96,54,3.72,65.2,High
618,65,76,57,82,57,3.4,67.2,Low
619,65,62,52,46,86,2.09,66.1,Medium
620,87,91,61,79,53,2.32,68.8,Medium
621,60,48,80,68,95,2.14,77.2,Medium
622,78,96,65,84,89,2.02,84.7,Medium
623,75,69,80,57,30,2.61,51.5,Medium
624,72,76,37,71,46,2.78,58.2,Medium
625,69,94,89,20,67,2.48,58.0,Medium
626,76,58,99,59,43,2.13,58.2,Medium
627,62,79,34,40,37,3.06,44.3,High
628,97,42,67,34,46,2.55,49.2,High
629,49,30,91,69,73,3.59,66.9,High
630,93,63,32,67,74,2.02,68.5,Medium
631,44,77,62,51,40,3.69,49.6,High
632,75,77,79,68,78,3.91,74.7,Low
633,73,78,76,87,53,3.43,70.0,Low
634,91,93,90,64,77,3.47,77.4,Low
635,70,90,36,51,67,3.87,61.7,Medium
636,49,58,69,23,73,2.42,53.7,High
637,97,68,51,84,37,3.99,61.6,Medium
638,58,55,41,90,22,3.55,51.2,High
639,97,46,74,92,43,3.45,66.5,Low
640,71,42,76,84,20,2.72,52.1,Medium
641,40,98,32,99,25,3.09,56.7,High
642,95,55,66,37,38,3.31,47.9,High
643,44,78,81,73,62,3.24,67.0,High
644,84,96,73,66,27,3.41,55.9,Medium
645,43,36,48,25,88,2.16,55.4,High
646,55,87,41,85,71,2.71,72.2,High
647,63,78,84,28,92,2.87,67.7,Low
648,55,82,48,87,66,2.52,71.0,High
649,94,94,67,42,47,2.35,56.9,Medium
650,41,91,24,62,65,2.28,60.2,High
651,88,46,54,70,23,2.73,49.0,High
652,67,72,93,91,27,2.99,61.3,Medium
653,71,54,90,44,80,2.13,66.7,Medium
654,66,32,65,99,36,3.89,60.4,Medium
655,59,58,54,54,53,3.53,54.5,High
656,63,61,64,36,39,3.46,45.2,High
657,51,55,32,37,99,2.35,64.5,High
658,89,45,29,46,93,3.21,67.3,Low
659,74,54,85,34,53,3.06,52.7,Medium
660,99,83,89,88,62,3.96,78.3,Low
661,72,57,91,99,29,3.5,63.3,Medium
662,72,85,44,34,49,3.15,49.9,High
663,90,94,63,61,44,3.7,60.6,Medium
664,82,70,79,53,76,2.31,69.4,Medium
665,76,80,66,67,82,2.03,75.1,Medium
666,51,58,59,27,90,3.38,60.9,High
667,42,48,26,29,66,2.2,46.7,High
668,40,95,65,24,22,2.23,36.0,High
669,72,70,42,67,65,3.49,64.5,Medium
670,79,74,65,45,55,2.54,57.3,Medium
671,49,44,32,42,45,3.26,43.1,High
672,82,32,40,81,29,3.83,51.3,Medium
673,83,40,20,32,53,2.63,45.1,High
674,68,82,38,28,97,2.43,66.0,Medium
675,52,75,79,39,27,2.21,43.1,High
676,51,59,52,76,74,2.26,68.6,High
677,70,86,23,43,29,2.12,42.4,High
678,85,47,22,52,76,2.18,61.4,Medium
679,41,80,71,39,98,2.86,70.1,High
680,90,77,47,79,64,2.64,70.7,Low
681,89,95,89,67,69,3.41,75.0,Low
682,74,37,89,83,83,3.74,78.1,Low
683,62,51,74,49,21,3.57,41.8,High
684,56,35,76,92,64,3.06,69.9,High
685,65,86,35,36,81,2.2,61.8,Medium
686,47,65,43,33,33,3.42,38.6,High
687,68,86,88,38,93,2.73,72.8,Low
688,65,78,60,90,34,2.17,60.9,Medium
689,49,74,96,78,33,3.68,58.5,High
690,65,95,66,86,50,2.68,68.4,Low
691,73,74,95,63,48,2.44,62.3,Medium
692,90,49,88,51,46,3.74,56.4,Medium
693,80,93,50,30,28,3.8,42.5,High
694,46,96,49,21,39,2.68,41.0,High
695,43,32,37,87,77,2.71,68.1,High
696,97,83,63,36,98,3.16,74.3,Low
697,92,93,46,59,68,3.47,68.0,Low
698,89,69,45,65,76,2.13,70.2,Medium
699,84,88,79,23,35,3.19,46.0,High
700,50,84,37,57,94,3.91,71.8,High
701,68,91,75,82,27,2.52,58.8,Medium
702,95,33,50,48,86,3.82,66.6,Low
703,75,89,78,38,38,3.9,50.8,Medium
704,64,59,21,48,86,2.54,63.2,Medium
705,60,31,58,54,55,3.51,53.1,Medium
706,96,91,80,89,79,2.48,85.0,Medium
707,75,78,82,42,55,3.48,58.1,Medium
708,49,38,37,65,30,3.59,43.9,High
709,76,60,36,63,70,2.49,64.1,Medium
710,48,90,58,67,99,3.43,79.3,High
711,63,77,90,71,74,3.62,73.9,Low
712,74,54,73,27,73,2.72,57.4,Medium
713,88,65,95,74,36,2.34,61.4,Medium
714,74,37,54,85,81,2.18,74.4,Medium
715,87,87,30,96,61,3.15,73.6,Low
716,75,74,80,59,43,3.96,57.8,Medium
717,57,91,63,50,36,3.65,50.5,High
718,88,68,87,67,67,2.87,71.2,Low
719,78,87,44,80,89,3.07,80.5,Low
720,71,93,67,71,26,2.56,54.8,Medium
721,63,73,51,57,33,2.33,49.0,High
722,62,58,23,55,30,2.96,42.8,High
723,71,88,57,74,31,2.93,56.2,Medium
724,76,38,82,32,24,3.04,38.8,High
725,51,35,66,56,24,3.91,41.6,High
726,88,58,20,66,39,3.21,52.0,Medium
727,94,87,22,90,73,3.21,76.5,Low
728,52,46,81,41,74,2.26,59.8,High
729,62,45,83,58,77,3.99,67.2,Low
730,64,32,36,77,98,3.55,75.5,Low
731,74,50,97,49,49,3.75,56.4,Medium
732,80,93,81,37,43,2.83,53.7,Medium
733,69,65,54,37,92,3.0,66.7,Low
734,56,91,32,93,22,3.04,54.6,High
735,88,71,54,58,67,2.39,65.5,Medium
736,59,71,62,45,90,3.38,68.7,High
737,87,90,21,90,41,3.81,63.2,Medium
738,64,42,75,26,33,2.33,39.1,High
739,61,40,96,88,67,2.17,72.9,Medium
740,52,83,70,84,48,3.48,64.9,High
741,98,45,73,65,69,2.55,68.7,Low
742,58,37,35,37,99,3.25,63.7,High
743,88,88,37,32,29,3.39,42.5,High
744,75,86,26,44,90,2.64,67.9,Low
745,51,69,64,27,46,3.63,44.9,High
746,80,88,55,93,98,3.1,89.4,Low
747,58,31,60,51,47,3.74,49.0,High
748,51,39,61,36,28,3.53,37.1,High
749,48,73,26,98,90,3.74,80.1,High
750,46,40,34,98,99,2.04,81.0,High
751,67,31,79,67,45,2.49,55.8,Medium
752,53,79,59,82,27,2.18,54.5,High
753,70,41,56,59,21,2.88,42.8,High
754,91,52,85,34,76,3.78,63.4,Medium
755,58,47,74,25,71,2.94,53.8,High
756,97,91,96,82,77,3.7,83.8,Low
757,86,91,99,27,22,2.65,44.5,High
758,55,67,75,51,27,2.68,45.8,High
759,92,96,63,64,78,3.79,75.5,Low
760,44,67,76,71,21,2.85,48.4,High
761,74,96,25,98,81,3.58,81.3,Low
762,51,90,51,32,68,2.47,56.0,High
763,64,30,93,43,39,3.9,47.2,High
764,91,74,37,59,48,3.15,57.1,Medium
765,98,57,87,33,36,3.52,48.5,High
766,60,50,92,94,93,2.18,85.6,Medium
767,75,42,26,89,41,2.99,57.4,Medium
768,92,56,27,81,25,3.8,51.8,Medium
769,62,36,83,80,81,3.75,74.5,Low
770,55,51,26,20,50,2.09,39.2,High
771,96,82,60,85,81,2.61,81.7,Low
772,78,33,59,51,31,2.89,44.7,High
773,84,52,22,32,31,2.34,37.8,High
774,92,99,36,52,82,3.46,71.1,Low
775,81,62,85,51,35,2.37,52.1,Medium
776,97,57,98,75,44,2.69,65.3,Low
777,78,37,71,43,41,3.33,47.9,High
778,53,30,41,23,95,2.96,57.3,High
779,70,66,23,42,37,3.48,43.3,High
780,97,92,25,48,64,3.92,61.4,Medium
781,44,51,57,40,99,2.23,66.8,High
782,74,99,45,49,87,3.42,71.3,Low
783,62,50,30,39,31,2.46,38.3,High
784,68,64,36,35,68,2.83,54.5,Medium
785,82,34,50,86,52,2.07,63.2,Medium
786,50,89,96,68,82,2.27,76.7,High
787,57,75,54,77,37,2.64,56.5,High
788,86,79,35,63,73,2.68,68.1,Low
789,51,77,98,44,46,3.8,54.2,High
790,48,35,37,42,97,3.48,63.4,High
791,49,85,81,78,44,3.94,62.5,High
792,97,88,46,20,53,3.2,50.3,Medium
793,83,58,54,34,79,2.48,61.3,Medium
794,56,47,64,71,73,2.66,67.2,High
795,77,31,54,77,24,2.64,48.9,High
796,46,37,47,60,55,2.65,53.0,High
797,85,83,28,63,73,3.35,67.7,Low
798,52,67,95,23,55,3.06,50.3,High
799,79,77,34,96,88,2.77,83.0,Low
800,81,56,40,87,58,2.3,67.0,Medium
801,48,49,71,26,89,2.04,60.2,High
802,89,41,54,65,23,2.44,47.1,High
803,66,72,70,28,93,2.21,66.4,Medium
804,97,90,74,52,84,3.57,75.3,Low
805,41,60,96,52,59,2.22,58.9,High
806,44,90,63,23,56,3.45,49.0,High
807,68,96,84,84,86,2.77,84.4,Low
808,76,64,99,53,50,2.15,59.8,Medium
809,77,44,44,98,96,3.63,84.3,Low
810,58,45,66,83,66,3.16,68.2,High
811,47,42,99,44,46,2.47,50.4,High
812,87,64,75,74,70,3.79,72.8,Low
813,84,88,57,28,39,2.09,46.9,High
814,40,50,30,36,32,2.4,35.6,High
815,61,83,86,40,82,3.5,67.8,Low
816,91,59,34,79,63,3.42,67.3,Low
817,56,77,20,32,43,2.58,42.1,High
818,46,64,26,22,22,2.12,29.0,High
819,64,67,20,87,29,3.72,52.8,Medium
820,84,60,68,23,84,2.63,61.7,Medium
821,43,53,92,26,68,2.39,53.8,High
822,75,78,48,45,77,3.03,64.4,Medium
823,45,61,45,94,96,3.82,81.7,High
824,99,84,64,43,97,2.09,76.4,Medium
825,70,87,90,29,21,3.53,41.8,High
826,58,32,31,32,85,3.14,55.7,High
827,83,98,51,63,50,2.85,62.1,Medium
828,93,39,39,58,87,3.49,69.3,Low
829,78,54,70,38,56,3.93,54.0,Medium
830,66,97,55,70,92,2.46,79.6,Medium
831,49,90,86,38,43,2.29,51.1,High
832,65,58,20,95,96,3.83,81.2,Low
833,58,48,46,71,63,3.34,61.7,High
834,78,72,59,66,60,2.88,64.7,Medium
835,42,95,33,49,93,3.15,68.9,High
836,84,90,88,65,70,3.49,73.7,Low
837,52,72,98,95,61,3.55,75.1,High
838,89,54,25,40,97,3.84,67.6,Low
839,67,49,52,94,59,2.85,68.6,Low
840,97,77,74,67,67,2.59,71.7,Low
841,59,53,38,81,23,3.28,48.5,High
842,67,40,96,77,79,2.83,75.0,Low
843,47,84,48,37,58,3.19,52.2,High
844,80,57,80,78,24,2.84,54.7,Medium
845,78,98,89,67,25,2.31,56.6,Medium
846,40,92,98,82,33,2.94,60.8,High
847,42,88,99,31,89,3.38,67.8,High
848,52,34,43,53,97,3.6,67.6,High
849,67,80,42,80,31,2.99,55.3,Medium
850,96,50,29,72,81,2.33,71.5,Medium
851,99,41,73,44,46,2.83,52.9,Medium
852,88,79,60,81,73,3.57,76.2,Low
853,64,33,68,23,31,2.83,35.8,High
854,95,71,36,32,27,3.39,40.6,High
855,72,67,75,61,93,3.01,76.9,Low
856,77,54,64,68,35,2.48,53.9,Medium
857,92,43,49,97,71,3.59,75.9,Low
858,45,61,63,75,45,2.17,57.4,High
859,97,40,93,66,27,3.05,53.6,Medium
860,83,90,74,27,64,2.42,58.4,Medium
861,84,47,38,74,38,2.13,54.3,Medium
862,71,56,48,37,36,3.01,43.0,High
863,84,84,21,54,84,3.0,68.7,Low
864,86,83,55,51,48,3.41,56.9,Medium
865,60,50,38,43,33,3.49,40.9,High
866,55,73,26,26,36,3.46,37.6,High
867,93,34,45,32,32,2.82,39.6,High
868,60,70,98,88,82,3.26,82.0,Low
869,50,88,57,61,52,3.15,58.6,High
870,99,83,22,50,48,2.84,54.6,Medium
871,76,51,99,93,56,3.19,72.9,Low
872,75,94,85,45,65,3.89,64.9,Medium
873,74,93,90,95,43,2.39,71.4,Medium
874,58,33,62,51,33,3.81,43.8,High
875,59,94,81,71,24,2.11,54.3,High
876,96,44,90,39,72,2.62,63.5,Medium
877,57,51,43,59,49,2.58,52.4,High
878,86,76,58,78,79,3.25,77.0,Low
879,80,75,87,96,92,2.26,89.8,Medium
880,88,43,63,33,47,3.76,48.1,High
881,53,79,24,63,45,3.66,52.5,High
882,54,49,74,67,37,3.3,52.6,High
883,70,79,49,62,55,2.92,60.4,Medium
884,40,62,48,35,27,3.87,36.3,High
885,92,88,45,54,37,3.66,53.5,Medium
886,93,72,45,72,77,3.0,73.4,Low
887,93,41,56,53,51,3.4,55.3,Medium
888,42,69,72,22,68,3.13,52.1,High
889,55,49,49,87,67,3.18,68.2,High
890,62,67,22,24,90,2.66,58.3,Medium
891,96,32,62,29,84,2.92,61.3,Medium
892,50,57,26,71,52,2.16,55.4,High
893,51,85,68,48,69,2.71,62.4,High
894,49,42,92,50,23,3.39,42.5,High
895,71,95,60,85,55,3.91,70.1,Low
896,55,66,96,95,47,3.93,69.0,High
897,47,78,98,88,22,3.11,57.5,High
898,77,95,73,56,25,3.21,51.3,Medium
899,51,65,88,46,64,2.37,59.8,High
900,63,83,46,52,42,3.39,51.6,Medium
901,67,55,27,87,26,2.14,51.4,Medium
902,92,69,51,78,80,2.57,76.6,Low
903,47,72,83,83,84,3.34,78.7,High
904,97,51,29,63,25,2.62,46.6,High
905,67,49,32,68,43,2.1,52.4,Medium
906,75,37,82,72,56,3.66,63.4,Medium
907,65,58,54,93,64,2.62,71.2,Low
908,47,69,80,68,70,2.13,68.0,High
909,97,59,73,85,64,2.15,74.0,Medium
910,99,84,27,82,82,2.5,78.4,Low
911,89,45,48,44,48,2.36,50.6,Medium
912,67,75,60,23,44,3.55,44.7,High
913,67,91,49,70,29,2.64,53.3,Medium
914,76,36,40,30,54,3.61,45.8,High
915,80,74,95,36,74,2.35,65.3,Medium
916,75,88,30,85,44,2.99,62.4,Medium
917,66,85,21,89,64,3.38,69.5,Low
918,93,77,69,92,31,3.3,63.9,Medium
919,56,56,60,88,23,3.2,52.8,High
920,48,82,85,48,86,3.85,70.3,High
921,72,64,22,92,36,2.46,57.8,Medium
922,92,80,99,91,92,2.99,91.2,Low
923,59,66,70,39,84,3.77,64.8,High
924,52,86,87,46,72,2.16,65.1,High
925,67,37,44,27,76,2.11,53.3,Medium
926,87,49,49,80,47,2.47,61.3,Medium
927,68,82,30,47,35,3.27,46.1,High
928,52,41,36,89,40,2.52,55.6,High
929,85,78,45,22,96,2.38,65.8,Medium
930,74,46,42,88,61,2.92,67.0,Low
931,45,93,75,92,73,3.23,78.1,High
932,57,71,71,26,51,2.5,48.1,High
933,90,58,67,79,57,2.6,68.0,Low
934,44,48,39,23,89,3.23,55.6,High
935,86,40,21,24,57,3.89,44.7,High
936,64,79,50,30,73,3.35,57.5,Medium
937,41,87,46,34,79,3.57,59.2,High
938,49,63,21,83,96,2.73,76.6,High
939,95,49,97,32,96,2.54,72.1,Low
940,69,79,23,26,66,2.91,51.3,Medium
941,89,39,32,25,31,3.61,35.9,High
942,98,61,54,75,72,2.91,72.6,Low
943,84,81,91,83,52,3.69,71.3,Low
944,44,44,85,69,47,3.98,56.8,High
945,94,32,25,49,22,2.14,38.6,High
946,95,66,50,41,45,2.09,51.4,Medium
947,72,69,29,44,73,2.3,59.4,Medium
948,93,69,40,47,59,2.77,57.9,Medium
949,40,85,93,58,85,2.26,73.2,High
950,57,52,42,86,87,3.74,75.7,High
951,71,40,22,24,66,2.05,46.9,High
952,86,93,51,84,21,2.63,56.6,Medium
953,88,37,39,34,61,2.37,51.0,Medium
954,50,85,93,86,53,3.86,69.8,High
955,60,89,48,59,40,3.34,53.4,Medium
956,65,39,71,88,63,3.82,69.1,Low
957,64,68,65,96,21,3.94,56.9,Medium
958,61,57,53,62,78,2.99,66.9,Low
959,98,78,80,20,35,2.47,45.6,High
960,66,65,91,41,39,2.39,50.1,Medium
961,88,42,90,81,45,2.45,64.3,Medium
962,52,65,89,98,35,3.42,64.0,High
963,72,55,30,45,89,2.08,64.8,Medium
964,73,33,82,37,42,2.1,46.7,High
965,80,93,40,67,61,3.22,65.8,Low
966,74,67,22,28,56,3.28,47.1,High
967,40,51,29,20,91,3.33,54.4,High
968,60,31,46,28,25,2.74,32.1,High
969,87,60,31,42,56,3.61,52.8,Medium
970,94,40,26,64,41,3.07,51.6,Medium
971,45,75,36,21,25,2.21,31.9,High
972,67,91,84,33,51,3.59,54.5,Medium
973,56,98,83,57,36,3.91,55.2,High
974,44,93,45,59,57,2.12,58.7,High
975,70,39,34,82,36,2.78,53.3,Medium
976,44,69,52,35,56,2.98,49.4,High
977,77,53,81,94,42,2.29,66.1,Medium
978,42,73,66,25,68,3.74,52.8,High
979,92,89,54,22,80,2.57,62.1,Medium
980,62,91,84,33,68,3.57,60.8,Medium
981,76,46,91,85,80,3.34,78.8,Low
982,92,94,95,94,96,3.2,94.7,Low
983,76,86,44,86,51,2.38,66.8,Medium
984,49,84,76,50,82,2.44,68.7,High
985,49,82,51,52,26,2.09,44.2,High
986,58,85,82,20,41,2.48,44.9,High
987,56,38,31,63,25,2.69,41.4,High
988,60,51,82,34,80,3.67,61.5,Medium
989,53,42,96,56,33,2.73,49.1,High
990,48,77,20,46,35,3.51,42.3,High
991,85,47,70,67,22,2.88,49.1,High
992,40,69,89,46,28,3.57,44.8,High
993,90,46,27,31,66,3.95,52.0,Medium
994,84,44,87,86,61,2.48,71.7,Medium
995,52,44,24,49,61,3.72,51.1,High
996,43,92,58,85,42,3.24,61.6,High
997,40,68,42,26,22,3.63,31.6,High
998,88,42,87,53,20,3.3,45.6,High
999,79,61,71,51,86,2.85,70.8,Low
1000,71,38,23,58,90,2.46,66.6,Medium
1001,73,69,66,62,22,2.14,48.2,High
1002,67,49,40,62,68,3.07,61.4,Medium
1003,70,92,75,97,86,3.98,87.2,Low
1004,47,73,85,22,74,3.48,56.7,High
1005,78,67,78,65,23,2.65,51.0,Medium
1006,65,89,26,51,50,3.65,53.3,Medium
1007,97,77,68,62,85,3.54,76.8,Low
1008,73,47,35,22,97,2.56,60.9,Medium
1009,93,45,36,93,83,2.03,78.5,Medium
1010,93,84,94,82,50,2.24,71.7,Medium
1011,42,68,53,59,82,3.75,66.8,High
1012,98,97,52,37,85,3.67,69.8,Low
1013,89,88,45,86,50,2.59,68.0,Low
1014,51,91,85,81,66,2.57,73.4,High
1015,40,42,82,29,41,3.59,41.5,High
1016,93,35,60,71,93,3.88,77.3,Low
1017,83,89,77,92,65,3.56,78.5,Low
1018,44,43,98,65,77,3.21,68.8,High
1019,69,83,29,74,80,2.49,72.3,Medium
1020,69,33,34,65,65,3.05,59.1,Medium
1021,98,68,61,94,20,2.47,58.9,Medium
1022,96,54,76,79,44,3.62,63.9,Medium
1023,56,61,36,45,80,2.77,60.8,High
1024,87,88,79,46,33,3.67,52.4,Medium
1025,86,92,28,57,64,2.76,63.3,Medium
1026,62,67,55,41,96,3.65,69.1,Low
1027,54,82,92,45,58,2.67,59.5,High
1028,76,96,99,88,85,2.88,87.5,Low
1029,60,57,55,54,51,3.23,53.8,Medium
1030,53,32,67,85,77,2.14,71.5,High
1031,41,51,70,92,75,3.9,73.8,High
1032,50,67,89,70,25,3.15,51.6,High
1033,90,91,93,37,86,3.02,72.9,Low
1034,78,86,99,62,69,3.68,72.5,Low
1035,77,35,87,31,57,3.73,52.0,Medium
1036,99,61,41,22,22,3.04,35.5,High
1037,73,39,96,26,24,3.85,38.2,High
1038,77,32,99,25,43,2.13,45.5,High
1039,89,88,25,64,73,2.23,68.6,Medium
1040,73,78,45,58,53,3.19,58.2,Medium
1041,57,88,94,70,58,2.71,68.1,High
1042,69,60,22,28,67,2.93,50.3,Medium
1043,54,98,71,42,68,2.66,62.1,High
1044,66,91,93,31,53,2.81,55.5,Medium
1045,90,81,79,81,99,3.65,88.9,Low
1046,73,70,82,92,26,3.19,60.5,Medium
1047,91,60,84,96,37,3.99,67.1,Low
1048,96,51,71,59,89,3.57,75.1,Low
1049,77,33,95,73,53,2.55,63.6,Medium
1050,72,42,33,26,70,2.53,50.5,Medium
1051,63,74,91,36,87,2.67,68.4,Low
1052,54,71,87,69,33,3.69,55.1,High
1053,99,78,47,43,88,2.05,70.5,Medium
1054,69,49,90,21,27,2.46,37.9,High
1055,94,83,29,52,34,3.81,49.8,High
1056,81,65,76,40,78,3.28,65.4,Low
1057,90,30,85,93,30,2.45,60.4,Medium
1058,56,44,69,72,39,2.44,54.1,High
1059,44,46,33,65,74,3.73,61.4,High
1060,68,53,35,64,55,3.79,56.8,Medium
1061,43,87,73,28,33,2.51,41.9,High
1062,49,52,62,25,77,2.84,54.6,High
1063,95,75,61,70,57,3.67,66.9,Low
1064,56,37,41,54,99,3.54,69.2,High
1065,49,88,87,72,20,3.63,52.0,High
1066,56,88,38,38,84,3.04,63.2,High
1067,99,42,85,88,20,3.82,57.0,Medium
1068,59,68,58,44,79,2.65,63.3,High
1069,63,57,92,30,44,2.31,47.8,High
1070,44,90,38,93,29,3.42,56.7,High
1071,73,45,35,36,69,3.08,53.7,Medium
1072,45,31,73,55,31,3.71,43.8,High
1073,92,46,44,40,51,2.16,50.6,Medium
1074,41,59,37,37,52,3.69,45.6,High
1075,52,42,42,79,91,2.59,73.7,High
1076,82,42,30,37,45,3.31,44.5,High
1077,82,72,58,20,61,2.08,51.6,Medium
1078,87,50,87,33,69,3.22,59.9,Medium
1079,50,84,44,27,80,3.43,57.9,High
1080,90,69,82,85,60,2.74,73.6,Low
1081,86,44,49,70,76,2.43,69.3,Medium
1082,96,81,64,98,21,3.08,61.9,Medium
1083,62,82,80,79,89,3.67,81.7,Low
1084,94,81,70,53,50,2.65,60.4,Medium
1085,55,59,28,55,42,2.5,47.5,High
1086,70,62,95,81,95,2.56,85.0,Low
1087,50,86,21,20,73,3.9,50.9,High
1088,93,81,24,61,47,2.72,56.9,Medium
1089,55,38,81,20,98,2.01,62.6,High
1090,47,83,88,73,38,3.56,58.9,High
1091,43,30,71,66,95,3.4,72.2,High
1092,79,73,24,58,67,2.26,61.8,Medium
1093,43,38,78,49,21,3.97,39.0,High
1094,95,61,87,26,30,3.22,44.1,High
1095,64,44,28,41,63,3.0,51.1,Medium
1096,42,41,41,69,78,2.76,64.3,High
1097,71,86,46,64,78,3.8,70.7,Low
1098,42,37,29,93,57,2.49,61.5,High
1099,66,56,99,91,44,2.57,67.0,Low
1100,68,91,80,29,40,2.24,48.6,High
1101,71,41,70,33,61,3.52,52.5,Medium
1102,89,94,29,65,55,3.19,62.7,Medium
1103,97,71,25,94,28,3.22,58.7,Medium
1104,90,91,81,25,31,2.44,46.1,High
1105,58,40,24,40,29,3.3,35.8,High
1106,60,72,89,81,78,3.53,77.6,Low
1107,44,46,82,38,24,2.72,38.2,High
1108,57,61,75,81,52,3.6,64.4,High
1109,67,69,78,72,88,2.7,78.2,Low
1110,81,52,82,43,99,3.52,74.0,Low
1111,61,85,78,75,82,2.07,77.7,Medium
1112,60,35,70,81,48,3.1,60.0,Medium
1113,45,79,69,53,37,3.94,50.0,High
1114,40,66,23,41,25,3.96,35.2,High
1115,44,93,67,87,72,2.56,75.3,High
1116,80,83,51,76,51,2.88,64.6,Medium
1117,51,78,70,29,61,2.13,53.0,High
1118,65,40,71,85,66,3.75,69.5,Low
1119,85,78,93,27,50,3.14,53.7,Medium
1120,73,50,53,57,81,2.77,67.1,Low
1121,88,95,55,81,75,2.23,78.1,Medium
1122,53,92,89,47,30,3.89,49.5,High
1123,65,57,62,29,45,3.06,45.1,High
1124,84,46,35,64,46,2.57,54.1,Medium
1125,66,35,78,84,76,2.7,73.5,Low
1126,48,48,72,86,46,2.54,61.0,High
1127,65,85,38,28,78,3.2,58.4,Medium
1128,96,57,60,24,81,3.86,60.9,Medium
1129,86,95,66,29,39,3.71,49.0,High
1130,96,67,73,31,22,2.92,41.7,High
1131,61,66,74,77,35,3.65,57.2,Medium
1132,86,97,38,40,63,2.85,59.3,Medium
1133,95,78,81,40,98,2.5,76.6,Low
1134,69,72,78,84,49,3.97,66.7,Low
1135,82,65,84,22,59,2.61,53.3,Medium
1136,87,87,87,88,84,2.65,86.1,Low
1137,56,42,47,83,48,3.98,58.6,High
1138,65,81,37,68,49,2.27,58.3,Medium
1139,75,87,45,91,51,3.52,68.4,Low
1140,40,61,38,36,29,3.87,36.3,High
1141,47,89,74,92,70,3.02,76.6,High
1142,88,87,76,51,27,2.01,51.2,Medium
1143,74,85,25,89,70,2.75,73.1,Low
1144,91,57,20,40,55,2.22,50.8,Medium
1145,54,30,27,26,74,2.83,48.5,High
1146,86,71,70,26,54,3.58,52.1,Medium
1147,95,77,44,46,55,2.88,57.4,Medium
1148,61,69,66,27,75,2.86,57.7,Medium
1149,53,92,74,92,55,3.11,71.5,High
1150,65,33,83,47,80,3.16,64.2,Medium
1151,67,67,29,98,81,3.71,78.1,Low
1152,62,56,75,85,44,2.62,62.4,Medium
1153,53,38,31,90,83,3.64,72.4,High
1154,63,45,52,66,79,3.13,67.4,Low
1155,41,85,90,29,76,2.6,60.7,High
1156,84,60,36,52,89,2.59,69.2,Low
1157,65,43,80,26,71,2.72,55.0,Medium
1158,53,54,29,22,75,3.25,50.2,High
1159,98,63,50,33,82,2.46,63.8,Medium
1160,95,96,79,63,87,3.84,80.7,Low
1161,90,53,89,65,39,3.15,58.3,Medium
1162,46,55,36,80,73,3.84,66.9,High
1163,42,49,69,55,20,2.09,40.5,High
1164,86,93,56,32,29,2.69,44.7,High
1165,62,39,81,35,42,2.05,45.5,High
1166,85,96,99,99,70,2.54,85.7,Low
1167,82,53,91,24,43,3.72,47.0,High
1168,86,34,96,57,32,2.07,51.5,Medium
1169,99,96,48,69,48,2.87,64.2,Medium
1170,84,87,51,57,77,2.24,70.1,Medium
1171,57,56,99,75,62,2.83,68.5,High
1172,97,44,30,82,29,3.68,53.3,Medium
1173,77,64,25,67,50,3.25,56.7,Medium
1174,74,82,54,78,93,3.47,81.6,Low
1175,90,73,52,96,33,2.7,63.5,Medium
1176,54,55,37,63,53,3.89,54.7,High
1177,64,76,56,74,36,3.42,56.2,Medium
1178,94,63,32,74,40,2.84,57.1,Medium
1179,76,79,93,20,86,2.85,65.2,Low
1180,67,41,83,27,77,3.84,58.0,Medium
1181,49,33,20,23,98,3.15,56.3,High
1182,78,77,82,72,27,3.41,56.1,Medium
1183,96,84,53,77,57,2.83,69.2,Low
1184,56,30,29,56,45,2.45,46.3,High
1185,78,95,26,68,83,3.45,73.5,Low
1186,61,59,75,86,49,3.22,64.9,Medium
1187,65,32,99,38,28,3.0,42.2,High
1188,83,50,56,20,51,3.25,45.3,High
1189,64,78,48,48,30,2.42,45.4,High
1190,56,91,31,52,53,3.59,54.6,High
1191,52,67,36,71,37,3.9,51.6,High
1192,59,44,67,60,38,3.78,50.2,High
1193,64,81,45,42,73,2.64,60.8,Medium
1194,43,75,31,24,56,2.81,44.5,High
1195,49,54,40,90,31,3.62,53.7,High
1196,42,50,61,76,23,3.19,47.3,High
1197,80,34,80,25,62,3.1,51.7,Medium
1198,84,99,77,68,46,3.85,64.8,Medium
1199,57,76,73,41,70,3.07,60.9,High
1200,86,97,53,96,24,3.03,62.0,Medium
1201,75,47,26,95,25,2.08,53.3,Medium
1202,86,50,54,23,96,2.14,64.3,Medium
1203,61,52,34,91,75,2.01,72.0,Medium
1204,73,93,84,83,87,3.83,84.7,Low
1205,86,96,44,56,63,2.82,64.6,Medium
1206,47,69,78,50,34,2.94,48.0,High
1207,79,39,98,56,61,3.69,62.8,Medium
1208,88,81,25,64,30,3.22,50.6,Medium
1209,83,90,71,27,92,3.22,69.3,Low
1210,58,93,98,59,30,2.59,54.6,High
1211,81,34,40,24,85,3.67,56.7,Medium
1212,80,82,90,47,46,2.33,57.7,Medium
1213,76,84,51,28,77,2.11,60.3,Medium
1214,45,66,72,21,91,2.38,61.0,High
1215,91,85,78,82,40,2.54,66.0,Low
1216,65,88,88,70,40,2.56,61.1,Medium
1217,73,98,81,50,91,3.34,76.6,Low
1218,98,88,23,26,20,2.44,36.7,High
1219,95,31,37,49,77,3.35,61.8,Medium
1220,98,94,75,77,32,2.18,62.6,Medium
1221,84,89,43,22,92,2.29,65.0,Medium
1222,45,80,85,70,25,3.02,52.0,High
1223,76,59,32,75,77,3.84,70.0,Low
1224,96,40,81,92,36,3.72,63.7,Medium
1225,72,68,73,29,92,3.94,66.8,Low
1226,92,92,34,80,31,3.3,58.2,Medium
1227,61,93,88,69,71,3.35,73.3,Low
1228,60,90,22,66,95,3.25,75.0,Low
1229,45,83,56,20,89,3.25,60.0,High
1230,45,87,56,76,92,2.29,78.4,High
1231,94,85,22,57,71,3.09,65.6,Low
1232,87,63,82,81,56,2.77,69.9,Low
1233,43,60,54,98,22,2.89,53.9,High
1234,69,81,71,89,27,3.05,59.6,Medium
1235,50,30,47,84,29,2.26,49.5,High
1236,69,84,37,81,66,2.72,69.7,Low
1237,70,51,55,75,60,2.13,64.1,Medium
1238,63,69,52,86,83,3.96,77.4,Low
1239,94,30,83,36,61,2.24,55.9,Medium
1240,48,94,45,27,62,2.52,51.6,High
1241,94,92,67,79,28,3.78,60.2,Medium
1242,42,83,59,59,33,2.97,49.3,High
1243,90,71,36,81,23,2.27,53.2,Medium
1244,70,50,59,60,21,2.77,44.3,High
1245,79,51,26,31,20,2.23,32.9,High
1246,76,67,76,73,94,2.4,81.4,Medium
1247,75,37,27,30,84,2.1,56.5,Medium
1248,63,91,75,79,65,2.88,72.6,Low
1249,70,76,50,87,78,3.61,76.9,Low
1250,45,46,78,97,94,3.17,83.6,High
1251,41,46,77,65,26,3.21,46.3,High
1252,59,42,31,57,85,2.4,64.3,High
1253,67,46,67,80,34,2.69,55.6,Medium
1254,50,67,50,36,91,3.69,63.9,High
1255,43,74,82,85,66,2.18,71.8,High
1256,54,35,93,91,59,3.72,69.1,High
1257,45,64,58,55,61,2.97,57.6,High
1258,93,43,95,93,70,3.67,79.0,Low
1259,88,90,39,26,54,2.64,51.1,Medium
1260,69,44,67,35,60,2.68,52.5,Medium
1261,95,83,90,33,76,3.5,67.1,Low
1262,77,56,73,99,57,3.57,73.1,Low
1263,90,42,97,44,91,2.46,72.5,Medium
1264,96,60,94,23,27,3.95,42.7,High
1265,41,64,90,48,93,2.17,71.1,High
1266,54,89,48,75,82,2.14,74.4,High
1267,50,35,93,25,23,3.19,34.5,High
1268,47,98,92,20,67,3.45,56.5,High
1269,65,87,67,58,71,3.92,67.7,Low
1270,90,78,93,20,57,2.81,54.9,Medium
1271,84,52,75,82,24,2.05,55.3,Medium
1272,83,63,36,76,89,3.21,76.6,Low
1273,44,55,28,86,43,2.58,55.7,High
1274,45,76,53,84,96,2.87,81.0,High
1275,65,34,64,84,36,2.98,55.9,Medium
1276,93,49,28,40,97,2.13,67.8,Medium
1277,43,35,26,49,45,2.97,43.1,High
1278,58,99,35,52,22,2.85,43.6,High
1279,59,88,38,67,21,3.43,47.0,High
1280,72,93,25,41,21,3.29,39.7,High
1281,59,47,30,73,41,2.37,51.9,High
1282,88,33,95,23,90,2.41,64.5,Medium
1283,51,46,80,74,23,2.5,49.1,High
1284,86,43,61,63,57,2.36,60.7,Medium
1285,40,42,32,31,89,3.31,56.3,High
1286,65,36,31,98,92,3.99,79.4,Low
1287,53,73,93,93,71,3.3,78.2,High
1288,77,44,39,71,50,3.21,57.3,Medium
1289,76,48,69,95,45,2.82,65.8,Low
1290,50,92,55,84,55,2.63,66.9,High
1291,75,64,88,84,45,3.82,65.9,Low
1292,52,64,56,29,47,3.94,44.7,High
1293,82,48,31,37,24,2.99,36.8,High
1294,42,49,59,66,93,2.58,72.0,High
1295,72,64,73,85,37,3.54,61.2,Medium
1296,45,61,21,68,34,2.26,46.7,High
1297,89,77,69,91,76,3.53,81.2,Low
1298,95,73,60,41,24,3.64,44.7,High
1299,49,53,64,45,56,2.25,52.5,High
1300,44,90,28,28,41,3.95,41.0,High
1301,62,46,81,40,71,3.97,59.3,Medium
1302,49,79,66,82,34,3.87,57.6,High
1303,83,94,24,25,36,2.99,42.0,High
1304,41,61,95,33,70,2.49,57.6,High
1305,52,65,20,52,64,3.16,54.9,High
1306,79,42,63,90,82,2.84,78.2,Low
1307,41,99,41,43,47,2.41,49.8,High
1308,59,87,57,92,78,2.85,79.1,High
1309,40,43,38,94,40,3.33,56.3,High
1310,76,66,99,70,61,2.14,69.5,Medium
1311,48,97,50,21,88,2.67,61.0,High
1312,56,69,86,34,36,2.04,45.7,High
1313,48,88,61,54,87,3.5,70.7,High
1314,50,45,45,55,26,3.28,40.9,High
1315,54,91,32,58,59,2.13,58.7,High
1316,63,33,77,23,59,3.93,47.8,High
1317,77,74,37,83,62,2.05,68.5,Medium
1318,94,57,86,93,92,3.18,88.4,Low
1319,74,95,22,25,70,3.55,54.6,Medium
1320,69,60,74,76,92,3.58,79.9,Low
1321,70,32,77,49,42,2.07,49.4,High
1322,88,37,82,93,51,3.81,69.0,Low
1323,44,53,71,86,50,3.84,62.6,High
1324,99,44,43,34,36,3.12,43.2,High
1325,83,72,91,36,77,2.96,66.2,Low
1326,89,60,28,37,54,2.09,50.4,Medium
1327,53,74,56,38,49,3.12,49.3,High
1328,92,95,72,95,83,2.82,87.6,Low
1329,95,37,99,88,72,3.55,78.3,Low
1330,50,86,43,43,70,2.81,58.8,High
1331,48,59,40,67,56,3.37,57.2,High
1332,73,47,59,49,25,2.2,42.6,High
1333,51,98,81,34,53,2.27,54.4,High
1334,74,68,89,66,75,2.28,72.9,Medium
1335,74,89,88,63,44,2.09,61.6,Medium
1336,40,72,33,46,32,3.08,41.1,High
1337,79,74,61,83,82,3.59,79.1,Low
1338,61,52,69,60,85,3.22,70.2,Low
1339,99,98,80,87,24,3.15,63.4,Medium
1340,68,35,23,24,94,3.36,57.4,Medium
1341,47,85,91,72,30,2.68,55.9,High
1342,50,33,94,27,97,2.72,64.6,High
1343,80,52,36,41,63,2.63,54.3,Medium
1344,76,35,76,26,88,3.42,61.7,Medium
1345,53,61,67,41,21,2.32,38.8,High
1346,99,47,63,65,59,2.03,64.0,Medium
1347,69,44,64,49,56,3.19,54.8,Medium
1348,74,69,99,35,68,3.88,61.9,Medium
1349,60,35,52,98,94,3.22,81.7,Low
1350,76,92,50,24,55,3.57,51.0,Medium
1351,44,96,66,86,94,3.35,84.0,High
1352,58,40,25,42,92,2.99,61.7,High
1353,98,72,91,80,89,3.44,85.7,Low
1354,53,46,90,93,53,3.65,68.0,High
1355,65,33,53,24,77,2.45,53.1,Medium
1356,43,92,72,42,56,2.67,55.7,High
1357,64,97,33,98,79,2.45,80.4,Medium
1358,84,70,35,44,31,2.9,44.5,High
1359,81,34,62,27,51,3.77,46.2,High
1360,64,61,92,40,23,2.69,42.9,High
1361,57,99,93,21,52,2.75,52.0,High
1362,79,64,31,41,62,3.72,54.5,Medium
1363,47,51,89,91,28,3.03,57.2,High
1364,78,94,38,91,70,3.07,76.3,Low
1365,79,51,60,87,39,3.72,60.7,Medium
1366,53,40,72,83,58,2.98,64.6,High
1367,71,32,48,38,42,3.36,43.3,High
1368,90,38,89,72,60,2.17,67.3,Medium
1369,77,89,78,71,63,2.36,70.9,Medium
1370,72,43,83,66,54,2.81,61.2,Medium
1371,62,47,43,73,42,2.99,53.9,Medium
1372,54,52,35,63,77,3.93,63.8,High
1373,72,76,71,26,67,3.94,56.5,Medium
1374,64,98,99,20,77,3.7,62.9,Medium
1375,56,76,25,82,76,2.63,70.7,High
1376,72,59,56,58,58,3.93,59.3,Medium
1377,86,54,23,38,47,3.38,46.5,High
1378,94,57,57,50,83,2.79,69.0,Low
1379,41,54,60,96,81,3.4,76.7,High
1380,53,87,33,43,81,2.03,62.6,High
1381,92,70,90,88,45,2.29,69.6,Medium
1382,79,54,70,84,70,3.66,73.5,Low
1383,79,77,84,52,69,3.29,67.2,Low
1384,90,39,71,78,55,2.73,65.4,Low
1385,78,40,49,52,45,3.0,50.3,Medium
1386,90,50,76,51,52,3.81,57.7,Medium
1387,45,74,98,78,87,3.26,79.9,High
1388,45,36,49,60,92,2.8,67.8,High
1389,42,93,61,31,27,2.24,39.7,High
1390,46,93,30,92,85,2.59,78.5,High
1391,90,31,46,30,42,3.96,42.5,High
1392,47,71,43,38,89,2.87,63.1,High
1393,81,83,58,73,74,2.94,73.7,Low
1394,91,45,91,76,62,3.0,70.3,Low
1395,54,47,37,61,40,3.77,48.1,High
1396,86,88,96,90,41,3.21,70.4,Low
1397,68,45,64,50,28,3.39,43.9,High
1398,72,35,31,71,53,2.78,56.3,Medium
1399,91,86,68,21,78,2.06,62.0,Medium
1400,69,76,50,57,45,3.86,54.6,Medium
1401,78,77,41,51,20,3.9,42.9,High
1402,66,71,63,29,24,3.9,38.3,High
1403,75,89,83,27,60,3.89,56.8,Medium
1404,68,33,96,94,82,3.63,80.7,Low
1405,77,31,44,39,41,3.37,43.3,High
1406,96,88,70,39,87,3.69,71.9,Low
1407,72,56,26,28,67,3.2,50.6,Medium
1408,76,56,25,91,85,2.27,77.0,Medium
1409,66,36,43,34,35,2.78,38.7,High
1410,94,92,38,82,99,3.94,86.6,Low
1411,72,75,28,40,72,2.7,58.3,Medium
1412,43,92,55,24,84,3.74,59.8,High
1413,61,41,59,54,98,2.19,71.5,Medium
1414,41,42,43,87,83,2.67,71.9,High
1415,49,72,67,67,87,2.7,73.7,High
1416,44,46,82,99,82,2.1,79.7,High
1417,98,92,88,81,81,2.24,84.5,Medium
1418,49,65,72,54,90,2.39,70.8,High
1419,72,37,73,89,64,3.68,70.5,Low
1420,93,98,61,40,71,2.13,65.6,Medium
1421,77,65,64,99,93,2.6,87.5,Low
1422,52,57,33,58,84,2.02,65.2,High
1423,70,76,48,53,21,3.39,43.7,High
1424,86,59,25,34,68,3.24,54.4,Medium
1425,75,52,26,25,41,3.29,39.2,High
1426,84,45,56,85,48,2.75,63.2,Medium
1427,63,43,72,75,54,2.42,61.9,Medium
1428,91,81,37,68,95,3.44,79.3,Low
1429,95,66,57,20,43,3.62,45.0,High
1430,54,58,78,84,49,2.28,63.8,High
1431,68,96,20,47,61,2.97,56.9,Medium
1432,47,44,87,39,90,2.5,65.5,High
1433,44,76,63,67,69,2.34,66.0,High
1434,68,75,66,91,90,3.47,84.2,Low
1435,86,81,54,84,79,3.08,78.9,Low
1436,43,48,79,70,49,2.43,57.6,High
1437,51,50,71,62,31,2.62,48.2,High
1438,84,93,27,68,68,3.93,68.0,Low
1439,41,66,99,44,65,3.7,59.8,High
1440,66,56,60,93,62,3.76,70.9,Low
1441,70,84,22,95,21,2.92,54.5,Medium
1442,90,58,88,60,94,3.25,79.2,Low
1443,90,49,33,90,99,2.75,83.8,Low
1444,75,54,45,83,73,2.16,71.5,Medium
1445,75,99,89,80,54,2.8,71.9,Low
1446,65,92,77,31,71,3.19,61.1,Medium
1447,82,65,59,88,52,2.57,67.8,Low
1448,66,31,70,33,91,3.7,63.0,Medium
1449,44,51,24,53,70,2.3,55.8,High
1450,59,45,96,67,45,2.73,58.1,High
1451,50,47,51,80,81,2.25,71.2,High
1452,49,98,99,54,80,2.81,72.8,High
1453,79,83,20,84,45,2.08,61.4,Medium
1454,77,59,96,78,56,2.55,69.0,Low
1455,45,74,73,55,49,2.8,55.3,High
1456,47,48,30,98,30,2.96,53.9,High
1457,62,63,72,38,72,3.09,59.9,Medium
1458,86,42,27,61,60,2.55,57.8,Medium
1459,65,72,44,88,24,3.05,54.1,Medium
1460,85,91,59,38,85,3.02,68.9,Low
1461,82,51,51,58,32,2.63,48.6,High
1462,51,81,47,88,82,3.66,77.1,High
1463,65,81,97,71,44,3.09,63.2,Medium
1464,52,65,22,31,63,2.66,48.4,High
1465,79,48,98,66,33,3.89,55.5,Medium
1466,57,67,81,95,88,3.69,84.2,High
1467,64,99,46,55,78,3.97,68.6,Low
1468,72,86,64,82,75,3.38,76.8,Low
1469,86,49,44,95,71,2.76,74.8,Low
1470,79,38,80,70,85,2.56,74.7,Low
1471,99,61,63,62,87,3.33,75.7,Low
1472,82,33,65,53,31,3.96,46.3,High
1473,51,79,33,68,94,3.25,74.3,High
1474,83,34,27,37,87,3.76,60.3,Medium
1475,75,49,67,80,62,2.66,67.9,Low
1476,87,66,33,76,92,2.81,78.2,Low
1477,43,51,84,24,93,3.81,62.2,High
1478,44,87,99,43,25,3.51,45.9,High
1479,95,97,26,83,34,3.96,60.3,Medium
1480,76,73,98,78,61,3.55,72.5,Low
1481,47,63,68,57,50,2.9,54.9,High
1482,81,71,74,52,72,3.06,67.0,Low
1483,88,38,32,29,25,3.8,34.5,High
1484,67,36,92,56,52,3.1,57.1,Medium
1485,70,97,75,30,48,2.51,52.4,Medium
1486,97,48,75,43,40,2.87,50.9,Medium
1487,48,60,34,90,73,3.03,70.4,High
1488,93,64,76,40,75,2.19,65.3,Medium
1489,90,86,77,39,40,3.49,53.0,Medium
1490,68,90,54,29,74,2.22,59.5,Medium
1491,53,60,35,66,77,2.81,65.4,High
1492,79,82,27,66,83,3.61,71.8,Low
1493,80,61,64,34,65,2.94,56.7,Medium
1494,61,95,59,63,41,3.68,56.8,Medium
1495,50,88,73,81,79,2.68,77.0,High
1496,62,39,33,25,30,3.92,32.9,High
1497,40,31,78,85,66,2.42,66.8,High
1498,85,95,72,95,50,2.08,73.7,Medium
1499,76,89,46,23,96,3.74,66.4,Low
1500,60,46,66,42,37,3.5,44.6,High
1501,65,45,99,32,41,2.46,46.9,High
1502,85,45,25,50,75,3.97,60.5,Medium
1503,75,75,74,35,36,3.0,47.3,High
1504,93,68,63,60,57,3.9,63.2,Medium
1505,62,60,37,20,44,3.01,39.5,High
1506,96,30,35,31,51,2.94,45.8,High
1507,40,40,31,75,34,2.9,47.2,High
1508,93,33,39,69,32,2.67,50.0,Medium
1509,94,55,64,39,77,3.07,63.8,Medium
1510,90,79,83,85,69,2.91,78.3,Low
1511,79,41,78,55,30,2.07,48.3,High
1512,54,94,41,98,32,2.52,61.1,High
1513,60,76,66,57,69,2.43,64.9,Medium
1514,86,82,48,41,57,3.73,56.7,Medium
1515,48,31,64,80,20,3.2,46.3,High
1516,92,53,96,69,58,3.53,68.0,Low
1517,48,33,28,78,46,3.91,52.7,High
1518,49,48,43,39,55,3.29,47.7,High
1519,91,55,34,55,51,3.97,54.9,Medium
1520,96,69,55,34,60,2.62,56.2,Medium
1521,92,79,32,81,34,2.37,58.2,Medium
1522,65,72,63,22,50,2.81,46.6,High
1523,80,96,90,24,25,2.94,43.8,High
1524,74,41,91,75,71,3.79,71.5,Low
1525,91,96,97,50,41,3.12,59.8,Medium
1526,64,56,95,54,50,2.58,57.7,Medium
1527,65,83,55,90,92,3.49,84.1,Low
1528,50,95,80,89,65,3.01,75.2,High
1529,77,78,59,45,86,2.32,69.3,Medium
1530,41,45,46,20,62,3.15,44.0,High
1531,46,31,20,26,20,3.82,25.5,High
1532,57,89,53,55,63,3.69,61.6,High
1533,66,83,87,95,76,3.17,82.5,Low
1534,73,59,40,44,28,2.75,41.6,High
1535,66,67,52,78,24,2.17,51.5,Medium
1536,56,57,26,80,98,2.94,77.1,High
1537,82,54,84,48,28,3.5,47.6,High
1538,98,39,22,37,64,2.72,52.6,Medium
1539,83,89,70,60,96,2.47,80.6,Medium
1540,98,71,98,38,43,3.86,55.3,Medium
1541,90,69,73,23,93,3.64,67.3,Low
1542,93,71,99,84,61,3.28,75.9,Low
1543,63,76,93,60,41,2.27,57.6,Medium
1544,64,66,78,34,79,2.29,62.6,Medium
1545,46,51,25,73,56,2.21,56.5,High
1546,91,86,48,83,58,3.23,70.6,Low
1547,45,56,36,91,93,2.23,78.2,High
1548,92,70,79,34,93,3.69,71.5,Low
1549,63,63,41,98,72,3.99,74.9,Low
1550,72,61,43,69,47,2.73,57.1,Medium
1551,88,95,70,41,96,2.91,76.0,Low
1552,68,41,69,37,34,3.42,42.5,High
1553,82,69,30,99,79,3.87,79.4,Low
1554,61,39,75,21,79,3.79,55.4,Medium
1555,65,77,90,55,25,2.12,49.7,High
1556,67,49,61,39,71,2.34,57.8,Medium
1557,89,68,58,35,31,3.51,44.4,High
1558,60,89,88,86,38,3.38,64.7,Medium
1559,88,95,67,49,94,2.27,77.3,Medium
1560,46,94,76,74,21,3.0,52.2,High
1561,56,80,40,85,74,3.56,72.7,High
1562,59,65,39,45,34,2.44,43.4,High
1563,80,53,34,76,83,3.74,72.7,Low
1564,88,56,88,88,88,2.11,84.8,Medium
1565,59,31,96,21,34,3.56,38.5,High
1566,93,60,70,75,62,3.23,69.6,Low
1567,61,86,95,81,93,2.63,85.7,Low
1568,67,95,81,53,36,3.44,54.6,Medium
1569,79,58,56,75,43,3.56,59.0,Medium
1570,88,44,25,74,93,3.87,75.1,Low
1571,46,41,90,39,49,2.74,49.0,High
1572,40,57,45,69,86,3.37,69.3,High
1573,71,53,27,44,70,3.21,56.3,Medium
1574,52,50,92,44,79,3.05,64.2,High
1575,69,39,23,72,22,3.78,43.5,High
1576,62,47,40,33,24,2.01,34.4,High
1577,90,43,50,79,47,2.56,60.8,Medium
1578,98,63,40,62,97,3.08,77.5,Low
1579,95,87,44,81,30,2.36,58.9,Medium
1580,58,51,34,95,91,3.82,79.2,High
1581,71,99,54,88,91,3.3,85.2,Low
1582,69,65,68,82,95,2.96,82.8,Low
1583,68,74,62,21,34,3.63,40.3,High
1584,88,65,60,73,67,2.9,70.0,Low
1585,84,51,56,35,65,3.12,55.6,Medium
1586,68,90,76,74,47,2.01,64.4,Medium
1587,69,85,61,62,26,2.73,50.5,Medium
1588,55,62,66,80,90,2.28,78.3,High
1589,79,74,80,57,25,3.38,50.4,Medium
1590,58,65,33,64,77,2.96,65.6,High
1591,57,49,87,70,87,2.6,75.1,High
1592,40,47,72,61,74,2.94,63.8,High
1593,53,67,53,43,86,2.42,64.6,High
1594,90,96,95,49,68,3.85,70.0,Low
1595,86,52,43,56,70,2.11,62.9,Medium
1596,89,45,39,72,78,3.73,70.1,Low
1597,41,88,88,82,25,3.02,56.3,High
1598,93,98,49,30,70,3.24,61.0,Medium
1599,67,97,26,97,57,2.61,70.9,Low
1600,88,50,55,42,30,3.93,43.9,High
1601,89,99,57,99,71,2.56,82.6,Low
1602,69,41,99,69,39,3.18,57.2,Medium
1603,77,45,71,74,29,3.99,53.1,Medium
1604,90,43,34,74,45,3.76,56.9,Medium
1605,43,90,65,23,67,3.07,53.5,High
1606,40,75,42,73,33,3.98,50.8,High
1607,47,61,31,80,78,3.4,69.1,High
1608,68,44,63,97,31,2.42,59.0,Medium
1609,94,73,34,24,42,2.81,44.1,High
1610,78,46,68,37,91,2.67,66.7,Low
1611,42,70,40,63,58,2.69,57.3,High
1612,71,83,34,50,28,3.52,45.0,High
1613,49,73,33,40,44,3.17,45.1,High
1614,49,34,61,66,36,2.08,48.6,High
1615,58,56,99,49,61,3.75,60.4,High
1616,85,72,34,74,48,2.59,60.5,Medium
1617,73,60,82,87,79,3.99,79.2,Low
1618,99,46,87,88,86,3.91,84.0,Low
1619,72,83,46,60,76,3.88,68.5,Low
1620,62,91,72,64,91,3.62,78.1,Low
1621,94,61,71,93,33,2.44,63.7,Medium
1622,67,69,82,99,58,3.07,74.7,Low
1623,71,42,92,49,35,2.45,49.2,High
1624,89,64,72,96,37,2.52,66.1,Low
1625,46,34,76,64,94,3.22,72.4,High
1626,68,58,71,64,39,2.08,54.5,Medium
1627,47,99,62,98,65,3.94,76.2,High
1628,40,54,26,64,64,3.84,56.8,High
1629,96,51,61,74,23,2.76,52.2,Medium
1630,94,95,23,78,39,3.03,60.2,Medium
1631,42,74,88,24,30,2.93,39.6,High
1632,63,98,24,51,84,3.76,67.4,Low
1633,62,30,94,25,37,3.38,40.9,High
1634,98,73,99,45,58,2.56,63.7,Medium
1635,47,68,60,56,63,2.89,59.5,High
1636,93,83,23,32,37,2.86,44.3,High
1637,96,58,21,88,66,3.92,70.3,Low
1638,86,83,86,44,50,2.35,58.7,Medium
1639,76,45,40,32,58,2.18,48.9,High
1640,42,49,89,39,57,3.76,52.5,High
1641,90,75,62,91,98,3.79,89.2,Low
1642,72,96,88,79,66,3.74,75.7,Low
1643,67,94,28,92,89,3.02,82.1,Low
1644,86,87,47,40,27,3.32,44.8,High
1645,47,82,45,80,84,3.13,75.0,High
1646,73,30,22,98,32,2.14,54.7,Medium
1647,74,95,92,45,74,3.19,69.2,Low
1648,71,58,68,73,62,2.03,66.4,Medium
1649,63,99,36,61,23,2.65,47.3,High
1650,53,37,82,30,90,3.86,62.2,High
1651,71,58,74,56,79,2.61,68.7,Low
1652,95,80,42,30,31,3.88,43.1,High
1653,85,62,53,46,78,2.5,65.0,Medium
1654,82,32,88,53,96,2.63,74.5,Low
1655,55,89,34,57,73,3.26,64.1,High
1656,43,64,66,80,63,3.52,66.5,High
1657,91,98,22,72,35,3.0,56.7,Medium
1658,76,49,47,84,25,3.76,52.4,Medium
1659,93,68,22,22,33,2.08,38.1,High
1660,60,33,23,86,77,3.84,68.2,Low
1661,53,48,50,47,50,2.39,49.2,High
1662,70,74,64,33,60,3.77,54.7,Medium
1663,94,72,78,71,54,2.8,67.3,Low
1664,87,42,64,49,29,3.67,45.6,High
1665,57,42,94,77,49,3.34,62.0,High
1666,46,89,56,73,63,2.35,66.2,High
1667,49,86,84,88,74,3.84,77.9,High
1668,46,81,28,34,90,2.49,61.7,High
1669,72,82,36,57,37,2.49,50.9,Medium
1670,62,72,84,97,98,3.63,90.1,Low
1671,60,71,22,33,58,2.21,48.4,High
1672,58,55,45,76,61,2.44,63.0,High
1673,87,52,72,78,73,3.01,73.7,Low
1674,58,72,50,27,49,3.66,45.7,High
1675,75,57,45,91,39,2.29,60.6,Medium
1676,68,38,42,38,61,3.1,50.6,Medium
1677,99,49,49,51,24,3.42,44.6,High
1678,57,85,29,48,69,3.72,59.1,High
1679,41,68,91,60,60,3.87,62.0,High
1680,40,80,83,94,58,3.57,71.7,High
1681,86,41,41,64,76,3.31,66.4,Low
1682,44,84,34,32,76,2.87,56.2,High
1683,59,40,75,46,56,2.22,53.6,High
1684,50,55,93,38,26,3.42,41.6,High
1685,81,71,39,45,24,3.99,42.2,High
1686,41,56,66,72,98,3.47,77.1,High
1687,42,40,72,70,70,2.03,64.4,High
1688,62,67,72,56,27,2.99,47.7,High
1689,94,72,20,28,75,3.23,57.0,Medium
1690,51,48,21,71,92,3.38,70.1,High
1691,59,93,77,73,30,3.44,56.8,High
1692,44,35,38,22,41,3.12,34.7,High
1693,76,75,81,88,96,2.45,88.0,Medium
1694,77,71,97,27,30,3.88,44.6,High
1695,69,94,91,33,79,3.39,66.9,Low
1696,48,88,31,22,34,2.47,36.9,High
1697,73,81,45,43,57,2.64,55.6,Medium
1698,92,76,46,32,20,3.84,39.0,High
1699,83,36,48,62,65,3.77,61.3,Medium
1700,74,40,34,48,62,2.81,54.0,Medium
1701,91,90,65,91,41,2.08,68.3,Medium
1702,97,97,20,70,22,2.1,51.2,Medium
1703,61,54,79,61,33,2.57,50.9,Medium
1704,83,41,76,50,21,3.26,43.4,High
1705,63,55,22,82,80,3.17,70.6,Low
1706,56,41,37,45,51,3.27,47.3,High
1707,49,72,71,37,57,3.43,53.1,High
1708,69,80,79,76,65,2.04,71.6,Medium
1709,95,66,53,26,61,2.21,53.6,Medium
1710,98,75,79,67,25,2.72,55.3,Medium
1711,85,82,45,99,60,2.31,74.9,Medium
1712,62,42,91,79,44,2.15,60.8,Medium
1713,71,83,38,52,30,3.28,46.8,High
1714,56,86,41,22,60,3.63,48.9,High
1715,89,33,52,23,90,3.51,60.3,Medium
1716,90,78,57,23,76,3.63,59.8,Medium
1717,56,36,54,61,65,3.33,58.9,High
1718,53,40,86,28,67,3.47,53.1,High
1719,48,83,29,70,82,2.54,69.8,High
1720,79,74,34,36,58,3.99,52.7,Medium
1721,41,52,30,36,29,2.37,34.7,High
1722,84,57,43,39,89,2.43,65.7,Medium
1723,64,86,96,33,84,2.58,68.1,Low
1724,78,55,23,41,78,3.95,59.1,Medium
1725,48,54,32,71,97,3.98,73.5,High
1726,93,83,92,46,55,3.59,62.6,Medium
1727,61,58,76,62,46,3.26,56.5,Medium
1728,82,65,56,22,92,3.04,63.7,Medium
1729,85,43,67,27,74,3.94,57.2,Medium
1730,43,64,90,29,89,3.39,64.0,High
1731,65,59,20,48,72,3.89,57.6,Medium
1732,97,46,79,59,79,2.63,71.5,Low
1733,68,96,31,84,80,2.67,76.7,Low
1734,84,59,40,40,55,3.71,52.3,Medium
1735,73,74,30,43,46,2.3,49.0,High
1736,62,80,63,92,60,3.89,72.1,Low
1737,76,76,77,79,47,3.01,65.4,Low
1738,50,82,63,45,35,3.85,47.0,High
1739,45,93,97,28,54,2.67,53.5,High
1740,57,67,53,39,55,3.43,51.4,High
1741,60,93,44,75,75,2.97,72.2,Low
1742,81,36,23,55,38,3.25,45.7,High
1743,75,51,83,55,76,3.01,67.8,Low
1744,80,70,35,92,52,3.93,66.9,Low
1745,77,39,29,41,42,3.38,43.6,High
1746,73,86,85,20,82,2.5,63.2,Medium
1747,56,36,54,88,89,3.82,76.6,High
1748,76,79,25,92,41,2.59,62.0,Medium
1749,64,81,38,56,86,2.74,69.5,Low
1750,77,62,78,91,99,2.2,88.6,Medium
1751,97,30,72,32,78,3.8,60.7,Medium
1752,51,82,27,62,44,2.57,52.2,High
1753,62,89,97,56,36,2.52,56.0,Medium
1754,92,63,29,93,58,3.84,69.5,Low
1755,81,33,86,44,96,3.61,71.6,Low
1756,61,46,57,40,94,2.28,66.0,Medium
1757,60,33,48,60,93,3.54,69.3,Low
1758,66,72,34,92,58,3.83,68.0,Low
1759,96,33,42,61,43,2.16,52.6,Medium
1760,70,30,65,61,57,3.65,57.6,Medium
1761,45,79,47,21,76,3.09,53.8,High
1762,66,90,45,87,63,3.34,71.4,Low
1763,79,64,29,27,55,2.99,47.3,High
1764,73,37,66,80,89,3.4,77.2,Low
1765,51,53,23,33,99,2.07,62.2,High
1766,84,65,74,96,64,3.53,76.7,Low
1767,96,79,85,40,45,2.07,56.0,Medium
1768,92,72,86,43,30,2.91,49.9,High
1769,46,56,26,69,71,2.3,61.9,High
1770,49,61,74,64,44,3.65,55.2,High
1771,84,47,99,83,50,2.63,67.9,Low
1772,56,57,50,83,64,2.91,66.8,High
1773,65,58,93,45,86,2.86,69.5,Low
1774,60,45,38,51,95,3.55,67.6,Low
1775,67,76,47,76,59,2.96,65.4,Low
1776,97,88,47,72,65,3.58,70.8,Low
1777,85,60,38,52,73,2.15,63.1,Medium
1778,41,33,39,71,60,2.38,56.6,High
1779,99,66,32,37,57,3.1,53.6,Medium
1780,93,46,96,54,55,3.89,61.7,Medium
1781,82,68,62,31,63,2.15,55.7,Medium
1782,40,77,30,70,76,2.09,66.1,High
1783,90,75,67,29,85,2.31,65.9,Medium
1784,92,77,34,71,49,3.28,61.2,Medium
1785,75,68,36,53,29,2.8,45.4,High
1786,90,33,73,86,80,3.65,77.4,Low
1787,65,59,69,58,82,2.14,69.5,Medium
1788,68,59,47,27,55,2.39,47.5,High
1789,60,51,23,48,73,2.6,57.0,Medium
1790,50,95,41,41,84,3.25,64.5,High
1791,79,41,58,89,23,3.37,53.7,Medium
1792,50,65,53,80,74,2.25,70.4,High
1793,75,47,63,62,73,3.89,66.3,Low
1794,88,82,61,68,83,2.68,76.7,Low
1795,98,30,59,48,41,3.43,49.5,High
1796,78,87,31,50,44,3.05,52.2,Medium
1797,79,35,21,72,78,2.45,66.3,Medium
1798,74,99,47,53,76,3.69,68.3,Low
1799,93,73,93,57,73,3.64,72.2,Low
1800,73,53,86,76,63,2.79,69.2,Low
1801,94,48,90,23,71,3.18,58.5,Medium
1802,86,47,91,21,95,2.52,66.7,Low
1803,63,59,95,31,35,3.38,45.0,High
1804,93,71,29,54,35,2.62,49.5,High
1805,61,62,76,89,74,3.69,76.2,Low
1806,44,41,56,91,80,2.43,73.4,High
1807,95,56,96,40,98,2.03,75.9,Medium
1808,72,68,83,80,96,2.54,84.7,Low
1809,97,38,98,54,59,2.38,63.1,Medium
1810,75,50,59,67,40,3.02,54.5,Medium
1811,86,58,79,34,85,2.41,66.5,Medium
1812,59,62,67,90,27,3.53,56.6,High
1813,58,91,38,34,90,2.48,64.9,High
1814,74,44,91,25,29,3.41,40.0,High
1815,91,31,52,87,76,3.16,73.9,Low
1816,82,81,63,41,23,3.97,44.1,High
1817,56,73,56,51,62,4.0,58.6,High
1818,98,83,55,41,82,3.74,68.7,Low
1819,84,47,40,46,62,3.52,55.7,Medium
1820,82,32,21,34,86,2.77,58.1,Medium
1821,73,36,50,63,70,3.51,62.8,Medium
1822,48,72,49,28,75,3.91,55.3,High
1823,65,67,95,53,62,2.05,63.4,Medium
1824,41,66,63,92,43,3.08,61.8,High
1825,92,87,31,34,53,2.44,52.4,Medium
1826,48,62,70,81,78,3.12,73.5,High
1827,48,88,68,64,21,2.93,48.0,High
1828,79,40,43,91,21,3.15,51.9,Medium
1829,56,97,43,77,29,3.1,54.3,High
1830,40,97,79,38,42,3.92,49.8,High
1831,64,51,30,35,34,3.1,38.6,High
1832,82,95,32,94,95,3.69,87.1,Low
1833,79,73,91,27,36,2.64,46.8,High
1834,81,35,93,52,33,2.88,49.7,High
1835,64,71,91,93,98,2.94,89.7,Low
1836,78,54,83,37,95,2.56,70.6,Low
1837,74,86,39,54,35,2.76,50.1,Medium
1838,42,84,91,62,51,3.2,60.7,High
1839,89,45,92,69,42,3.16,60.1,Medium
1840,76,43,90,22,53,3.27,48.7,High
1841,83,68,97,78,35,2.7,62.2,Medium
1842,83,57,47,47,53,2.63,54.0,Medium
1843,90,80,21,65,90,3.22,74.6,Low
1844,69,78,62,83,52,2.27,66.6,Medium
1845,77,38,27,89,87,2.51,75.7,Low
1846,73,87,32,66,62,2.08,63.8,Medium
1847,51,74,54,33,83,2.15,61.0,High
1848,58,51,42,26,90,2.49,58.9,High
1849,76,61,65,93,37,2.04,62.9,Medium
1850,83,98,34,98,87,2.49,85.7,Medium
1851,98,98,21,50,80,3.31,68.7,Low
1852,98,71,80,70,94,2.12,83.5,Medium
1853,88,82,95,48,39,2.87,56.5,Medium
1854,56,88,83,34,30,3.83,44.9,High
1855,49,68,71,95,98,3.58,86.5,High
1856,96,44,55,44,65,2.61,58.7,Medium
1857,94,58,86,80,83,3.85,81.0,Low
1858,88,32,88,60,95,2.66,76.8,Low
1859,86,39,86,88,47,2.15,66.3,Medium
1860,51,58,66,23,67,3.99,51.2,High
1861,55,64,21,76,54,3.74,58.4,High
1862,63,35,63,50,27,2.93,41.9,High
1863,58,41,83,22,41,3.33,41.2,High
1864,47,67,97,86,43,3.34,64.1,High
1865,70,48,47,69,85,2.39,71.2,Medium
1866,60,96,73,36,83,2.4,66.9,Medium
1867,56,37,93,79,84,2.94,75.9,High
1868,62,37,86,93,33,3.82,59.6,Medium
1869,76,76,55,85,44,2.02,63.8,Medium
1870,93,33,82,94,22,3.57,57.8,Medium
1871,55,80,44,43,24,2.12,40.4,High
1872,45,96,67,51,84,2.96,69.7,High
1873,47,74,58,38,73,3.28,58.5,High
1874,64,37,66,85,38,3.37,57.4,Medium
1875,57,45,40,79,73,2.12,67.1,High
1876,64,96,49,85,95,2.84,84.4,Low
1877,51,38,50,34,29,3.17,35.7,High
1878,54,89,45,54,35,2.13,49.0,High
1879,98,44,41,88,65,2.27,70.7,Medium
1880,65,70,40,46,48,3.33,50.5,Medium
1881,80,51,20,26,34,3.04,36.5,High
1882,84,53,56,25,67,2.32,53.6,Medium
1883,65,73,96,52,30,3.07,51.0,Medium
1884,86,30,65,77,53,3.83,62.4,Medium
1885,71,39,28,68,55,2.03,56.2,Medium
1886,49,85,36,36,49,3.29,47.4,High
1887,55,79,66,61,92,2.15,75.1,High
1888,46,41,78,91,38,2.01,59.0,High
1889,56,89,73,59,87,2.3,74.3,High
1890,62,55,31,65,89,2.85,69.9,Low
1891,65,70,83,90,52,3.6,69.6,Low
1892,60,65,25,89,99,2.56,81.3,Low
1893,61,52,72,87,94,3.25,82.2,Low
1894,97,72,35,20,41,2.82,42.8,High
1895,46,35,24,98,55,2.47,61.9,High
1896,53,98,92,71,42,3.03,62.4,High
1897,54,72,65,54,82,3.59,68.1,High
1898,92,54,33,88,45,3.66,62.3,Medium
1899,46,47,63,24,79,3.69,54.4,High
1900,48,91,82,36,24,2.68,42.5,High
1901,90,42,71,72,73,3.59,71.1,Low
1902,87,72,45,71,57,2.42,64.5,Medium
1903,47,57,72,33,81,3.48,59.9,High
1904,89,47,48,48,44,3.9,50.4,Medium
1905,98,88,38,27,31,2.03,42.9,High
1906,62,89,66,20,41,2.88,44.1,High
1907,68,92,27,48,28,3.3,44.3,High
1908,57,86,42,55,48,3.4,54.2,High
1909,70,80,54,70,63,2.35,66.6,Medium
1910,69,85,72,56,46,3.94,57.8,Medium
1911,91,56,77,88,74,3.23,78.4,Low
1912,78,61,24,72,24,2.33,47.5,High
1913,74,38,35,71,71,2.04,64.4,Medium
1914,57,97,36,31,32,3.57,41.1,High
1915,98,75,51,71,61,2.16,68.1,Medium
1916,81,96,71,20,34,2.28,44.4,High
1917,78,55,39,26,98,3.15,64.2,Medium
1918,56,37,85,36,37,3.21,43.4,High
1919,53,35,20,62,69,3.37,57.0,High
1920,70,53,77,90,21,2.79,55.4,Medium
1921,63,77,63,36,32,3.55,43.9,High
1922,74,74,25,78,87,3.95,75.5,Low
1923,83,42,69,22,66,2.54,52.4,Medium
1924,99,98,91,48,94,3.41,80.8,Low
1925,84,54,39,41,69,3.86,57.6,Medium
1926,73,49,33,57,31,3.37,45.0,High
1927,42,95,24,73,32,3.36,50.8,High
1928,76,74,60,69,28,2.45,52.9,Medium
1929,82,76,59,88,78,3.07,79.3,Low
1930,79,92,53,49,64,3.13,62.7,Medium
1931,65,84,99,42,89,3.4,73.0,Low
1932,94,48,64,66,62,3.99,65.2,Low
1933,62,64,90,40,93,2.07,70.8,Medium
1934,83,82,99,39,42,2.13,54.9,Medium
1935,78,55,90,42,98,2.16,74.1,Medium
1936,54,43,46,87,64,3.49,66.0,High
1937,95,74,97,40,42,2.27,55.4,Medium
1938,88,73,97,40,53,3.24,59.0,Medium
1939,43,94,63,20,35,2.65,40.0,High
1940,68,80,52,34,82,2.91,63.0,Medium
1941,61,72,52,36,70,2.43,57.3,Medium
1942,64,52,63,70,51,3.73,59.3,Medium
1943,52,85,39,82,57,3.17,65.0,High
1944,57,48,55,33,75,3.89,55.9,High
1945,72,84,26,78,88,3.15,76.8,Low
1946,55,89,51,69,36,2.25,54.6,High
1947,84,88,86,53,58,2.34,64.9,Medium
1948,81,62,58,25,60,3.98,51.6,Medium
1949,83,48,43,68,67,3.45,64.6,Medium
1950,41,57,89,25,47,2.1,45.0,High
1951,94,81,73,88,96,3.41,89.6,Low
1952,74,78,57,26,69,2.82,56.3,Medium
1953,81,66,93,96,20,2.61,60.8,Medium
1954,73,55,99,70,69,2.31,71.3,Medium
1955,69,69,94,20,38,3.68,44.4,High
1956,98,67,51,32,78,2.13,62.4,Medium
1957,94,83,64,62,87,2.58,77.5,Low
1958,52,51,80,46,86,2.61,66.5,High
1959,52,45,89,90,60,2.32,69.6,High
1960,57,57,72,22,29,3.02,36.8,High
1961,71,64,70,77,47,2.02,62.4,Medium
1962,71,89,95,36,53,2.6,57.5,Medium
1963,74,74,75,64,58,3.87,64.7,Medium
1964,98,75,46,97,75,2.62,81.0,Low
1965,78,84,57,77,71,2.72,73.4,Low
1966,85,55,81,75,22,2.95,53.4,Medium
1967,91,54,37,73,42,3.12,56.9,Medium
1968,68,94,83,48,36,3.62,53.3,Medium
1969,88,35,96,73,90,2.38,79.8,Medium
1970,68,52,49,46,45,3.74,48.7,High
1971,92,93,68,64,37,3.52,59.3,Medium
1972,83,72,60,50,65,3.45,62.5,Medium
1973,96,52,32,55,89,2.17,70.1,Medium
1974,55,59,53,80,50,2.04,60.7,High
1975,95,47,44,56,28,3.19,46.6,High
1976,83,50,85,86,54,3.73,69.2,Low
1977,86,86,37,55,79,3.17,69.0,Low
1978,96,52,24,24,95,2.43,62.4,Medium
1979,49,74,38,65,82,2.18,68.4,High
1980,69,73,61,98,71,3.4,78.1,Low
1981,64,76,37,71,67,3.44,65.8,Low
1982,78,69,51,68,80,2.35,72.2,Medium
1983,59,80,40,25,43,2.06,42.6,High
1984,44,71,29,29,93,2.82,60.3,High
1985,40,36,56,42,77,3.17,56.6,High
1986,69,79,68,36,83,3.41,65.6,Low
1987,88,77,32,63,49,3.62,58.2,Medium
1988,42,35,74,60,48,3.22,52.3,High
1989,84,38,36,34,29,2.22,37.6,High
1990,53,86,28,63,58,3.37,58.8,High
1991,95,60,63,77,74,3.97,74.5,Low
1992,69,50,97,69,47,3.81,61.1,Medium
1993,89,69,65,71,37,3.74,58.4,Medium
1994,43,74,27,89,60,2.6,65.1,High
1995,57,78,56,87,94,3.5,82.8,High
1996,76,49,38,82,84,3.7,74.5,Low
1997,64,46,82,77,65,3.36,68.3,Low
1998,87,57,65,42,79,2.5,65.1,Low
1999,40,70,90,63,28,3.91,50.1,High
2000,92,95,45,63,64,2.9,67.7,Low
2001,85,54,65,71,79,2.26,73.3,Medium
2002,54,87,65,86,47,2.22,65.2,High
2003,48,70,94,47,22,3.3,44.1,High
2004,54,35,33,86,70,2.88,66.0,High
2005,88,67,82,97,27,2.19,63.6,Medium
2006,96,35,91,37,89,3.48,68.9,Low
2007,63,74,22,46,78,3.6,60.9,Medium
2008,43,43,47,70,80,3.45,66.3,High
2009,51,95,48,79,77,2.4,73.9,High
2010,98,69,37,93,89,3.38,83.9,Low
2011,97,32,54,68,31,2.02,51.1,Medium
2012,76,53,96,34,28,2.61,43.9,High
2013,76,48,95,92,68,2.8,76.7,Low
2014,82,47,66,87,36,3.67,60.0,Medium
2015,99,93,24,34,73,2.78,61.0,Medium
2016,45,64,94,70,63,2.02,66.5,High
2017,78,91,78,67,51,2.7,65.2,Low
2018,95,30,94,91,54,3.0,70.8,Low
2019,85,54,78,20,97,3.9,66.5,Low
2020,63,74,66,26,68,3.88,55.3,Medium
2021,50,78,32,72,73,2.36,66.8,High
2022,52,45,97,50,35,2.37,48.4,High
2023,73,48,52,37,31,2.33,40.8,High
2024,64,52,81,31,27,3.58,39.8,High
2025,46,54,98,67,40,2.01,55.9,High
2026,91,45,35,49,67,2.25,58.6,Medium
2027,43,83,63,26,27,3.08,37.5,High
2028,98,30,77,22,47,2.5,45.9,High
2029,47,71,25,82,99,2.18,78.5,High
2030,59,48,34,25,29,2.72,33.2,High
2031,68,63,23,34,71,2.55,54.0,Medium
2032,93,84,75,90,34,3.02,65.8,Low
2033,92,47,83,62,23,3.96,50.0,Medium
2034,90,63,87,37,98,2.25,74.3,Medium
2035,84,74,53,41,81,2.75,65.8,Low
2036,85,35,75,80,23,3.86,52.7,Medium
2037,49,50,51,80,60,3.75,63.0,High
2038,82,99,28,72,92,2.79,79.3,Low
2039,73,77,82,45,74,3.4,66.3,Low
2040,96,68,91,59,47,2.18,62.0,Medium
2041,65,60,97,27,66,3.43,56.7,Medium
2042,80,39,52,40,28,3.95,40.3,High
2043,88,59,40,62,21,3.07,45.7,High
2044,97,47,74,40,86,3.0,68.2,Low
2045,42,89,95,22,67,2.37,56.0,High
2046,95,44,76,50,88,3.27,71.7,Low
2047,45,33,21,46,93,3.18,60.9,High
2048,44,92,32,46,47,3.3,49.4,High
2049,44,69,23,92,98,2.05,80.4,High
2050,93,38,69,76,33,3.1,56.0,Medium
2051,86,38,67,52,65,3.19,60.7,Medium
2052,62,55,97,63,32,2.42,53.1,Medium
2053,88,33,49,62,35,2.42,49.6,High
2054,48,45,48,50,59,2.55,52.7,High
2055,74,44,27,84,91,3.42,76.1,Low
2056,59,81,31,95,49,3.21,65.2,High
2057,97,98,60,36,84,3.69,69.9,Low
2058,88,34,45,34,77,2.59,57.7,Medium
2059,98,49,69,53,67,3.82,64.3,Medium
2060,81,47,21,99,68,3.49,71.8,Low
2061,74,31,74,23,21,2.79,33.2,High
2062,89,42,75,91,33,2.19,61.1,Medium
2063,57,33,33,98,36,2.51,56.1,High
2064,56,71,25,47,50,3.91,49.3,High
2065,63,90,80,92,29,2.62,62.5,Medium
2066,42,37,31,21,89,2.66,52.9,High
2067,71,96,32,36,56,2.38,53.1,Medium
2068,74,92,38,77,83,3.61,76.7,Low
2069,77,38,63,93,49,2.55,65.3,Low
2070,52,40,78,28,53,2.66,46.6,High
2071,95,71,56,50,37,2.83,52.0,Medium
2072,86,42,44,85,82,2.87,75.5,Low
2073,64,65,35,81,68,2.82,67.9,Low
2074,48,42,57,38,75,3.01,56.1,High
2075,43,41,62,93,77,3.63,73.3,High
2076,53,66,33,74,46,3.64,55.8,High
2077,76,81,25,47,74,3.6,61.9,Medium
2078,73,31,42,69,38,2.2,50.5,Medium
2079,50,85,79,84,42,3.6,63.4,High
2080,80,89,31,22,66,2.24,53.0,Medium
2081,95,52,32,98,98,2.25,86.5,Medium
2082,42,69,25,71,85,3.9,68.9,High
2083,98,93,82,29,70,3.64,64.0,Medium
2084,67,52,57,40,47,3.1,48.4,High
2085,68,58,69,56,76,3.75,66.7,Low
2086,48,80,71,34,77,3.98,60.9,High
2087,42,98,59,97,34,3.22,62.6,High
2088,64,60,27,98,35,3.23,58.5,Medium
2089,73,79,80,93,66,3.51,77.5,Low
2090,51,49,27,28,82,2.46,53.9,High
2091,81,84,53,63,31,2.33,53.1,Medium
2092,48,31,98,58,62,3.52,59.9,High
2093,54,54,79,24,48,2.69,45.1,High
2094,79,42,76,44,68,2.27,60.1,Medium
2095,64,99,65,75,22,2.63,54.1,Medium
2096,44,96,41,83,88,2.72,78.2,High
2097,50,87,59,91,79,3.93,78.5,High
2098,98,93,64,71,85,3.4,80.8,Low
2099,73,98,74,95,45,3.06,71.0,Low
2100,63,88,70,28,90,3.94,66.5,Low
2101,99,89,24,29,93,3.81,67.1,Low
2102,54,91,32,29,88,3.02,61.6,High
2103,77,45,47,92,66,3.81,70.9,Low
2104,47,97,99,81,95,2.81,86.6,High
2105,98,44,81,79,61,2.46,70.4,Medium
2106,44,84,43,38,50,2.47,48.5,High
2107,87,64,26,57,41,3.32,51.2,Medium
2108,65,84,57,25,36,3.0,42.5,High
2109,57,43,56,34,39,3.32,41.4,High
2110,45,78,87,66,27,3.37,51.6,High
2111,76,36,61,64,68,2.04,63.7,Medium
2112,99,59,24,24,57,2.11,48.2,High
2113,87,78,83,97,72,3.07,82.7,Low
2114,52,45,69,72,47,2.38,57.0,High
2115,67,80,34,85,96,3.27,82.0,Low
2116,44,71,92,81,48,3.1,64.2,High
2117,52,46,72,42,91,3.17,66.0,High
2118,56,92,44,63,30,2.6,50.1,High
2119,89,74,28,71,66,3.28,66.8,Low
2120,79,36,57,65,64,3.66,62.3,Medium
2121,84,56,41,38,37,4.0,44.3,High
2122,71,39,68,66,69,3.68,65.2,Low
2123,68,63,87,71,68,3.11,70.3,Low
2124,90,65,34,43,41,2.39,48.2,High
2125,97,54,84,36,64,3.36,59.9,Medium
2126,42,35,73,65,80,3.88,66.5,High
2127,95,53,49,83,40,2.42,60.6,Medium
2128,79,47,39,47,90,2.51,66.6,Low
2129,73,35,52,69,80,2.3,68.7,Medium
2130,79,58,96,83,95,3.47,86.2,Low
2131,66,54,26,47,55,2.81,50.7,Medium
2132,52,84,27,75,43,2.13,56.0,High
2133,84,75,47,78,51,3.75,64.4,Medium
2134,72,53,64,24,78,3.12,57.3,Medium
2135,45,55,92,73,94,2.66,78.7,High
2136,63,57,99,63,24,2.69,50.4,Medium
2137,58,32,93,61,35,2.58,50.6,High
2138,55,67,30,91,30,2.91,54.5,High
2139,79,90,50,76,54,2.67,66.3,Low
2140,67,80,31,66,94,3.1,75.2,Low
2141,72,77,97,95,61,3.55,77.5,Low
2142,98,50,70,44,29,3.35,46.6,High
2143,98,83,63,63,27,2.59,54.1,Medium
2144,87,85,69,34,45,3.06,52.3,Medium
2145,80,88,36,70,22,3.68,50.2,Medium
2146,52,80,54,72,78,2.14,71.4,High
2147,82,49,20,53,22,2.16,39.8,High
2148,84,88,48,96,57,3.11,73.6,Low
2149,64,38,70,27,21,3.28,33.7,High
2150,92,30,83,96,36,2.42,63.7,Medium
2151,81,58,23,89,92,3.49,79.7,Low
2152,75,92,47,40,55,3.29,55.4,Medium
2153,66,85,35,26,92,3.85,63.2,Medium
2154,77,97,82,98,21,2.34,63.4,Medium
2155,99,64,95,75,53,3.5,69.5,Low
2156,46,32,72,68,46,2.17,53.8,High
2157,44,36,36,61,56,3.13,52.3,High
2158,82,56,59,42,90,3.1,68.3,Low
2159,84,30,32,71,41,2.78,52.3,Medium
2160,97,73,71,98,87,3.69,88.3,Low
2161,96,70,77,72,33,2.01,59.1,Medium
2162,90,71,56,35,42,3.04,49.0,High
2163,70,62,98,56,63,2.43,65.0,Medium
2164,62,79,95,37,84,3.49,68.3,Low
2165,81,92,80,39,98,2.09,76.2,Medium
2166,49,66,98,65,97,3.66,79.6,High
2167,71,88,53,21,80,3.68,59.5,Medium
2168,82,77,89,82,74,3.67,79.0,Low
2169,92,34,36,22,90,2.31,58.8,Medium
2170,69,77,39,65,69,3.26,65.6,Low
2171,78,32,92,68,31,2.03,53.0,Medium
2172,70,76,78,20,98,3.7,67.6,Low
2173,57,91,88,41,34,3.45,49.5,High
2174,75,43,52,33,36,3.06,41.3,High
2175,41,92,97,64,53,3.46,63.4,High
2176,53,90,36,25,54,2.19,47.0,High
2177,52,60,76,84,58,3.06,67.2,High
2178,68,46,20,40,97,2.58,64.2,Medium
2179,51,53,32,23,74,3.95,50.1,High
2180,78,52,46,22,78,3.71,55.4,Medium
2181,41,79,89,49,24,3.47,45.2,High
2182,71,99,78,50,49,3.87,59.4,Medium
2183,52,56,25,53,23,2.69,38.4,High
2184,85,44,42,39,34,3.8,42.4,High
2185,66,79,29,73,54,2.65,60.9,Medium
2186,88,65,70,44,93,3.47,72.7,Low
2187,80,37,38,34,74,3.47,55.3,Medium
2188,56,32,70,57,85,2.04,66.9,High
2189,79,91,87,42,79,2.72,69.9,Low
2190,70,76,61,71,43,2.04,59.2,Medium
2191,73,90,76,85,41,3.99,65.8,Low
2192,99,61,87,76,63,2.24,72.7,Medium
2193,63,42,57,76,51,3.09,59.4,Medium
2194,84,30,81,98,70,3.58,76.9,Low
2195,74,63,26,71,22,2.4,46.4,High
2196,87,91,90,54,89,2.97,78.6,Low
2197,45,60,69,93,51,3.21,65.7,High
2198,58,93,71,33,21,2.32,40.5,High
2199,69,54,45,33,78,3.56,57.9,Medium
2200,46,67,45,52,92,2.6,68.2,High
2201,49,43,38,71,96,2.42,72.7,High
2202,80,37,28,20,33,3.12,33.7,High
2203,71,83,80,53,70,2.82,67.3,Low
2204,73,31,39,38,30,3.84,37.7,High
2205,67,85,69,43,97,3.76,73.8,Low
2206,99,90,99,23,99,2.97,75.3,Low
2207,54,51,41,55,29,2.72,42.7,High
2208,69,64,32,96,99,2.65,84.9,Low
2209,76,45,31,77,77,2.54,69.1,Low
2210,68,79,29,51,53,3.09,54.1,Medium
2211,61,72,84,28,99,3.61,69.7,Low
2212,43,46,49,99,97,2.62,82.3,High
2213,59,87,27,86,72,2.38,71.9,High
2214,71,31,40,39,47,2.95,44.7,High
2215,75,33,41,93,37,2.14,57.6,Medium
2216,89,68,37,81,45,3.4,61.7,Medium
2217,43,35,85,77,26,3.04,49.8,High
2218,66,98,67,41,64,2.99,61.0,Medium
2219,56,98,63,86,64,2.6,73.1,High
2220,51,49,28,94,90,3.81,77.0,High
2221,61,93,86,67,54,2.18,65.7,Medium
2222,56,45,73,27,71,3.74,53.9,High
2223,49,80,45,92,40,2.75,61.0,High
2224,93,66,45,34,47,3.76,49.4,High
2225,40,98,53,51,63,3.46,59.6,High
2226,61,71,27,72,99,2.21,77.1,Medium
2227,65,86,29,86,75,3.66,73.8,Low
2228,95,95,67,23,29,3.36,44.2,High
2229,98,38,74,49,42,2.06,52.5,Medium
2230,57,93,73,32,67,2.27,58.7,High
2231,89,51,97,40,71,3.27,64.1,Medium
2232,53,63,59,60,34,3.33,49.1,High
2233,86,84,34,38,74,3.49,61.4,Medium
2234,68,58,37,67,62,3.44,61.2,Medium
2235,51,67,42,82,69,3.32,68.2,High
2236,75,47,81,39,25,3.53,42.0,High
2237,98,94,65,83,52,3.15,71.4,Low
2238,74,30,58,56,81,2.52,65.4,Low
2239,91,33,34,50,74,3.82,60.4,Medium
2240,51,33,72,93,58,2.04,66.7,High
2241,46,56,83,37,31,2.73,42.0,High
2242,68,72,82,39,50,3.46,53.9,Medium
2243,50,88,99,30,93,2.85,69.9,High
2244,72,61,35,63,72,2.05,64.5,Medium
2245,45,62,89,83,53,2.13,65.7,High
2246,86,57,85,53,60,3.3,62.7,Medium
2247,54,84,32,84,29,3.93,53.8,High
2248,71,89,66,74,71,3.1,73.2,Low
2249,90,99,28,93,94,3.01,87.2,Low
2250,50,91,82,20,76,2.64,58.7,High
2251,97,63,53,57,97,2.51,77.2,Low
2252,62,85,48,28,22,2.04,36.7,High
2253,65,42,56,90,76,2.55,73.7,Low
2254,73,85,62,36,52,2.9,53.6,Medium
2255,85,47,83,71,26,2.4,53.2,Medium
2256,73,83,43,37,23,2.17,40.2,High
2257,68,72,90,82,58,3.44,70.8,Low
2258,43,68,53,52,67,3.79,58.8,High
2259,56,90,67,23,93,3.87,65.4,High
2260,74,71,31,94,98,3.24,85.0,Low
2261,52,47,42,71,35,2.11,49.4,High
2262,80,52,98,28,57,3.48,54.2,Medium
2263,78,83,32,83,23,2.22,53.4,Medium
2264,54,59,64,49,23,3.34,41.6,High
2265,94,87,84,27,46,3.56,53.0,Medium
2266,68,97,66,24,36,3.45,44.7,High
2267,68,96,77,95,89,3.9,88.2,Low
2268,50,47,24,82,73,3.48,65.9,High
2269,91,36,96,20,27,3.39,39.1,High
2270,71,69,24,34,72,2.52,55.4,Medium
2271,41,99,79,57,24,3.85,48.6,High
2272,86,94,40,61,88,2.36,75.5,Medium
2273,53,97,43,65,66,3.81,65.2,High
2274,59,78,37,72,93,2.63,76.2,High
2275,61,81,40,45,59,2.26,55.3,Medium
2276,50,58,73,80,26,3.65,52.5,High
2277,66,50,29,86,31,2.0,52.7,Medium
2278,42,38,43,73,44,3.66,51.8,High
2279,56,76,79,41,47,2.52,52.2,High
2280,83,71,76,45,62,3.77,61.3,Medium
2281,95,80,42,79,96,3.38,83.8,Low
2282,67,85,41,58,66,3.33,63.1,Medium
2283,68,80,87,55,68,2.73,67.2,Low
2284,60,99,53,40,73,2.12,62.4,Medium
2285,86,49,89,60,37,3.66,55.2,Medium
2286,55,56,47,67,46,2.34,54.3,High
2287,76,67,58,45,91,2.74,70.0,Low
2288,98,94,61,82,25,3.2,59.9,Medium
2289,59,83,42,96,94,2.96,84.8,High
2290,45,53,89,55,88,2.4,70.4,High
2291,58,76,99,43,90,2.28,72.2,High
2292,96,92,21,40,41,2.25,49.3,High
2293,44,86,43,37,78,3.73,59.6,High
2294,42,84,36,34,66,2.06,52.8,High
2295,98,89,84,98,87,3.95,91.3,Low
2296,40,91,89,25,51,2.4,49.9,High
2297,97,59,88,62,20,2.22,51.0,Medium
2298,99,51,79,50,73,3.15,67.1,Low
2299,77,58,69,47,65,2.16,60.5,Medium
2300,54,70,31,27,60,3.2,47.6,High
2301,73,71,66,48,60,3.7,59.4,Medium
2302,74,94,86,40,27,2.1,48.2,High
2303,88,60,84,77,51,3.6,66.7,Low
2304,64,59,46,79,49,2.79,60.2,Medium
2305,63,47,67,69,65,2.32,64.4,Medium
2306,51,46,81,50,71,2.35,61.2,High
2307,57,67,63,66,80,3.84,70.5,High
2308,54,43,38,53,32,2.22,42.2,High
2309,83,85,78,21,59,3.73,54.5,Medium
2310,55,51,27,86,80,3.09,71.1,High
2311,66,96,74,91,63,2.08,76.1,Medium
2312,47,85,66,71,81,2.93,73.5,High
2313,99,48,21,26,63,3.63,49.8,High
2314,85,86,58,95,67,3.45,78.2,Low
2315,64,73,64,38,93,2.98,68.7,Low
2316,56,64,51,34,78,3.72,58.5,High
2317,68,30,84,97,76,2.24,77.7,Medium
2318,92,81,57,67,30,3.82,55.1,Medium
2319,47,99,96,33,44,3.69,51.7,High
2320,54,66,30,22,80,3.42,53.6,High
2321,66,94,29,69,65,3.64,65.6,Low
2322,85,80,78,73,73,3.09,75.4,Low
2323,89,30,74,25,53,3.35,48.0,High
2324,91,50,39,68,26,3.12,48.8,High
2325,46,82,36,42,81,2.71,61.4,High
2326,42,45,87,97,76,3.14,76.9,High
2327,68,90,24,97,95,2.51,85.3,Low
2328,83,83,79,39,24,2.88,45.8,High
2329,92,69,42,96,95,2.56,87.1,Low
2330,63,55,65,79,54,2.25,63.6,Medium
2331,99,94,71,64,56,2.64,68.0,Low
2332,97,93,29,80,79,3.7,77.5,Low
2333,42,72,65,75,84,2.76,74.0,High
2334,59,46,47,21,35,3.5,35.5,High
2335,85,88,62,64,49,2.35,62.3,Medium
2336,54,52,45,59,92,2.85,69.6,High
2337,64,36,74,43,61,2.23,54.7,Medium
2338,69,73,67,48,80,2.28,67.3,Medium
2339,53,82,48,86,93,3.23,81.3,High
2340,46,63,46,87,96,3.21,80.0,High
2341,56,75,37,85,67,2.43,69.1,High
2342,83,97,79,73,81,2.95,80.2,Low
2343,59,45,93,72,83,3.73,74.5,High
2344,75,48,88,98,76,2.35,80.9,Medium
2345,48,31,93,68,87,2.04,72.4,High
2346,77,39,40,51,65,3.3,56.9,Medium
2347,87,79,43,80,47,2.11,63.7,Medium
2348,96,41,22,61,96,3.96,72.6,Low
2349,99,99,81,20,22,3.22,42.7,High
2350,61,51,21,82,56,2.94,60.3,Medium
2351,93,61,85,54,67,2.86,66.9,Low
2352,92,30,61,70,38,3.15,54.5,Medium
2353,92,83,53,90,36,2.18,64.2,Medium
2354,41,87,61,64,59,3.86,61.7,High
2355,63,99,39,96,69,3.25,76.5,Low
2356,47,47,87,84,92,2.37,80.1,High
2357,50,35,64,33,48,3.13,44.0,High
2358,52,74,94,22,70,2.27,56.6,High
2359,56,52,61,43,61,2.04,54.2,High
2360,47,52,66,84,48,3.26,60.9,High
2361,60,55,24,67,85,3.3,68.0,Low
2362,57,36,68,29,36,3.17,39.2,High
2363,69,73,56,32,50,2.37,49.4,High
2364,57,56,53,92,71,3.21,72.6,High
2365,85,55,92,33,58,2.11,56.3,Medium
2366,86,65,89,29,79,3.22,64.3,Medium
2367,70,84,37,59,70,3.11,64.8,Medium
2368,77,93,97,42,35,3.31,53.3,Medium
2369,71,86,38,74,33,3.79,54.9,Medium
2370,50,98,97,82,61,3.7,73.5,High
2371,84,90,59,90,70,3.96,78.3,Low
2372,64,31,36,61,43,3.95,48.6,High
2373,72,84,79,85,62,3.54,73.8,Low
2374,99,67,61,98,92,3.91,88.9,Low
2375,77,58,91,92,38,3.73,65.4,Low
2376,80,55,84,66,80,3.46,73.7,Low
2377,47,64,72,71,82,2.15,72.4,High
2378,50,96,26,37,45,2.1,46.3,High
2379,61,58,24,98,54,3.68,65.3,Low
2380,90,63,43,37,86,2.98,65.1,Low
2381,63,70,47,43,75,3.63,60.9,Medium
2382,80,70,81,42,59,2.63,59.3,Medium
2383,56,52,36,31,48,2.8,42.9,High
2384,51,32,39,42,25,3.4,34.8,High
2385,96,87,22,40,71,3.83,60.9,Medium
2386,85,61,56,83,20,2.18,53.1,Medium
2387,71,60,34,91,71,3.72,72.2,Low
2388,54,72,70,53,43,3.59,52.7,High
2389,55,36,67,21,53,2.63,43.3,High
2390,93,30,27,88,26,2.71,51.8,Medium
2391,61,90,32,50,94,2.09,70.9,Medium
2392,67,43,67,87,30,2.03,55.8,Medium
2393,59,81,22,89,55,2.95,64.9,High
2394,72,35,84,38,39,2.19,46.1,High
2395,49,39,92,91,82,2.39,78.1,High
2396,79,59,50,32,99,3.69,68.0,Low
2397,71,50,45,84,82,3.14,74.6,Low
2398,89,89,75,25,88,3.27,68.0,Low
2399,99,92,53,90,49,2.37,71.0,Medium
2400,72,71,28,46,49,3.66,50.5,Medium
2401,41,80,81,98,41,3.74,66.0,High
2402,72,93,32,71,80,3.05,73.0,Low
2403,72,85,88,67,40,3.83,60.6,Medium
2404,80,70,60,98,56,3.69,72.8,Low
2405,52,61,96,87,46,3.46,65.4,High
2406,69,44,20,63,54,3.47,53.8,Medium
2407,72,91,66,36,57,2.21,56.5,Medium
2408,52,56,23,57,79,2.54,61.8,High
2409,91,57,82,29,89,2.13,67.3,Medium
2410,65,93,71,73,51,2.02,65.2,Medium
2411,61,88,29,25,99,2.32,64.9,Medium
2412,78,87,47,25,99,3.76,68.3,Low
2413,41,31,25,71,46,2.48,49.4,High
2414,77,65,46,34,22,3.94,37.8,High
2415,78,42,31,87,68,3.19,68.4,Low
2416,65,44,81,76,49,2.47,61.4,Medium
2417,85,89,71,75,41,2.99,63.4,Medium
2418,97,51,67,26,38,2.44,44.5,High
2419,89,92,86,70,50,3.97,67.7,Low
2420,54,54,65,77,39,3.69,56.0,High
2421,73,77,93,83,38,2.05,64.4,Medium
2422,81,72,34,45,21,3.9,40.6,High
2423,94,67,90,77,59,3.44,71.8,Low
2424,83,70,55,50,58,2.16,59.0,Medium
2425,88,74,33,85,91,3.34,81.4,Low
2426,79,69,97,32,73,3.29,63.3,Medium
2427,50,46,22,37,46,2.44,41.3,High
2428,42,86,86,94,98,3.52,88.8,High
2429,98,31,38,32,31,2.17,38.7,High
2430,45,91,95,43,97,2.98,74.8,High
2431,48,38,73,76,90,2.02,74.7,High
2432,45,97,88,48,36,3.94,51.8,High
2433,48,46,29,75,29,3.5,46.4,High
2434,78,79,52,73,38,2.32,58.0,Medium
2435,70,69,32,24,49,2.68,43.9,High
2436,71,87,70,54,49,2.32,58.6,Medium
2437,80,50,51,38,44,3.53,47.1,High
2438,89,47,94,74,93,2.12,82.4,Medium
2439,51,84,43,96,85,3.68,80.6,High
2440,47,58,54,88,54,3.88,63.9,High
2441,47,53,89,63,70,3.35,65.8,High
2442,89,46,59,97,90,2.43,84.5,Medium
2443,67,47,73,57,90,2.72,71.8,Low
2444,59,71,63,81,46,2.95,62.0,High
2445,86,74,81,41,29,3.21,48.0,High
2446,98,46,87,92,62,3.34,75.5,Low
2447,46,43,52,59,74,3.11,61.4,High
2448,50,78,96,45,90,2.7,71.9,High
2449,59,58,75,24,25,3.78,36.4,High
2450,55,33,55,73,25,2.16,46.2,High
2451,43,49,73,68,96,2.93,75.3,High
2452,45,76,38,22,67,3.55,49.3,High
2453,97,38,62,57,96,2.12,75.2,Medium
2454,61,56,31,33,21,3.41,33.1,High
2455,65,44,30,66,70,3.64,61.7,Medium
2456,42,48,89,33,80,3.32,59.8,High
2457,80,81,31,94,38,2.03,62.6,Medium
2458,99,55,60,92,21,2.36,57.4,Medium
2459,81,55,44,57,70,2.68,63.1,Medium
2460,53,55,22,83,45,2.47,55.9,High
2461,50,75,22,63,89,3.93,69.2,High
2462,57,78,47,89,39,3.3,60.5,High
2463,93,82,42,84,42,2.59,63.7,Medium
2464,51,32,67,44,73,3.86,57.4,High
2465,62,95,86,35,34,3.48,48.4,High
2466,51,71,61,34,25,2.57,38.5,High
2467,52,48,59,22,54,2.76,44.1,High
2468,64,46,25,86,94,2.4,76.9,Medium
2469,84,62,39,56,27,3.94,46.1,High
2470,90,78,30,74,76,3.03,72.4,Low
2471,97,85,46,57,69,3.79,67.5,Low
2472,58,92,40,82,68,2.69,70.8,High
2473,94,32,32,20,40,3.72,37.8,High
2474,85,78,54,90,55,2.11,70.7,Medium
2475,75,84,66,38,90,3.96,69.9,Low
2476,84,55,47,71,88,3.82,75.1,Low
2477,47,81,40,49,77,2.73,62.3,High
2478,68,36,37,74,82,3.55,69.1,Low
2479,94,75,50,33,35,3.5,45.8,High
2480,92,75,79,32,25,3.8,44.2,High
2481,94,45,56,46,97,2.61,72.1,Low
2482,71,53,40,28,71,2.93,53.2,Medium
2483,90,90,33,60,21,3.73,47.7,High
2484,83,83,79,67,96,3.56,83.0,Low
2485,57,91,42,31,37,2.79,43.1,High
2486,45,30,48,29,95,3.69,59.0,High
2487,57,78,66,25,54,2.09,49.2,High
2488,58,54,49,53,58,3.56,55.2,High
2489,61,39,57,71,20,2.41,45.0,High
2490,76,45,46,60,56,2.57,57.1,Medium
2491,71,87,34,25,40,2.99,42.7,High
2492,95,58,78,21,20,2.9,37.4,High
2493,80,35,22,34,23,3.04,33.1,High
2494,98,45,29,36,77,3.09,58.8,Medium
2495,42,49,98,35,20,2.66,37.4,High
2496,67,72,99,47,32,2.35,50.7,Medium
2497,49,55,36,91,65,3.54,67.3,High
2498,90,62,30,29,66,2.8,53.3,Medium
2499,74,55,67,29,95,3.01,66.3,Low
2500,68,74,24,29,26,3.29,35.7,High
2501,93,92,88,92,70,3.82,82.9,Low
2502,54,96,83,47,22,3.42,46.2,High
2503,72,81,33,43,69,2.09,59.1,Medium
2504,46,97,69,38,45,3.68,50.6,High
2505,51,55,45,87,50,3.98,61.2,High
2506,88,31,91,75,81,2.94,75.9,Low
2507,69,43,88,86,45,3.94,63.8,Medium
2508,60,59,26,61,86,3.09,67.2,Low
2509,70,78,35,31,74,2.92,57.2,Medium
2510,97,41,74,37,47,2.66,51.1,Medium
2511,63,73,97,42,63,3.32,61.1,Medium
2512,59,62,75,25,57,2.46,49.9,High
2513,76,42,23,72,49,2.21,55.3,Medium
2514,43,55,67,61,85,2.05,68.8,High
2515,67,50,36,85,27,2.58,51.6,Medium
2516,83,57,55,49,33,2.79,47.4,High
2517,59,77,89,28,81,3.1,63.3,High
2518,99,69,99,61,94,2.59,82.6,Low
2519,63,95,57,53,82,3.97,70.2,Low
2520,89,52,81,59,98,2.58,79.1,Low
2521,88,77,67,36,85,2.88,68.0,Low
2522,90,31,29,48,59,2.21,53.0,Medium
2523,71,49,55,69,32,2.52,51.0,Medium
2524,80,88,48,95,36,2.1,64.5,Medium
2525,75,75,97,68,34,3.12,58.7,Medium
2526,97,32,23,92,52,3.5,63.6,Medium
2527,92,84,63,80,35,2.39,61.9,Medium
2528,73,41,75,65,32,2.74,51.2,Medium
2529,75,69,61,65,42,2.03,56.8,Medium
2530,41,95,32,36,55,3.68,49.6,High
2531,54,45,65,85,62,3.56,66.7,High
2532,73,63,52,24,69,2.13,53.6,Medium
2533,75,73,40,73,93,2.73,77.9,Low
2534,45,35,99,35,32,3.91,41.2,High
2535,78,93,98,26,49,2.78,54.3,Medium
2536,81,51,76,27,76,3.05,59.3,Medium
2537,90,47,88,91,49,2.71,69.4,Low
2538,90,41,89,57,90,3.19,75.1,Low
2539,97,81,86,73,29,3.96,59.9,Medium
2540,93,80,67,95,85,4.0,86.5,Low
2541,51,77,95,34,58,3.55,55.7,High
2542,42,48,52,69,56,2.81,57.3,High
2543,84,35,55,75,22,2.99,48.7,High
2544,57,56,52,28,53,2.71,46.1,High
2545,79,82,50,27,57,3.97,52.0,Medium
2546,60,77,40,38,33,3.42,42.3,High
2547,54,36,46,70,83,2.9,67.8,High
2548,72,88,91,91,58,2.02,75.6,Medium
2549,74,98,81,76,73,3.04,77.3,Low
2550,65,40,45,87,21,3.97,49.5,High
2551,47,44,85,50,62,3.05,57.4,High
2552,75,93,31,22,72,2.36,55.3,Medium
2553,87,32,41,62,22,2.04,43.4,High
2554,69,98,36,48,60,2.71,58.7,Medium
2555,62,52,26,29,27,3.84,33.5,High
2556,81,82,87,31,94,3.99,71.9,Low
2557,83,66,56,65,82,3.89,72.8,Low
2558,53,38,57,49,84,3.46,63.1,High
2559,53,44,30,51,98,3.12,67.2,High
2560,41,32,20,92,23,3.18,46.1,High
2561,94,99,44,66,87,3.08,78.3,Low
2562,76,46,61,82,29,3.41,54.5,Medium
2563,44,55,71,45,94,2.84,68.1,High
2564,77,50,43,22,69,3.34,51.2,Medium
2565,84,50,72,42,42,2.24,50.0,Medium
2566,80,40,75,94,80,2.53,79.7,Low
2567,93,67,82,93,66,3.67,78.5,Low
2568,99,64,27,69,22,3.81,48.5,High
2569,86,43,78,55,36,3.08,51.6,Medium
2570,53,43,64,32,41,2.06,42.0,High
2571,95,39,46,48,35,3.85,46.4,High
2572,78,41,71,57,99,3.4,75.7,Low
2573,64,67,37,96,22,2.83,54.4,Medium
2574,59,63,35,24,71,3.2,51.3,High
2575,41,70,85,39,52,2.86,52.1,High
2576,78,39,24,97,61,2.93,67.6,Low
2577,45,46,22,33,21,3.77,29.6,High
2578,56,46,99,27,58,2.32,51.4,High
2579,98,96,89,67,65,2.21,74.4,Medium
2580,64,91,26,32,67,2.01,54.5,Medium
2581,96,30,69,43,46,2.63,50.8,Medium
2582,67,41,33,98,34,2.29,57.1,Medium
2583,41,33,57,84,26,2.44,48.7,High
2584,74,71,98,53,76,2.02,70.6,Medium
2585,76,42,66,70,61,2.45,63.8,Medium
2586,44,33,52,22,28,2.67,30.7,High
2587,40,98,62,97,25,2.06,59.1,High
2588,79,48,48,77,76,3.22,71.0,Low
2589,51,31,76,91,95,3.14,81.1,High
2590,95,41,24,74,49,2.19,57.8,Medium
2591,75,35,79,99,74,3.19,78.2,Low
2592,84,37,89,61,73,4.0,68.5,Low
2593,62,80,21,40,46,3.89,46.7,High
2594,86,40,89,29,78,2.01,61.4,Medium
2595,70,92,62,76,26,3.59,55.6,Medium
2596,50,86,23,44,59,2.71,52.7,High
2597,49,41,75,75,91,2.13,75.4,High
2598,42,31,78,57,21,2.59,40.6,High
2599,93,37,28,80,33,2.64,53.0,Medium
2600,53,40,22,66,29,3.05,42.9,High
2601,55,82,67,73,69,3.32,69.9,High
2602,49,39,62,65,37,3.5,49.3,High
2603,68,37,20,87,37,2.49,53.4,Medium
2604,49,65,76,23,35,2.64,39.9,High
2605,51,43,72,85,71,2.62,70.5,High
2606,69,83,35,62,88,2.73,72.5,Low
2607,80,50,70,81,71,4.0,72.7,Low
2608,40,79,94,23,50,3.56,48.2,High
2609,44,68,74,84,42,3.95,60.6,High
2610,59,49,20,81,61,3.39,61.5,High
2611,47,36,47,21,81,2.81,51.7,High
2612,82,38,72,28,96,2.78,66.0,Low
2613,51,30,77,76,69,2.98,66.2,High
2614,40,55,92,64,96,2.83,76.3,High
2615,96,67,79,37,34,3.66,48.9,High
2616,93,67,78,67,63,2.93,69.1,Low
2617,59,90,41,61,61,2.59,61.7,High
2618,67,73,27,60,64,3.55,60.3,Medium
2619,96,73,68,94,54,3.71,73.5,Low
2620,82,91,61,77,41,2.84,62.9,Medium
2621,76,35,46,61,93,3.34,71.2,Low
2622,86,46,58,54,94,2.12,72.8,Medium
2623,76,80,44,57,57,3.06,59.9,Medium
2624,51,67,57,86,89,2.09,78.9,High
2625,76,53,43,60,83,2.06,68.4,Medium
2626,88,80,43,69,26,3.23,52.2,Medium
2627,88,39,79,91,63,2.61,73.1,Low
2628,95,50,69,98,95,3.49,88.8,Low
2629,83,99,85,64,26,3.79,56.3,Medium
2630,95,86,33,90,85,2.28,82.4,Medium
2631,67,68,72,38,79,3.45,63.7,Medium
2632,86,62,51,36,20,3.03,38.7,High
2633,54,88,67,84,81,2.22,78.5,High
2634,45,47,58,96,37,3.3,58.6,High
2635,83,85,59,75,26,3.22,55.6,Medium
2636,98,86,61,60,73,3.03,71.7,Low
2637,59,77,96,61,86,3.85,75.9,High
2638,89,71,95,25,29,3.04,44.6,High
2639,53,56,27,88,80,3.98,72.0,High
2640,41,81,98,94,78,3.02,81.4,High
2641,48,71,45,92,78,2.23,75.2,High
2642,76,61,31,59,88,2.94,69.7,Low
2643,59,55,62,60,82,2.36,68.4,High
2644,65,54,70,28,27,3.19,38.1,High
2645,68,52,82,27,97,3.39,67.1,Low
2646,40,86,68,63,74,2.94,67.9,High
2647,94,81,46,77,25,2.2,55.2,Medium
2648,74,60,28,86,20,2.94,50.0,Medium
2649,45,93,58,32,75,2.16,59.2,High
2650,76,62,84,38,94,3.36,71.2,Low
2651,92,31,90,68,29,3.58,53.3,Medium
2652,98,47,90,99,42,3.92,70.0,Low
2653,44,76,26,97,35,2.3,57.7,High
2654,72,62,91,49,35,3.06,51.2,Medium
2655,88,64,99,85,75,3.14,80.6,Low
2656,90,80,86,96,25,3.84,64.4,Medium
2657,53,47,29,78,49,3.25,55.9,High
2658,51,59,90,72,82,2.29,74.4,High
2659,81,73,72,71,20,2.87,51.9,Medium
2660,59,82,76,50,70,3.31,64.7,High
2661,92,39,46,34,65,3.4,53.9,Medium
2662,89,81,73,39,40,3.73,52.0,Medium
2663,63,78,23,24,57,2.36,46.4,High
2664,98,40,42,26,88,3.9,61.0,Medium
2665,82,95,67,37,82,2.12,68.3,Medium
2666,73,87,61,75,69,3.97,72.2,Low
2667,64,65,22,94,31,3.72,55.7,Medium
2668,89,62,22,64,88,3.32,71.7,Low
2669,68,76,47,47,92,3.47,70.0,Low
2670,96,42,82,69,63,2.15,67.9,Medium
2671,78,69,50,21,71,2.08,54.4,Medium
2672,70,97,29,87,28,2.2,56.9,Medium
2673,95,71,68,96,84,2.17,85.8,Medium
2674,86,48,40,43,29,3.09,41.9,High
2675,82,48,72,67,65,2.43,66.3,Medium
2676,89,87,95,64,77,3.72,77.1,Low
2677,62,52,73,77,56,2.89,64.2,Medium
2678,83,83,76,55,71,3.39,69.1,Low
2679,77,94,39,21,32,3.31,40.1,High
2680,59,41,68,37,25,2.64,37.9,High
2681,62,53,26,68,77,2.49,65.3,Medium
2682,84,63,48,27,67,2.68,54.4,Medium
2683,91,82,67,77,51,3.59,67.5,Low
2684,55,37,32,34,30,3.17,34.6,High
2685,89,47,22,36,24,2.51,36.2,High
2686,81,86,21,42,25,3.64,41.4,High
2687,99,34,35,85,93,2.11,79.5,Medium
2688,94,55,25,89,40,3.4,60.1,Medium
2689,47,59,64,46,61,2.88,55.2,High
2690,89,83,90,56,46,3.46,61.4,Medium
2691,60,42,24,68,22,3.85,41.8,High
2692,40,58,75,83,79,3.5,73.8,High
2693,94,32,90,53,85,2.88,71.5,Low
2694,47,87,51,37,68,2.3,56.8,High
2695,68,31,68,83,53,3.61,62.8,Medium
2696,71,57,32,93,56,2.92,66.3,Low
2697,77,31,49,63,61,2.15,59.0,Medium
2698,44,36,44,36,84,3.44,56.8,High
2699,86,55,79,78,79,2.58,77.0,Low
2700,61,45,78,32,20,2.1,36.0,High
2701,86,52,47,71,78,3.81,71.0,Low
2702,73,69,77,79,23,2.97,54.8,Medium
2703,40,89,39,61,33,2.56,48.3,High
2704,94,61,53,83,37,3.43,60.5,Medium
2705,94,44,24,85,53,3.77,62.9,Medium
2706,65,42,79,53,20,2.0,42.5,High
2707,82,34,62,90,72,3.38,73.6,Low
2708,49,81,76,83,41,3.53,61.9,High
2709,69,70,76,52,99,2.42,76.7,Medium
2710,89,82,94,31,80,2.98,67.8,Low
2711,57,79,73,95,41,2.18,65.8,High
2712,56,44,64,38,69,3.49,55.4,High
2713,65,36,56,28,35,3.69,38.1,High
2714,47,69,67,93,47,2.22,65.0,High
2715,86,57,73,36,89,3.63,68.0,Low
2716,79,61,67,69,61,3.54,65.8,Low
2717,88,44,25,58,85,2.69,67.1,Low
2718,51,99,53,60,90,3.38,74.3,High
2719,66,94,82,29,54,2.0,54.5,Medium
2720,47,33,97,31,39,3.86,42.6,High
2721,64,40,67,98,21,3.1,54.9,Medium
2722,85,55,42,34,26,3.24,38.8,High
2723,43,90,32,47,68,3.33,57.8,High
2724,72,66,66,23,95,3.12,65.3,Low
2725,40,52,63,55,28,3.71,43.2,High
2726,58,69,51,84,46,3.22,61.4,High
2727,70,52,45,66,97,3.82,75.3,Low
2728,55,45,72,58,21,3.16,43.0,High
2729,53,90,33,57,87,2.34,69.5,High
2730,92,97,71,63,79,3.83,76.5,Low
2731,87,60,55,70,68,3.36,68.4,Low
2732,44,82,27,45,21,3.4,37.2,High
2733,80,54,59,55,36,3.97,50.2,Medium
2734,65,73,41,88,39,2.15,59.9,Medium
2735,67,41,35,20,95,2.86,58.3,Medium
2736,41,38,79,72,51,2.48,57.8,High
2737,89,41,79,25,70,3.26,56.4,Medium
2738,45,98,29,56,61,3.61,58.4,High
2739,48,83,44,21,82,3.93,56.6,High
2740,72,83,50,88,80,2.91,78.9,Low
2741,80,57,40,60,81,3.57,68.1,Low
2742,64,85,52,70,22,3.83,49.9,High
2743,87,98,50,66,95,3.37,81.3,Low
2744,52,87,40,32,45,2.49,45.5,High
2745,48,71,55,95,67,3.22,72.7,High
2746,92,67,84,88,27,3.94,61.5,Medium
2747,52,97,23,85,24,3.98,52.3,High
2748,70,82,87,78,30,3.28,59.3,Medium
2749,80,62,23,87,61,3.77,67.0,Low
2750,50,85,28,78,60,2.4,63.7,High
2751,43,80,49,29,38,2.49,41.1,High
2752,73,72,64,32,67,3.91,57.3,Medium
2753,77,44,23,21,72,2.27,49.5,High
2754,85,67,88,34,74,2.38,63.8,Medium
2755,43,44,42,65,80,2.84,64.4,High
2756,77,34,35,76,51,3.18,57.8,Medium
2757,58,83,41,29,65,3.21,52.9,High
2758,45,80,91,41,55,2.58,55.9,High
2759,73,39,67,98,37,3.84,62.1,Medium
2760,57,41,81,96,93,3.83,83.9,High
2761,52,33,79,27,37,2.78,39.3,High
2762,80,47,99,40,31,2.87,47.0,High
2763,62,65,24,41,91,3.4,63.8,Medium
2764,58,54,99,64,65,3.33,66.3,High
2765,84,65,26,59,74,2.76,64.8,Medium
2766,50,96,70,41,57,2.83,56.7,High
2767,40,38,84,49,97,2.7,69.7,High
2768,63,90,28,81,21,2.47,50.8,Medium
2769,93,82,64,92,28,2.92,62.7,Medium
2770,46,47,66,64,24,3.37,44.7,High
2771,64,72,86,54,38,3.48,53.6,Medium
2772,60,64,43,61,90,3.56,71.0,Low
2773,54,92,29,24,58,2.75,47.9,High
2774,40,33,92,46,61,3.53,54.7,High
2775,51,70,96,89,36,2.01,62.8,High
2776,97,74,67,81,82,2.95,80.9,Low
2777,46,79,54,51,65,3.59,59.2,High
2778,54,57,73,27,39,3.26,42.1,High
2779,60,71,90,37,89,2.95,68.8,Low
2780,58,98,35,97,27,3.29,59.0,High
2781,99,30,72,34,38,3.81,45.5,High
2782,68,68,59,45,51,3.13,53.4,Medium
2783,64,46,39,72,38,3.6,51.7,Medium
2784,72,64,88,63,43,3.96,58.5,Medium
2785,88,75,64,51,43,3.41,55.2,Medium
2786,71,71,25,47,75,3.15,60.8,Medium
2787,88,68,88,58,37,2.07,56.6,Medium
2788,74,78,68,51,31,2.75,49.7,High
2789,83,91,58,96,60,3.13,76.0,Low
2790,77,67,21,98,67,3.59,72.7,Low
2791,65,52,58,37,83,2.88,61.8,Medium
2792,50,51,40,89,35,3.92,54.8,High
2793,74,33,59,30,99,2.54,65.2,Low
2794,47,78,73,51,42,3.49,51.9,High
2795,85,88,31,39,58,2.84,55.3,Medium
2796,53,97,56,59,52,2.97,59.1,High
2797,49,31,57,27,43,3.61,39.0,High
2798,41,78,34,54,80,2.59,63.5,High
2799,85,60,26,88,74,2.19,73.1,Medium
2800,48,69,97,97,80,3.04,82.5,High
2801,42,77,69,40,59,3.06,54.4,High
2802,60,80,84,43,77,3.59,66.1,Low
2803,65,72,86,36,91,3.94,69.5,Low
2804,47,84,63,37,93,2.11,67.7,High
2805,87,78,50,31,20,3.18,38.8,High
2806,41,86,62,35,44,3.36,47.0,High
2807,45,44,96,23,72,3.97,54.2,High
2808,67,56,67,53,80,3.89,66.9,Low
2809,92,97,80,65,65,3.42,72.4,Low
2810,68,93,94,94,93,3.04,90.9,Low
2811,65,59,29,96,79,2.32,75.7,Medium
2812,64,65,48,50,70,2.77,60.7,Medium
2813,51,96,67,44,92,3.17,71.4,High
2814,44,78,81,93,67,3.45,75.0,High
2815,73,84,32,43,59,3.27,55.4,Medium
2816,87,85,63,84,26,3.43,59.1,Medium
2817,76,97,66,44,94,2.86,74.7,Low
2818,54,73,83,47,38,3.46,50.3,High
2819,83,60,72,55,34,2.29,51.6,Medium
2820,75,87,96,25,89,2.33,68.9,Medium
2821,54,82,95,85,80,2.33,80.6,High
2822,82,52,63,86,75,3.78,75.5,Low
2823,87,57,47,91,29,2.15,58.0,Medium
2824,62,45,21,67,65,3.6,58.9,Medium
2825,45,66,76,89,99,2.47,85.0,High
2826,85,50,76,97,94,2.94,87.8,Low
2827,89,46,53,86,76,3.83,75.0,Low
2828,83,66,77,67,54,3.17,64.3,Medium
2829,98,48,71,84,91,2.42,83.3,Medium
2830,82,59,48,63,22,2.57,46.6,High
2831,84,74,54,82,85,3.84,79.8,Low
2832,60,47,94,65,72,2.85,68.4,Low
2833,62,91,67,38,97,3.17,72.2,Low
2834,82,65,52,83,71,2.92,73.2,Low
2835,94,81,94,92,72,2.76,83.3,Low
2836,55,48,92,90,73,2.45,75.7,High
2837,86,73,97,69,66,3.37,72.7,Low
2838,92,36,28,82,22,3.44,49.0,High
2839,99,73,67,60,84,2.55,75.5,Low
2840,54,97,86,26,34,3.58,45.1,High
2841,64,63,55,28,53,3.71,47.8,High
2842,75,95,90,23,69,3.84,60.5,Medium
2843,50,98,63,68,52,2.32,62.3,High
2844,90,84,79,95,92,2.61,90.6,Low
2845,54,39,82,25,22,3.72,33.8,High
2846,43,71,24,40,21,2.4,34.2,High
2847,60,70,95,34,23,2.01,41.9,High
2848,52,98,59,86,35,3.74,60.7,High
2849,61,39,38,85,73,2.65,68.5,Low
2850,58,39,66,75,52,2.83,59.6,High
2851,73,89,84,87,28,2.89,61.9,Medium
2852,53,80,86,51,76,3.7,67.6,High
2853,43,50,37,85,59,2.68,62.1,High
2854,87,37,69,48,71,3.78,62.1,Medium
2855,92,94,49,85,35,3.23,63.0,Medium
2856,91,59,85,53,27,3.05,50.2,Medium
2857,85,78,24,46,79,2.65,64.1,Medium
2858,66,38,61,79,55,2.49,62.2,Medium
2859,68,46,24,58,22,3.25,40.0,High
2860,86,98,69,63,34,2.89,57.8,Medium
2861,67,87,77,55,42,3.82,56.4,Medium
2862,74,86,98,38,22,2.98,46.0,High
2863,47,91,27,64,49,3.02,55.3,High
2864,55,81,50,40,64,2.83,56.2,High
2865,81,90,31,42,36,3.58,47.2,High
2866,75,69,40,46,77,2.85,63.0,Medium
2867,69,67,81,91,77,2.54,79.8,Low
2868,57,72,52,38,76,3.72,59.9,High
2869,41,92,45,60,26,3.19,46.2,High
2870,88,48,59,45,58,3.18,56.2,Medium
2871,52,79,84,47,97,3.22,74.4,High
2872,43,62,78,83,77,3.44,74.0,High
2873,65,42,34,87,75,2.63,70.2,Low
2874,64,91,20,99,34,2.07,60.8,Medium
2875,69,72,30,70,63,3.62,63.3,Medium
2876,50,78,74,93,31,2.26,60.5,High
2877,46,65,21,67,27,3.44,44.1,High
2878,70,39,84,29,99,2.16,67.6,Medium
2879,83,35,63,92,60,2.75,69.7,Low
2880,49,86,35,58,53,2.13,55.6,High
2881,78,30,41,38,65,3.04,52.3,Medium
2882,52,87,37,83,48,3.31,61.7,High
2883,70,50,66,38,35,2.34,44.0,High
2884,46,85,49,95,24,2.74,56.1,High
2885,95,49,29,81,24,3.86,51.2,Medium
2886,88,83,77,32,49,2.88,54.0,Medium
2887,81,54,81,44,69,3.61,62.4,Medium
2888,81,57,99,61,24,3.85,51.6,Medium
2889,95,34,25,58,32,3.95,45.6,High
2890,75,50,86,49,68,3.8,63.0,Medium
2891,59,47,60,24,69,2.63,51.4,High
2892,43,76,62,37,33,3.93,42.4,High
2893,93,99,96,40,65,3.62,66.8,Low
2894,46,86,37,69,53,3.67,58.8,High
2895,93,48,77,25,90,2.03,65.3,Medium
2896,40,94,79,69,66,3.91,68.4,High
2897,83,32,46,99,79,3.56,77.4,Low
2898,95,71,87,85,93,3.54,88.0,Low
2899,84,50,41,20,98,2.16,62.7,Medium
2900,81,69,43,76,30,2.47,54.1,Medium
2901,86,96,59,49,69,3.92,66.4,Low
2902,98,54,93,77,23,3.0,56.8,Medium
2903,52,84,85,71,60,2.8,67.4,High
2904,94,81,59,56,78,3.68,71.4,Low
2905,61,73,25,67,79,2.17,67.6,Medium
2906,93,85,37,20,81,2.83,59.9,Medium
2907,60,84,49,38,44,2.75,48.3,High
2908,61,99,40,65,98,2.7,78.7,Low
2909,67,95,81,86,52,2.62,70.9,Low
2910,48,48,29,21,38,2.42,34.0,High
2911,65,36,32,75,76,2.35,66.2,Medium
2912,48,92,95,36,34,3.28,47.9,High
2913,54,71,28,98,60,3.84,68.7,High
2914,49,71,87,41,88,3.02,68.2,High
2915,63,88,58,46,99,2.6,74.3,Low
2916,97,49,43,74,79,2.32,72.7,Medium
2917,96,46,53,51,41,3.66,51.2,Medium
2918,81,56,80,79,62,3.94,70.2,Low
2919,47,76,60,47,51,2.7,52.8,High
2920,63,31,24,47,32,2.58,38.7,High
2921,55,92,98,93,57,3.2,75.2,High
2922,88,91,69,44,45,3.55,56.0,Medium
2923,65,48,23,97,24,2.91,52.3,Medium
2924,66,46,70,45,68,3.26,58.9,Medium
2925,76,98,71,94,24,3.43,62.3,Medium
2926,43,68,58,90,90,3.92,79.9,High
2927,89,68,27,36,67,2.33,56.0,Medium
2928,63,65,64,26,37,3.99,41.8,High
2929,58,69,47,75,25,2.78,49.9,High
2930,75,74,46,83,85,3.45,78.4,Low
2931,99,33,84,39,96,3.14,71.7,Low
2932,78,54,53,57,61,2.97,60.0,Medium
2933,49,98,81,94,71,3.4,79.4,High
2934,64,59,81,77,30,2.79,55.5,Medium
2935,57,97,57,35,45,2.25,49.6,High
2936,58,58,45,70,40,2.98,53.1,High
2937,75,97,43,46,85,3.04,69.3,Low
2938,49,80,58,70,59,2.4,63.3,High
2939,72,53,40,94,75,3.87,74.7,Low
2940,94,43,66,35,70,2.45,58.8,Medium
2941,89,98,67,79,39,2.82,64.7,Medium
2942,44,47,32,95,99,2.31,80.4,High
2943,86,71,22,59,76,3.07,66.0,Low
2944,88,86,51,86,24,2.62,57.9,Medium
2945,74,41,54,21,33,2.98,36.4,High
2946,83,46,38,67,43,2.45,54.0,Medium
2947,73,59,33,71,87,2.11,72.6,Medium
2948,72,52,67,43,71,3.56,60.4,Medium
2949,94,30,87,97,67,3.28,77.0,Low
2950,60,61,64,21,66,2.68,51.2,Medium
2951,56,38,38,84,79,2.09,70.0,High
2952,61,44,83,39,92,3.73,67.3,Low
2953,87,57,85,53,22,2.34,47.6,High
2954,76,53,98,60,28,3.86,51.9,Medium
2955,54,89,85,60,43,2.96,58.0,High
2956,74,64,94,94,23,2.68,60.6,Medium
2957,67,56,64,42,28,3.48,42.5,High
2958,46,49,93,57,20,3.75,43.9,High
2959,71,94,86,63,54,2.74,65.6,Low
2960,50,78,88,86,93,2.81,84.6,High
2961,49,30,22,81,31,2.87,46.8,High
2962,48,39,57,31,37,3.84,38.5,High
2963,53,76,96,49,97,3.39,76.0,High
2964,52,88,61,84,29,2.5,56.9,High
2965,96,91,59,60,93,2.37,79.8,Medium
2966,64,47,69,39,37,2.46,44.5,High
2967,41,75,54,25,43,2.53,41.7,High
2968,74,61,43,94,20,2.46,54.0,Medium
2969,46,56,36,23,98,3.32,59.9,High
2970,60,47,59,29,91,2.23,61.7,Medium
2971,57,68,93,70,35,2.77,56.8,High
2972,42,78,85,57,34,3.25,51.2,High
2973,81,73,63,20,81,2.58,60.1,Medium
2974,93,83,42,27,24,2.13,39.5,High
2975,78,63,25,82,64,2.16,66.8,Medium
2976,80,65,85,52,71,2.25,67.0,Medium
2977,88,47,40,34,90,3.67,63.7,Medium
2978,50,67,54,50,26,3.32,42.5,High
2979,78,88,48,40,46,2.13,51.8,Medium
2980,63,38,26,22,32,2.78,32.1,High
2981,99,80,72,85,36,2.56,65.0,Medium
2982,85,64,56,54,63,3.16,61.9,Medium
2983,58,34,42,60,32,3.05,44.2,High
2984,43,43,27,78,92,2.96,71.5,High
2985,65,59,95,35,24,2.63,42.0,High
2986,77,33,67,75,52,2.28,61.0,Medium
2987,81,68,29,64,23,3.48,46.2,High
2988,71,93,98,78,45,3.76,67.6,Low
2989,78,54,43,69,87,3.89,73.0,Low
2990,84,57,66,31,35,2.12,44.0,High
2991,85,95,72,31,41,3.48,50.9,Medium
2992,75,51,58,52,55,3.45,56.0,Medium
2993,79,60,86,68,77,3.89,73.7,Low
2994,76,52,85,40,74,2.51,62.9,Medium
2995,72,77,25,79,54,3.48,62.7,Medium
2996,75,49,40,71,44,2.11,55.3,Medium
2997,42,67,92,73,91,3.26,78.4,High
2998,48,84,93,58,80,2.7,71.9,High
2999,47,97,55,68,37,3.54,55.1,High
3000,72,30,22,83,77,3.73,68.1,Low
3001,98,36,97,45,95,2.73,74.6,Low
3002,45,86,61,90,76,3.05,76.6,High
3003,80,41,64,26,82,2.23,59.1,Medium
3004,78,34,63,91,31,2.83,57.2,Medium
3005,43,79,52,81,30,2.72,53.7,High
3006,52,71,79,43,32,2.37,45.9,High
3007,88,41,89,59,54,3.79,61.1,Medium
3008,99,47,96,95,46,2.3,71.1,Medium
3009,41,95,45,66,86,3.27,72.3,High
3010,99,46,40,27,64,3.78,52.2,Medium
3011,44,97,21,73,93,3.82,75.3,High
3012,83,91,66,28,86,3.59,66.8,Low
3013,66,70,49,22,41,2.35,41.5,High
3014,71,63,46,73,97,3.63,78.7,Low
3015,60,99,90,40,61,2.55,61.3,Medium
3016,47,74,39,67,39,3.84,51.7,High
3017,77,87,69,66,67,3.42,69.9,Low
3018,47,80,42,87,37,3.57,57.8,High
3019,89,63,32,82,96,2.17,81.4,Medium
3020,42,73,23,35,89,3.17,59.9,High
3021,93,44,33,93,93,3.64,82.1,Low
3022,83,99,39,24,25,3.72,39.3,High
3023,97,79,32,30,58,2.06,53.0,Medium
3024,42,61,22,48,30,3.88,38.9,High
3025,61,96,97,98,44,2.09,72.4,Medium
3026,45,32,66,89,74,3.23,70.6,High
3027,41,80,22,67,77,3.39,65.2,High
3028,62,96,20,34,56,2.21,50.4,Medium
3029,83,77,43,53,35,2.1,50.2,Medium
3030,41,46,54,79,89,3.57,73.4,High
3031,77,36,33,81,92,2.77,75.7,Low
3032,56,42,86,21,56,2.21,47.1,High
3033,74,95,32,99,72,3.53,78.6,Low
3034,73,33,66,38,35,3.7,42.6,High
3035,62,39,69,68,37,3.17,52.2,Medium
3036,69,46,97,97,38,2.32,65.5,Medium
3037,91,81,45,47,63,2.03,61.0,Medium
3038,47,35,22,67,21,3.4,38.9,High
3039,61,98,70,56,77,3.1,70.5,Low
3040,83,38,59,93,29,3.3,57.5,Medium
3041,97,50,87,68,95,3.63,81.8,Low
3042,75,53,55,67,65,2.87,64.4,Medium
3043,44,33,70,92,38,2.25,57.5,High
3044,52,53,20,48,57,3.88,49.7,High
3045,68,88,52,79,56,3.09,66.9,Low
3046,70,32,26,48,97,3.23,66.0,Low
3047,86,97,71,77,64,3.87,74.1,Low
3048,96,69,30,67,53,3.86,60.8,Medium
3049,94,77,46,42,21,3.14,42.7,High
3050,55,83,33,46,63,2.6,56.1,High
3051,81,64,99,26,46,3.99,50.6,Medium
3052,69,85,65,68,67,3.36,69.1,Low
3053,96,69,95,73,26,2.82,58.3,Medium
3054,94,97,29,87,46,3.12,66.5,Low
3055,55,75,43,97,90,2.83,82.4,High
3056,51,42,80,61,37,3.78,50.4,High
3057,56,56,37,93,52,2.96,63.6,High
3058,55,35,28,78,52,3.65,56.0,High
3059,51,46,36,63,44,3.68,49.8,High
3060,47,65,77,45,33,3.65,45.6,High
3061,59,31,32,42,57,3.44,47.6,High
3062,42,81,69,92,57,3.71,69.6,High
3063,55,95,25,27,23,2.77,34.8,High
3064,69,81,70,72,81,2.23,76.0,Medium
3065,84,72,55,33,29,3.68,42.6,High
3066,62,51,90,90,54,3.0,68.9,Low
3067,67,84,44,26,42,2.25,44.1,High
3068,90,96,30,28,84,2.23,63.6,Medium
3069,79,89,63,22,98,2.32,68.9,Medium
3070,93,87,33,97,44,3.5,68.0,Low
3071,44,41,48,36,72,3.42,52.9,High
3072,59,98,93,63,36,2.41,58.3,High
3073,79,68,69,65,76,3.69,71.5,Low
3074,95,42,24,77,94,2.56,76.8,Low
3075,83,70,91,47,96,3.59,76.9,Low
3076,40,86,88,33,39,2.98,46.9,High
3077,96,82,76,28,44,3.46,51.4,Medium
3078,69,41,45,45,61,2.76,53.4,Medium
3079,60,42,25,21,64,2.69,44.6,High
3080,59,86,35,94,50,3.68,66.2,High
3081,45,69,79,53,84,2.07,68.8,High
3082,61,74,31,38,71,3.95,56.4,Medium
3083,57,64,94,58,99,3.3,78.5,High
3084,47,32,22,32,40,2.86,35.7,High
3085,78,34,82,24,49,3.26,46.2,High
3086,71,40,83,69,22,2.25,48.9,High
3087,72,85,81,42,89,3.03,72.0,Low
3088,92,39,25,48,62,3.97,54.8,Medium
3089,55,63,38,91,48,2.47,62.1,High
3090,51,96,37,45,22,3.44,40.7,High
3091,77,60,99,98,77,2.87,83.8,Low
3092,91,95,62,76,52,3.3,68.4,Low
3093,73,99,92,20,94,2.41,70.0,Medium
3094,53,70,22,47,64,2.94,54.2,High
3095,75,92,91,81,88,3.96,85.3,Low
3096,72,61,57,66,51,2.39,59.2,Medium
3097,62,49,87,97,71,3.27,77.3,Low
3098,89,86,95,78,83,3.15,83.6,Low
3099,84,79,63,50,59,3.13,61.2,Medium
3100,41,54,99,89,32,3.23,58.9,High
3101,80,41,82,68,99,3.0,80.3,Low
3102,60,68,61,24,93,2.03,63.3,Medium
3103,41,46,83,50,48,3.8,51.2,High
3104,66,74,73,56,82,3.65,70.9,Low
3105,96,40,97,98,45,2.35,70.7,Medium
3106,48,99,96,34,78,2.83,65.7,High
3107,40,52,90,71,68,3.54,66.7,High
3108,50,99,95,88,72,3.96,79.6,High
3109,42,67,56,30,50,3.9,45.5,High
3110,91,31,23,62,31,3.8,45.5,High
3111,62,66,21,89,77,2.32,72.4,Medium
3112,65,78,63,42,55,3.83,55.2,Medium
3113,43,81,86,59,29,3.76,50.3,High
3114,57,62,87,82,25,2.75,55.2,High
3115,94,51,95,21,26,2.79,40.7,High
3116,45,34,93,98,50,2.92,66.6,High
3117,74,47,81,92,91,3.31,84.2,Low
3118,61,67,20,66,22,2.52,43.4,High
3119,82,66,36,49,66,2.05,59.5,Medium
3120,54,93,35,35,20,2.28,36.7,High
3121,61,39,28,78,64,2.88,61.8,Medium
3122,99,71,72,66,73,2.56,73.2,Low
3123,76,77,92,49,69,3.53,66.8,Low
3124,91,73,78,28,98,2.21,71.8,Medium
3125,81,45,28,84,26,3.83,51.0,Medium
3126,51,83,31,78,82,3.79,72.7,High
3127,86,64,60,83,34,3.82,59.5,Medium
3128,88,57,34,27,86,3.48,60.4,Medium
3129,81,31,85,71,49,2.21,60.6,Medium
3130,77,42,94,37,97,2.88,71.2,Low
3131,57,70,30,77,87,2.26,73.6,High
3132,84,88,27,68,55,3.98,62.3,Medium
3133,74,98,74,51,86,2.67,74.3,Low
3134,69,82,25,67,24,3.17,47.3,High
3135,63,74,72,64,44,3.56,57.7,Medium
3136,81,49,39,73,30,3.84,50.8,Medium
3137,69,53,58,65,91,3.51,73.9,Low
3138,53,90,91,50,85,3.35,72.4,High
3139,45,87,53,56,47,2.93,54.1,High
3140,42,56,76,35,79,3.21,59.5,High
3141,55,55,38,65,29,2.19,45.9,High
3142,46,36,90,65,69,3.77,64.3,High
3143,91,71,50,97,58,3.09,73.5,Low
3144,53,76,59,80,56,2.08,65.2,High
3145,48,82,33,65,82,3.84,68.6,High
3146,54,88,56,70,80,2.98,72.8,High
3147,60,67,63,81,57,3.74,66.1,Low
3148,74,98,28,54,52,3.71,57.0,Medium
3149,41,82,77,61,94,3.63,75.9,High
3150,66,44,39,64,64,2.12,59.7,Medium
3151,41,55,69,87,63,2.49,67.8,High
3152,74,77,39,94,20,3.75,55.2,Medium
3153,57,48,55,66,72,3.8,64.6,High
3154,53,38,46,98,66,2.92,69.5,High
3155,59,93,91,49,52,2.88,59.8,High
3156,57,83,51,43,86,2.35,66.4,High
3157,49,80,20,85,34,3.94,54.0,High
3158,64,68,36,62,33,2.43,48.6,High
3159,41,33,28,53,42,2.38,42.9,High
3160,64,32,64,42,73,3.32,57.8,Medium
3161,93,93,85,80,27,2.49,61.9,Medium
3162,72,58,51,56,73,3.88,64.1,Medium
3163,75,40,64,32,55,2.02,49.5,High
3164,70,87,28,90,71,2.01,73.9,Medium
3165,53,56,49,26,25,3.01,33.6,High
3166,40,50,57,61,47,2.98,51.8,High
3167,85,68,79,57,69,2.33,67.9,Medium
3168,55,75,20,71,57,2.99,59.1,High
3169,93,95,24,63,49,2.82,59.7,Medium
3170,85,65,82,83,92,3.78,84.9,Low
3171,91,94,55,32,73,2.02,62.8,Medium
3172,42,92,84,47,90,3.95,71.9,High
3173,74,64,97,20,65,3.25,55.5,Medium
3174,80,60,92,62,47,2.3,60.6,Medium
3175,45,57,43,61,36,2.09,47.2,High
3176,64,30,23,69,67,3.08,59.2,Medium
3177,52,54,97,79,63,2.47,69.2,High
3178,92,72,87,20,79,2.6,62.7,Medium
3179,73,96,44,70,79,2.49,73.9,Medium
3180,47,92,93,35,24,3.3,43.3,High
3181,60,80,26,58,88,3.11,69.2,Low
3182,73,31,32,34,97,2.16,62.6,Medium
3183,43,93,87,52,89,3.05,73.5,High
3184,64,98,62,72,26,3.58,54.4,Medium
3185,54,38,76,36,72,2.16,56.4,High
3186,43,31,55,25,36,3.78,34.8,High
3187,84,63,33,50,78,3.16,64.2,Medium
3188,99,89,91,88,28,3.9,65.5,Low
3189,51,90,46,59,41,2.3,52.8,High
3190,71,60,56,49,64,3.99,59.0,Medium
3191,71,39,90,88,92,3.29,83.2,Low
3192,67,65,95,95,78,3.13,82.4,Low
3193,52,78,44,26,99,3.03,64.8,High
3194,70,99,86,32,32,2.05,47.9,High
3195,53,78,23,23,31,3.88,34.7,High
3196,59,32,98,69,55,3.29,61.6,High
3197,57,34,93,22,29,2.18,36.6,High
3198,68,90,35,31,35,2.04,42.6,High
3199,99,55,38,84,38,2.1,59.6,Medium
3200,45,34,48,46,25,3.22,36.5,High
3201,71,44,70,69,23,3.23,48.4,High
3202,68,45,37,96,49,3.0,63.4,Medium
3203,82,30,77,36,65,2.61,55.7,Medium
3204,41,45,63,91,46,3.06,60.6,High
3205,99,66,35,51,64,3.03,60.9,Medium
3206,62,32,84,70,56,2.04,61.2,Medium
3207,58,81,21,36,28,2.56,38.0,High
3208,70,76,75,53,80,2.11,70.0,Medium
3209,90,42,98,54,54,3.8,60.8,Medium
3210,44,84,47,43,66,3.45,56.8,High
3211,58,50,84,73,40,3.99,57.1,High
3212,73,95,24,37,36,2.6,44.7,High
3213,49,83,41,69,74,3.76,67.6,High
3214,64,56,32,65,25,3.21,44.7,High
3215,41,67,84,67,54,2.91,60.9,High
3216,50,87,35,52,69,2.45,60.4,High
3217,89,91,83,46,56,3.48,62.5,Medium
3218,70,75,51,20,32,3.81,38.4,High
3219,95,40,99,78,44,2.47,64.4,Medium
3220,54,37,70,29,20,2.35,32.8,High
3221,48,93,98,44,68,3.39,64.3,High
3222,62,50,77,76,54,3.95,63.3,Medium
3223,58,92,65,85,72,3.5,75.8,High
3224,48,93,71,34,71,2.57,59.8,High
3225,74,49,82,47,73,2.84,63.8,Medium
3226,60,37,95,32,95,2.77,66.8,Low
3227,48,87,79,33,66,3.7,57.7,High
3228,67,75,84,85,62,3.54,72.9,Low
3229,85,60,74,53,39,3.18,53.4,Medium
3230,90,38,76,44,52,2.55,54.4,Medium
3231,46,44,90,73,35,3.88,53.9,High
3232,55,55,92,98,97,3.31,88.4,High
3233,55,39,45,31,26,3.94,33.6,High
3234,99,58,31,28,89,3.16,62.8,Medium
3235,72,65,90,50,40,3.64,53.7,Medium
3236,43,66,65,97,55,3.63,68.5,High
3237,43,52,66,72,73,2.67,66.9,High
3238,78,70,98,62,38,3.93,58.4,Medium
3239,79,57,57,57,44,2.04,54.0,Medium
3240,56,77,40,61,86,3.54,70.0,High
3241,76,67,33,91,72,3.93,73.7,Low
3242,78,60,21,67,94,2.68,73.6,Low
3243,99,43,91,86,67,3.3,75.9,Low
3244,91,58,89,85,61,3.12,73.7,Low
3245,68,80,52,35,66,3.52,56.9,Medium
3246,91,78,25,35,61,3.73,54.3,Medium
3247,75,72,56,50,21,3.21,43.7,High
3248,99,34,33,77,25,3.63,49.7,High
3249,77,71,56,47,65,2.62,60.5,Medium
3250,78,36,27,23,85,2.46,55.0,Medium
3251,89,71,96,29,59,2.86,57.9,Medium
3252,76,65,32,70,77,3.36,69.1,Low
3253,91,56,59,37,97,2.37,70.5,Medium
3254,74,87,77,66,93,3.36,80.8,Low
3255,46,75,37,51,52,2.79,51.9,High
3256,66,95,76,49,81,3.59,70.8,Low
3257,67,54,57,55,31,2.07,46.7,High
3258,61,56,51,28,68,3.34,52.4,Medium
3259,53,30,85,55,97,3.3,72.1,High
3260,46,71,96,48,24,3.88,45.3,High
3261,76,81,44,35,70,3.43,58.6,Medium
3262,61,54,77,40,88,3.59,66.4,Low
3263,44,83,94,83,51,3.81,67.4,High
3264,94,96,52,85,68,3.35,76.9,Low
3265,41,35,85,78,79,2.58,71.1,High
3266,66,87,49,47,65,3.74,60.3,Medium
3267,60,99,53,74,87,3.5,78.2,Low
3268,93,82,88,50,60,2.85,65.3,Low
3269,77,95,67,52,86,3.42,73.9,Low
3270,54,87,59,79,32,3.74,56.5,High
3271,60,31,70,60,37,3.95,48.9,High
3272,49,51,99,65,70,3.9,67.4,High
3273,62,66,32,68,55,2.65,58.4,Medium
3274,97,49,50,84,53,2.84,66.0,Low
3275,95,53,58,61,31,2.22,51.3,Medium
3276,78,94,82,42,24,2.5,47.6,High
3277,44,94,67,46,67,3.76,61.1,High
3278,40,30,67,51,59,2.72,52.6,High
3279,52,32,80,22,32,3.24,35.8,High
3280,60,75,31,79,45,3.33,58.3,Medium
3281,65,84,97,95,33,3.56,66.3,Low
3282,89,93,75,98,30,2.37,67.1,Medium
3283,84,74,37,36,57,2.61,53.1,Medium
3284,60,55,46,51,99,2.9,71.0,Low
3285,92,94,47,26,76,2.73,61.5,Medium
3286,57,53,99,90,41,3.97,64.3,High
3287,76,64,71,88,35,3.67,61.5,Medium
3288,84,53,35,77,96,2.96,78.7,Low
3289,71,57,96,59,95,3.76,78.1,Low
3290,75,45,77,67,48,2.7,59.0,Medium
3291,56,88,28,70,21,3.57,46.6,High
3292,74,83,45,76,73,2.45,72.2,Medium
3293,88,45,47,90,21,3.54,53.4,Medium
3294,99,44,96,56,22,2.91,49.5,High
3295,50,40,55,94,75,2.21,72.7,High
3296,60,94,28,93,91,2.55,82.5,Low
3297,91,97,66,74,30,2.8,59.6,Medium
3298,94,72,97,60,95,3.5,82.3,Low
3299,92,98,70,39,51,2.15,58.1,Medium
3300,65,42,95,52,23,3.32,45.0,High
3301,43,39,76,59,28,3.43,44.7,High
3302,73,70,51,53,75,3.31,65.3,Low
3303,91,79,86,81,35,3.52,63.9,Medium
3304,87,88,76,38,90,2.36,72.5,Medium
3305,99,68,73,62,29,3.17,54.2,Medium
3306,57,32,35,88,55,3.88,60.8,High
3307,79,36,81,82,43,3.22,61.4,Medium
3308,74,78,75,29,83,3.22,64.6,Medium
3309,80,55,42,32,75,3.47,57.3,Medium
3310,68,62,36,24,97,2.67,62.6,Medium
3311,91,77,99,77,97,3.4,88.6,Low
3312,68,31,57,78,41,3.83,55.4,Medium
3313,77,61,91,95,71,2.02,79.8,Medium
3314,81,33,49,78,69,3.74,67.3,Low
3315,60,49,77,96,66,2.44,73.8,Medium
3316,81,65,97,34,42,2.91,51.3,Medium
3317,52,61,41,96,95,3.7,82.2,High
3318,88,57,36,20,38,3.65,39.3,High
3319,80,30,34,57,71,3.78,59.9,Medium
3320,56,89,67,72,53,3.88,64.0,High
3321,95,85,51,71,48,2.89,63.6,Medium
3322,48,64,96,20,80,3.31,58.8,High
3323,80,59,59,30,54,2.78,50.4,Medium
3324,40,83,76,77,24,2.7,52.6,High
3325,41,65,77,59,95,2.86,74.0,High
3326,99,84,35,79,26,3.49,55.9,Medium
3327,87,87,47,63,60,3.0,65.0,Medium
3328,68,94,20,25,21,3.63,34.1,High
3329,72,98,60,47,29,3.49,48.7,High
3330,49,80,67,50,63,2.04,59.8,High
3331,89,51,50,27,89,3.26,62.7,Medium
3332,97,82,55,24,54,2.87,52.2,Medium
3333,99,65,52,73,81,2.91,75.9,Low
3334,79,97,52,36,93,3.64,70.8,Low
3335,60,65,42,57,92,3.1,70.6,Low
3336,67,81,79,28,39,3.77,46.7,High
3337,50,82,98,93,54,3.43,72.5,High
3338,94,79,49,97,56,3.11,73.7,Low
3339,73,70,64,33,91,3.51,67.0,Low
3340,47,47,99,45,73,2.08,62.0,High
3341,98,51,58,81,99,2.05,84.6,Medium
3342,61,95,64,44,47,2.17,54.0,Medium
3343,47,50,97,99,89,2.88,84.7,High
3344,88,73,31,55,51,2.47,56.1,Medium
3345,54,76,51,99,30,3.97,59.8,High
3346,56,68,75,52,61,3.08,59.9,High
3347,99,58,43,22,42,3.32,43.4,High
3348,62,83,32,30,49,2.56,46.3,High
3349,63,46,39,77,28,2.64,49.1,High
3350,84,89,98,83,78,2.67,83.2,Low
3351,58,60,75,37,47,3.4,49.2,High
3352,44,78,72,66,98,2.95,78.4,High
3353,71,31,87,63,52,3.04,58.6,Medium
3354,83,77,73,78,66,3.18,73.1,Low
3355,40,43,53,69,41,3.54,50.7,High
3356,62,88,47,88,48,2.18,65.3,Medium
3357,76,87,69,48,53,3.55,58.8,Medium
3358,47,87,21,86,61,3.13,65.7,High
3359,52,80,45,21,71,3.34,52.4,High
3360,47,31,70,44,66,2.66,54.4,High
3361,96,70,66,38,93,2.82,71.8,Low
3362,62,45,45,59,70,2.46,60.9,Medium
3363,82,33,94,21,64,3.96,52.8,Medium
3364,40,41,93,84,94,2.99,80.2,High
3365,84,58,80,81,53,3.99,67.7,Low
3366,90,36,42,73,40,2.98,54.7,Medium
3367,63,43,56,64,32,2.44,48.2,High
3368,74,41,60,68,73,3.01,67.1,Low
3369,63,34,71,88,44,2.08,60.8,Medium
3370,56,61,68,57,40,3.81,51.6,High
3371,44,72,46,23,20,3.64,31.1,High
3372,59,98,25,36,77,3.45,59.8,High
3373,60,74,93,72,88,3.22,79.5,Low
3374,79,38,85,72,90,3.16,77.8,Low
3375,97,78,43,50,32,3.99,49.6,High
3376,70,62,57,41,71,2.56,59.6,Medium
3377,85,47,47,30,42,3.56,43.7,High
3378,75,38,47,53,40,3.16,47.9,High
3379,50,91,85,34,25,3.95,42.8,High
3380,91,86,80,29,39,3.66,50.0,Medium
3381,54,58,65,72,95,4.0,77.3,High
3382,58,54,88,67,59,3.18,63.7,High
3383,46,44,94,50,28,2.41,44.6,High
3384,90,35,93,56,69,3.01,66.2,Low
3385,67,71,62,47,47,3.42,52.9,Medium
3386,90,58,78,50,30,3.55,49.6,High
3387,82,33,21,89,94,2.0,77.9,Medium
3388,97,86,34,33,75,3.01,61.6,Medium
3389,44,78,56,35,98,2.47,67.5,High
3390,44,73,90,44,54,3.75,55.5,High
3391,69,43,39,58,44,2.31,50.1,Medium
3392,93,32,54,85,38,3.33,58.6,Medium
3393,71,91,53,57,50,2.53,58.6,Medium
3394,47,93,50,60,69,2.71,64.6,High
3395,49,74,38,59,82,3.88,66.6,High
3396,77,87,87,83,66,2.48,76.4,Medium
3397,86,49,43,35,20,2.19,36.3,High
3398,71,87,58,96,77,2.14,81.2,Medium
3399,87,86,73,78,29,3.01,59.6,Medium
3400,67,97,58,30,27,3.28,42.0,High
3401,56,81,36,20,45,2.65,41.3,High
3402,70,66,38,32,53,3.38,48.2,High
3403,47,37,67,49,38,2.12,45.0,High
3404,79,73,54,88,97,3.71,85.8,Low
3405,64,34,51,37,91,3.63,62.4,Medium
3406,48,98,66,97,20,3.97,58.3,High
3407,41,60,66,32,67,3.87,53.1,High
3408,54,74,83,51,44,2.71,54.0,High
3409,89,38,65,90,43,2.8,63.4,Medium
3410,42,61,54,91,66,3.49,69.4,High
3411,88,62,36,69,88,2.27,74.5,Medium
3412,75,96,61,90,86,2.63,84.6,Low
3413,43,59,48,99,51,2.24,65.1,High
3414,53,58,89,50,36,2.91,49.4,High
3415,80,32,36,70,80,3.1,67.8,Low
3416,80,86,33,46,88,2.42,68.9,Medium
3417,64,59,43,79,30,2.05,52.3,Medium
3418,97,38,76,52,57,3.44,59.5,Medium
3419,94,55,69,72,87,2.04,78.2,Medium
3420,89,31,76,91,38,3.95,62.1,Medium
3421,49,91,80,52,36,2.44,52.0,High
3422,60,32,58,60,32,3.33,45.8,High
3423,75,75,74,38,20,2.87,41.8,High
3424,51,97,55,60,21,2.12,46.7,High
3425,66,54,56,61,85,2.94,69.9,Low
3426,79,80,33,42,87,3.03,66.6,Low
3427,41,42,46,94,35,3.71,55.1,High
3428,93,73,50,52,23,3.46,46.4,High
3429,52,64,92,39,76,2.16,62.9,High
3430,92,84,63,44,92,2.42,73.9,Medium
3431,71,38,87,71,42,2.62,57.7,Medium
3432,70,31,67,31,21,2.23,34.5,High
3433,55,90,76,51,86,2.91,71.8,High
3434,71,70,94,52,45,3.97,57.1,Medium
3435,71,73,41,93,26,3.03,56.8,Medium
3436,99,93,23,87,63,3.48,72.8,Low
3437,73,60,91,34,52,3.37,53.4,Medium
3438,50,76,65,70,83,3.7,73.3,High
3439,49,31,78,25,55,2.43,45.3,High
3440,54,98,53,88,23,3.51,56.1,High
3441,56,87,30,88,42,3.76,60.5,High
3442,79,73,50,54,44,2.34,54.0,Medium
3443,57,85,30,53,93,2.69,70.3,High
3444,94,72,75,82,46,3.94,67.1,Low
3445,48,63,57,87,70,3.56,70.9,High
3446,64,59,40,37,98,2.57,66.6,Low
3447,79,99,29,45,88,3.13,69.4,Low
3448,98,84,45,80,99,2.81,86.3,Low
3449,53,96,27,97,42,2.98,63.5,High
3450,99,42,27,93,28,2.71,55.9,Medium
3451,97,32,79,67,52,2.56,61.7,Medium
3452,64,55,91,91,54,3.35,69.9,Low
3453,89,86,53,50,69,3.56,65.4,Low
3454,61,53,35,53,43,3.75,48.0,High
3455,91,82,32,26,43,2.31,45.5,High
3456,69,99,95,26,38,3.65,49.3,High
3457,59,72,41,66,58,2.51,60.2,High
3458,60,89,46,27,80,2.85,59.6,Medium
3459,83,87,83,97,44,3.8,72.0,Low
3460,71,78,21,20,44,2.91,40.6,High
3461,90,71,45,96,46,2.39,67.8,Medium
3462,85,95,88,22,51,2.32,53.8,Medium
3463,88,40,49,72,30,2.95,51.3,Medium
3464,95,47,27,57,88,3.53,69.2,Low
3465,60,81,57,70,52,3.99,61.6,Medium
3466,74,75,80,34,38,3.57,48.3,High
3467,97,73,84,86,35,3.75,65.2,Low
3468,71,51,86,83,30,3.5,57.7,Medium
3469,69,82,65,87,94,3.79,85.3,Low
3470,94,88,91,24,93,2.15,71.7,Medium
3471,78,59,62,29,88,3.86,63.8,Medium
3472,88,37,78,27,74,2.79,58.0,Medium
3473,51,86,65,31,44,3.84,47.1,High
3474,80,49,91,83,96,2.15,85.3,Medium
3475,86,54,54,78,53,3.43,64.0,Medium
3476,57,48,58,86,31,3.47,54.5,High
3477,60,34,70,69,40,3.99,53.1,Medium
3478,52,56,23,42,48,3.54,44.9,High
3479,60,69,99,59,70,2.77,68.5,Low
3480,47,55,96,97,42,3.11,65.7,High
3481,85,56,70,96,52,2.73,70.7,Low
3482,79,91,24,95,27,2.39,58.7,Medium
3483,85,79,74,37,61,2.5,59.3,Medium
3484,46,71,39,40,96,2.44,66.0,High
3485,62,58,43,20,88,3.1,57.5,Medium
3486,83,68,55,57,60,3.81,61.7,Medium
3487,71,89,53,60,93,3.83,76.5,Low
3488,50,70,73,61,82,2.11,70.4,High
3489,61,62,53,28,33,2.16,39.2,High
3490,61,45,36,42,81,2.49,59.2,Medium
3491,82,52,24,97,94,2.51,82.5,Low
3492,64,36,37,30,65,2.19,48.7,High
3493,61,55,74,90,86,2.78,80.4,Low
3494,67,41,72,50,72,3.18,61.8,Medium
3495,68,34,69,45,71,3.16,59.0,Medium
3496,52,98,91,49,26,3.09,49.2,High
3497,57,78,98,53,73,2.68,68.4,High
3498,41,55,64,65,30,3.41,47.5,High
3499,68,34,32,88,44,3.65,57.4,Medium
3500,60,51,35,24,78,2.69,53.0,Medium
3501,54,42,32,80,85,2.17,70.8,High
3502,91,57,39,57,46,2.59,54.2,Medium
3503,66,62,85,47,77,2.27,66.2,Medium
3504,89,52,66,45,30,2.93,46.2,High
3505,70,47,38,80,74,2.31,69.1,Medium
3506,54,59,64,42,38,2.93,45.5,High
3507,90,55,56,65,58,2.44,62.8,Medium
3508,62,45,73,49,89,3.48,68.3,Low
3509,63,68,25,86,30,2.06,53.4,Medium
3510,83,62,33,52,33,3.11,46.6,High
3511,52,55,23,22,79,2.34,51.2,High
3512,61,77,74,88,55,2.0,69.6,Medium
3513,82,94,53,61,60,3.74,65.2,Low
3514,76,67,46,81,21,3.34,51.6,Medium
3515,72,31,26,77,76,2.2,66.4,Medium
3516,95,35,22,76,79,3.33,69.6,Low
3517,42,75,66,20,39,3.22,39.9,High
3518,93,79,21,92,41,2.95,63.3,Medium
3519,58,67,99,79,23,2.84,55.3,High
3520,62,47,44,88,75,3.77,71.7,Low
3521,68,56,79,78,77,2.49,74.5,Medium
3522,69,70,98,65,84,2.8,76.8,Low
3523,78,46,43,53,77,2.66,63.4,Medium
3524,83,91,34,44,49,3.54,53.6,Medium
3525,86,58,33,61,95,3.83,74.0,Low
3526,64,87,73,48,38,3.7,52.0,Medium
3527,76,99,97,44,81,3.6,72.8,Low
3528,86,51,25,73,87,3.97,72.9,Low
3529,47,35,97,92,98,3.39,84.7,High
3530,81,55,37,86,63,3.5,68.3,Low
3531,97,68,39,34,80,3.97,62.6,Medium
3532,55,41,81,23,40,2.01,40.6,High
3533,47,43,99,57,29,3.27,47.6,High
3534,40,51,59,39,49,3.48,46.3,High
3535,83,80,58,42,43,3.84,51.9,Medium
3536,44,52,71,56,67,3.77,60.3,High
3537,42,77,51,81,74,3.68,70.9,High
3538,40,79,92,27,71,3.89,57.6,High
3539,43,42,46,56,57,3.07,52.7,High
3540,79,39,71,64,86,2.01,72.5,Medium
3541,74,84,82,52,27,2.02,50.4,Medium
3542,71,38,93,26,48,3.09,47.2,High
3543,81,81,82,41,29,2.87,48.3,High
3544,73,31,36,24,88,2.9,56.4,Medium
3545,82,54,68,34,94,2.8,68.2,Low
3546,64,42,42,40,87,3.84,61.6,Medium
3547,49,80,91,36,68,2.72,60.0,High
3548,60,87,32,75,77,3.71,71.2,Low
3549,85,63,42,69,54,3.81,61.3,Medium
3550,78,64,76,26,69,3.0,57.2,Medium
3551,66,32,81,69,59,2.89,62.2,Medium
3552,66,88,73,79,31,3.52,58.8,Medium
3553,41,99,39,26,35,3.42,39.7,High
3554,80,77,71,59,97,2.66,79.3,Low
3555,87,93,42,64,67,2.21,68.2,Medium
3556,52,48,54,78,20,2.53,46.8,High
3557,48,96,86,94,84,2.26,84.8,High
3558,91,34,53,74,41,2.59,56.4,Medium
3559,75,96,52,83,34,2.52,60.8,Medium
3560,61,40,65,84,86,3.28,76.2,Low
3561,81,97,64,73,33,3.91,59.3,Medium
3562,65,98,38,59,92,3.37,74.6,Low
3563,97,30,34,72,38,3.85,52.9,Medium
3564,93,92,97,63,59,3.57,70.7,Low
3565,51,58,85,82,23,3.46,53.2,High
3566,56,41,58,21,52,2.83,42.6,High
3567,53,70,37,98,62,2.65,70.2,High
3568,53,31,89,40,56,3.69,51.7,High
3569,96,66,78,69,85,3.81,78.7,Low
3570,73,74,51,71,46,2.9,59.5,Medium
3571,92,77,40,28,64,2.02,54.9,Medium
3572,96,53,59,39,69,3.59,60.1,Medium
3573,59,51,46,37,82,2.57,59.5,High
3574,50,40,21,49,25,2.02,35.8,High
3575,55,87,99,84,86,3.61,83.7,High
3576,90,75,58,43,86,3.03,69.6,Low
3577,70,58,75,66,78,3.37,71.3,Low
3578,94,64,32,63,32,3.83,50.7,Medium
3579,45,44,75,48,40,3.08,46.8,High
3580,95,89,85,96,83,3.01,88.9,Low
3581,58,71,97,87,56,2.58,71.1,High
3582,76,72,75,36,99,2.61,72.7,Low
3583,97,78,47,24,67,3.59,56.2,Medium
3584,43,93,83,69,75,2.9,72.6,High
3585,86,61,90,59,63,2.33,66.6,Medium
3586,43,93,83,65,32,2.19,54.2,High
3587,59,31,75,70,23,2.95,46.7,High
3588,49,53,60,30,92,2.93,62.0,High
3589,63,95,60,31,52,3.31,51.9,Medium
3590,93,67,23,32,56,2.94,50.3,Medium
3591,74,60,76,83,72,2.29,74.7,Medium
3592,65,55,49,27,43,3.02,42.2,High
3593,76,58,65,84,70,3.81,73.1,Low
3594,77,96,75,28,60,2.32,57.2,Medium
3595,60,54,50,21,48,3.38,41.9,High
3596,93,77,26,97,78,3.19,79.9,Low
3597,79,94,96,32,59,3.5,60.1,Medium
3598,78,82,73,21,70,2.3,57.6,Medium
3599,60,96,27,87,69,3.88,72.0,Low
3600,49,47,74,95,55,3.24,67.5,High
3601,77,38,88,67,98,3.69,79.6,Low
3602,85,67,63,93,79,2.49,81.0,Medium
3603,43,50,32,22,37,3.48,33.9,High
3604,99,94,39,87,39,3.56,64.9,Medium
3605,96,50,97,25,24,2.79,41.4,High
3606,84,56,51,24,37,2.77,41.1,High
3607,59,99,79,22,59,3.32,53.9,High
3608,56,73,69,29,20,2.19,36.5,High
3609,94,57,46,62,38,3.47,53.5,Medium
3610,46,74,44,38,45,2.09,45.8,High
3611,43,46,71,33,48,2.38,45.1,High
3612,68,69,87,40,78,3.33,65.6,Low
3613,53,32,40,62,82,2.2,63.9,High
3614,42,95,37,47,81,3.94,63.9,High
3615,63,75,58,40,67,3.74,58.4,Medium
3616,76,59,34,55,81,3.25,65.8,Low
3617,55,98,72,43,37,3.64,50.2,High
3618,97,38,57,73,85,3.78,75.1,Low
3619,94,40,67,57,46,2.52,55.6,Medium
3620,91,98,71,36,25,3.7,46.8,High
3621,43,95,91,41,89,2.39,70.8,High
3622,95,60,47,64,78,2.83,70.6,Low
3623,63,62,35,93,25,3.12,53.9,Medium
3624,73,68,35,80,50,3.43,61.6,Medium
3625,69,75,54,30,75,2.06,58.8,Medium
3626,57,66,36,80,73,2.58,69.1,High
3627,58,89,92,57,60,3.22,65.0,High
3628,70,60,71,85,37,2.71,60.4,Medium
3629,99,40,31,52,42,3.55,49.4,High
3630,99,31,67,62,55,3.3,60.3,Medium
3631,58,56,41,50,44,2.47,48.1,High
3632,88,31,68,54,26,2.29,45.3,High
3633,85,50,71,56,39,3.26,53.0,Medium
3634,58,87,98,66,24,2.9,53.7,High
3635,61,34,20,42,37,2.34,38.9,High
3636,63,81,85,55,52,2.65,60.2,Medium
3637,84,74,83,59,98,2.61,81.0,Low
3638,51,49,27,34,54,2.22,44.5,High
3639,69,90,44,56,84,3.09,70.7,Low
3640,97,67,85,23,82,3.53,64.6,Medium
3641,77,49,92,41,91,3.15,70.5,Low
3642,92,54,92,41,90,3.65,72.1,Low
3643,70,31,96,97,60,2.26,72.8,Medium
3644,75,61,89,97,69,2.87,79.2,Low
3645,58,55,98,36,49,3.22,51.5,High
3646,87,99,70,91,57,3.35,75.7,Low
3647,84,70,72,99,54,3.39,73.9,Low
3648,75,96,34,99,85,3.46,84.2,Low
3649,69,30,69,57,65,3.3,59.9,Medium
3650,94,80,90,43,27,2.19,50.1,Medium
3651,88,34,94,25,87,3.39,63.9,Medium
3652,94,42,57,87,56,3.45,67.8,Low
3653,72,48,59,25,32,3.99,38.2,High
3654,57,41,85,45,92,3.39,68.6,High
3655,91,77,58,60,64,3.37,66.2,Low
3656,88,54,93,94,48,3.03,70.9,Low
3657,98,86,36,57,60,3.74,63.1,Medium
3658,67,64,26,99,75,3.99,75.4,Low
3659,98,34,58,62,35,3.56,51.6,Medium
3660,86,51,87,72,31,3.23,56.4,Medium
3661,50,86,54,34,85,2.16,63.2,High
3662,96,76,70,75,81,3.45,79.1,Low
3663,99,83,66,75,38,3.42,62.5,Medium
3664,93,32,55,50,49,3.55,52.6,Medium
3665,84,82,83,76,35,2.25,61.7,Medium
3666,72,60,32,70,32,3.31,50.2,Medium
3667,56,98,37,43,88,2.59,67.2,High
3668,45,62,40,77,42,3.52,54.6,High
3669,43,79,84,92,81,2.48,80.6,High
3670,59,45,27,23,50,3.37,40.0,High
3671,87,68,67,29,72,2.59,59.7,Medium
3672,86,75,62,82,36,2.02,61.3,Medium
3673,66,76,72,92,68,3.27,76.2,Low
3674,54,73,46,34,68,2.23,54.7,High
3675,45,38,38,82,86,3.32,71.1,High
3676,86,79,42,38,45,3.85,50.1,Medium
3677,53,89,69,82,32,3.94,58.5,High
3678,99,44,70,75,57,2.47,66.6,Medium
3679,50,65,62,40,41,3.62,46.1,High
3680,78,92,70,53,48,2.71,59.1,Medium
3681,48,98,88,36,64,3.8,59.8,High
3682,65,70,60,37,65,3.57,56.6,Medium
3683,55,53,91,85,58,2.15,68.6,High
3684,44,78,30,70,88,2.81,71.4,High
3685,96,47,99,84,97,2.67,88.2,Low
3686,91,36,71,62,87,3.57,73.2,Low
3687,49,33,42,76,58,2.82,58.4,High
3688,89,98,68,29,39,3.37,49.8,High
3689,42,89,57,56,96,3.2,74.0,High
3690,52,84,66,67,87,3.95,75.1,High
3691,82,45,91,88,54,3.88,69.8,Low
3692,88,58,26,75,27,2.86,50.5,Medium
3693,69,52,85,95,71,3.45,77.5,Low
3694,93,43,96,55,59,3.66,63.3,Medium
3695,84,78,81,50,55,3.8,61.3,Medium
3696,45,62,48,74,25,2.14,47.7,High
3697,56,54,57,57,89,2.6,69.4,High
3698,98,50,52,92,92,2.64,84.4,Low
3699,84,46,48,34,35,2.87,42.0,High
3700,90,52,98,35,65,2.34,60.5,Medium
3701,92,86,42,96,78,2.99,82.0,Low
3702,58,87,22,72,57,3.33,61.1,High
3703,81,43,64,75,37,2.99,56.1,Medium
3704,74,49,27,26,31,3.33,35.2,High
3705,85,59,48,76,73,2.13,71.2,Medium
3706,65,48,21,74,66,3.75,62.0,Medium
3707,90,82,69,71,20,3.88,53.4,Medium
3708,44,85,84,23,34,3.24,41.8,High
3709,68,52,39,62,99,3.76,74.1,Low
3710,76,91,71,59,40,2.26,57.5,Medium
3711,59,62,56,49,20,3.59,40.4,High
3712,88,47,91,29,86,2.24,65.7,Medium
3713,60,62,46,26,31,2.82,37.0,High
3714,49,61,66,55,47,2.65,52.9,High
3715,44,90,25,54,58,3.17,55.3,High
3716,75,83,79,58,56,2.6,63.5,Medium
3717,45,46,64,55,79,3.27,63.6,High
3718,65,48,63,39,50,2.73,49.3,High
3719,43,99,37,68,77,3.72,69.1,High
3720,78,63,84,78,30,3.27,57.9,Medium
3721,78,54,44,68,48,2.43,57.2,Medium
3722,89,97,46,45,32,2.67,49.5,High
3723,74,40,26,55,70,3.69,58.5,Medium
3724,40,45,63,62,73,2.77,62.6,High
3725,63,90,48,62,38,3.07,53.9,Medium
3726,96,36,63,95,77,3.3,78.8,Low
3727,75,45,55,52,55,2.7,55.1,Medium
3728,45,45,38,97,47,2.59,60.7,High
3729,80,69,25,64,87,2.95,71.4,Low
3730,93,41,44,64,22,2.43,45.8,High
3731,85,64,50,34,60,2.57,54.1,Medium
3732,99,50,28,36,54,2.12,50.1,Medium
3733,83,79,93,31,95,2.61,72.8,Low
3734,99,72,56,41,95,2.64,73.0,Low
3735,96,46,46,42,69,3.92,59.0,Medium
3736,70,61,32,97,93,3.18,82.6,Low
3737,59,70,60,31,49,3.57,47.8,High
3738,63,35,85,87,91,2.09,80.8,Medium
3739,64,56,43,70,96,2.21,75.7,Medium
3740,75,49,63,32,89,3.63,63.9,Medium
3741,60,54,79,76,73,3.25,71.3,Low
3742,69,95,28,74,90,2.38,77.4,Medium
3743,63,38,21,47,70,2.81,54.3,Medium
3744,83,82,75,63,47,3.08,61.7,Medium
3745,81,90,49,38,83,3.69,66.6,Low
3746,69,67,41,65,40,2.12,53.2,Medium
3747,61,32,94,22,46,3.19,43.7,High
3748,67,99,32,39,46,3.43,49.9,High
3749,46,84,90,44,96,3.96,73.6,High
3750,74,30,35,94,69,3.61,69.7,Low
3751,94,99,64,75,48,2.55,67.4,Low
3752,67,74,84,80,58,3.42,69.7,Low
3753,53,76,30,74,76,3.53,68.5,High
3754,95,55,89,54,56,3.46,62.5,Medium
3755,49,43,39,97,83,3.64,75.4,High
3756,55,83,82,78,67,3.81,72.2,High
3757,55,75,31,58,41,2.2,49.9,High
3758,93,60,81,76,49,2.21,65.8,Medium
3759,70,88,61,86,47,3.59,66.5,Low
3760,81,58,88,53,42,2.5,55.4,Medium
3761,64,46,77,60,23,2.12,45.9,High
3762,52,43,24,41,22,2.8,33.0,High
3763,45,65,46,46,80,3.64,61.4,High
3764,83,87,47,40,23,2.25,42.9,High
3765,48,53,45,60,84,3.34,66.2,High
3766,84,92,68,50,31,2.01,51.8,Medium
3767,75,54,40,46,32,2.22,43.5,High
3768,95,88,20,56,53,2.7,58.3,Medium
3769,82,61,77,85,78,2.17,78.7,Medium
3770,59,47,98,73,92,3.69,79.1,High
3771,57,66,74,28,50,3.73,48.1,High
3772,97,55,45,61,90,3.51,74.0,Low
3773,82,38,44,55,32,2.48,45.7,High
3774,96,93,96,29,73,3.05,66.4,Low
3775,60,49,52,78,21,2.37,47.9,High
3776,43,83,91,59,52,2.56,60.2,High
3777,89,59,88,73,69,3.03,73.1,Low
3778,72,82,25,58,26,3.47,45.7,High
3779,66,92,42,26,37,2.19,42.6,High
3780,46,40,49,23,70,2.59,48.4,High
3781,45,60,97,34,27,3.85,41.2,High
3782,54,78,73,95,74,2.86,78.6,High
3783,57,48,30,67,95,3.88,71.6,High
3784,71,41,50,25,62,3.98,48.5,High
3785,95,44,25,92,78,3.05,75.2,Low
3786,50,60,30,54,49,2.58,49.8,High
3787,59,72,96,91,78,3.58,81.2,High
3788,63,66,31,90,28,2.32,54.2,Medium
3789,54,58,85,87,87,2.5,80.6,High
3790,87,55,72,77,58,3.57,67.7,Low
3791,46,31,55,96,30,2.87,54.0,High
3792,60,44,36,38,21,2.4,33.8,High
3793,81,33,47,81,42,3.3,57.2,Medium
3794,65,79,41,90,82,3.47,78.3,Low
3795,83,67,26,29,41,2.25,42.7,High
3796,95,52,34,44,80,2.55,63.3,Medium
3797,53,88,30,63,45,2.44,54.0,High
3798,96,57,43,77,31,2.76,55.1,Medium
3799,76,95,86,44,51,3.53,59.3,Medium
3800,97,37,49,95,28,3.43,58.0,Medium
3801,60,58,89,59,88,3.33,73.6,Low
3802,57,40,85,95,90,2.01,82.7,High
3803,44,47,80,89,52,2.28,64.6,High
3804,42,84,97,29,43,2.45,48.2,High
3805,62,79,60,85,88,2.54,80.8,Low
3806,65,43,70,44,57,2.29,53.8,Medium
3807,76,38,63,90,30,2.82,56.7,Medium
3808,63,40,32,30,51,2.15,42.9,High
3809,88,92,31,55,83,3.5,70.8,Low
3810,58,96,28,68,91,3.58,75.0,High
3811,90,82,67,67,39,3.15,59.6,Medium
3812,64,68,68,26,53,2.18,49.0,High
3813,60,85,72,96,61,3.78,74.9,Low
3814,51,57,75,70,27,3.93,50.1,High
3815,96,68,59,36,85,2.4,67.1,Medium
3816,80,54,43,51,40,3.41,49.0,High
3817,72,50,91,45,98,3.68,74.0,Low
3818,89,39,52,41,89,3.08,65.9,Low
3819,92,72,42,32,24,2.65,39.8,High
3820,43,44,96,31,86,2.96,62.0,High
3821,81,77,73,90,62,3.02,74.9,Low
3822,96,50,72,20,35,2.8,41.8,High
3823,46,89,68,52,92,3.86,72.7,High
3824,61,79,97,33,54,3.49,55.2,Medium
3825,94,52,97,83,62,2.48,74.0,Medium
3826,72,42,99,62,58,3.17,63.1,Medium
3827,56,98,68,77,29,3.38,56.9,High
3828,63,33,79,60,93,2.28,72.7,Medium
3829,73,38,84,87,39,2.72,61.2,Medium
3830,67,64,51,58,20,3.81,43.6,High
3831,97,50,98,20,25,3.13,40.5,High
3832,82,87,40,60,72,2.43,67.7,Medium
3833,80,47,37,64,65,2.25,61.6,Medium
3834,78,72,79,98,85,3.04,86.3,Low
3835,61,35,32,32,57,3.1,45.2,High
3836,88,96,43,90,52,2.67,70.5,Low
3837,56,41,49,28,86,3.26,57.4,High
3838,73,41,21,82,96,2.14,76.5,Medium
3839,45,95,44,42,54,2.29,52.6,High
3840,85,31,69,73,98,3.09,79.6,Low
3841,45,44,33,66,64,2.12,57.6,High
3842,73,52,25,58,41,3.76,48.8,High
3843,40,58,95,45,87,2.28,67.6,High
3844,49,36,49,20,36,3.35,33.8,High
3845,60,57,49,33,24,2.78,36.1,High
3846,44,43,57,93,76,2.8,72.7,High
3847,41,73,77,84,59,3.53,67.9,High
3848,61,59,60,88,49,3.0,64.0,Medium
3849,87,61,76,86,61,3.45,72.6,Low
3850,96,99,55,68,26,3.01,55.8,Medium
3851,41,35,83,69,90,3.19,72.6,High
3852,49,56,35,77,38,3.52,52.3,High
3853,73,53,97,72,60,3.21,67.9,Low
3854,55,63,91,76,53,3.23,64.9,High
3855,87,69,33,37,41,3.58,46.4,High
3856,90,76,50,35,71,3.9,60.5,Medium
3857,78,53,85,21,25,2.75,37.9,High
3858,61,94,87,32,93,3.15,71.0,Low
3859,51,47,84,64,44,2.17,55.0,High
3860,63,73,74,99,85,2.72,84.7,Low
3861,86,86,97,91,29,2.82,65.8,Low
3862,79,57,59,62,93,3.67,75.3,Low
3863,77,52,44,91,45,3.03,62.6,Medium
3864,99,63,44,73,24,3.46,52.1,Medium
3865,98,40,22,93,87,2.04,78.7,Medium
3866,49,64,88,50,90,2.93,71.1,High
3867,74,71,45,95,69,3.8,75.1,Low
3868,90,57,59,28,36,2.45,43.4,High
3869,88,53,57,92,30,2.06,59.4,Medium
3870,71,37,57,67,72,2.87,65.4,Low
3871,46,82,87,37,69,3.41,60.2,High
3872,60,33,26,30,27,2.91,31.7,High
3873,59,34,49,81,81,2.92,70.9,High
3874,65,78,38,38,95,3.34,67.5,Low
3875,43,59,54,93,48,2.51,62.7,High
3876,85,92,52,43,63,3.5,61.0,Medium
3877,91,76,52,32,64,2.31,57.1,Medium
3878,61,55,97,65,48,2.79,60.0,Medium
3879,54,86,57,72,78,3.31,72.5,High
3880,95,66,29,48,34,3.66,47.0,High
3881,79,36,76,55,89,3.58,71.2,Low
3882,60,69,47,90,63,3.44,69.8,Low
3883,54,68,97,36,55,2.72,54.7,High
3884,61,91,57,67,76,2.24,71.4,Medium
3885,91,82,35,96,83,2.43,82.8,Medium
3886,67,33,40,43,95,3.73,64.9,Medium
3887,53,54,25,73,57,3.71,57.9,High
3888,66,36,60,20,36,3.9,36.6,High
3889,80,57,34,98,46,2.15,64.9,Medium
3890,79,98,22,86,36,3.07,60.1,Medium
3891,97,96,62,25,82,3.3,65.8,Low
3892,67,49,66,97,30,3.42,59.3,Medium
3893,65,40,33,74,83,3.29,69.2,Low
3894,88,96,85,57,58,3.54,67.2,Low
3895,41,36,48,52,21,2.72,36.5,High
3896,64,52,23,27,85,2.36,56.0,Medium
3897,95,90,45,98,73,2.41,81.6,Medium
3898,42,63,31,97,48,2.02,61.9,High
3899,47,48,21,39,64,2.7,48.9,High
3900,83,87,36,74,99,2.18,82.4,Medium
3901,72,38,54,67,50,2.64,56.5,Medium
3902,81,77,29,75,68,3.26,68.4,Low
3903,91,70,62,29,28,3.79,42.2,High
3904,74,77,40,71,46,3.68,58.8,Medium
3905,45,74,34,69,75,2.51,66.0,High
3906,78,54,54,53,97,2.27,73.3,Medium
3907,91,54,79,55,64,2.39,64.5,Medium
3908,62,48,63,80,62,3.94,66.1,Low
3909,64,68,24,35,41,3.1,42.5,High
3910,98,56,92,98,52,2.37,74.8,Medium
3911,89,92,37,37,46,3.68,51.3,Medium
3912,82,97,40,90,59,2.79,72.5,Low
3913,58,48,91,66,45,3.8,57.5,High
3914,44,57,93,51,64,2.52,60.3,High
3915,90,62,70,62,64,2.79,66.4,Low
3916,50,39,60,59,45,3.01,50.6,High
3917,95,59,43,84,89,3.79,80.5,Low
3918,51,51,43,54,86,3.74,65.1,High
3919,49,32,57,88,25,3.15,50.2,High
3920,47,77,63,69,47,2.44,58.2,High
3921,63,31,76,31,86,2.81,60.7,Medium
3922,99,83,78,95,32,3.95,67.3,Low
3923,67,35,53,77,82,3.22,71.4,Low
3924,80,69,94,82,32,3.56,61.7,Medium
3925,75,31,42,92,96,2.9,80.8,Low
3926,76,31,62,68,20,3.06,45.3,High
3927,60,84,59,55,59,2.86,60.4,Medium
3928,47,89,66,73,56,3.41,64.5,High
3929,94,35,60,66,50,3.7,58.7,Medium
3930,48,48,66,51,36,3.01,45.9,High
3931,86,56,39,72,28,2.96,50.9,Medium
3932,54,30,96,51,83,2.68,66.5,High
3933,87,62,84,81,76,2.35,78.0,Medium
3934,85,69,87,56,32,3.88,53.7,Medium
3935,79,61,43,57,56,2.63,57.8,Medium
3936,57,98,55,49,33,3.6,48.9,High
3937,81,46,64,77,94,3.43,79.8,Low
3938,99,37,21,51,44,3.58,48.6,High
3939,59,86,47,85,97,3.87,83.5,High
3940,45,71,45,70,76,3.25,67.5,High
3941,51,38,42,30,90,3.8,58.1,High
3942,41,64,98,78,61,2.34,68.1,High
3943,46,82,55,39,61,3.25,54.4,High
3944,55,83,25,56,66,3.54,59.5,High
3945,42,54,54,92,63,2.54,67.8,High
3946,84,96,57,68,60,3.48,68.1,Low
3947,42,91,54,38,22,3.56,38.9,High
3948,66,84,93,74,20,3.66,54.5,Medium
3949,89,75,72,59,98,2.63,80.5,Low
3950,82,53,57,26,30,3.36,39.0,High
3951,79,75,78,24,26,2.61,40.8,High
3952,77,51,62,61,31,3.48,49.7,High
3953,72,40,23,67,57,2.93,56.4,Medium
3954,67,77,24,26,73,3.2,53.8,Medium
3955,40,37,87,30,86,2.83,59.8,High
3956,94,68,64,92,72,2.32,79.0,Medium
3957,47,64,99,68,51,2.36,61.8,High
3958,76,78,44,49,64,2.16,60.1,Medium
3959,71,75,97,60,70,3.24,70.3,Low
3960,99,67,30,22,56,3.7,48.6,High
3961,87,37,48,59,78,2.04,66.1,Medium
3962,82,83,53,70,73,2.13,72.0,Medium
3963,76,66,33,51,37,2.91,47.6,High
3964,43,69,43,67,20,3.48,43.6,High
3965,69,63,78,90,40,2.32,64.0,Medium
3966,45,46,58,90,47,2.54,60.7,High
3967,85,62,45,39,35,2.46,44.9,High
3968,93,76,62,54,67,2.8,66.1,Low
3969,58,81,55,43,47,2.45,51.1,High
3970,71,38,58,59,41,2.71,50.8,Medium
3971,48,62,80,96,20,3.46,55.8,High
3972,51,89,35,71,61,3.22,63.2,High
3973,50,50,78,58,89,2.16,70.8,High
3974,85,87,25,87,22,3.28,54.6,Medium
3975,94,98,75,80,99,2.95,90.3,Low
3976,55,39,27,95,63,3.87,65.8,High
3977,40,35,46,84,46,2.58,55.7,High
3978,84,42,90,81,70,3.45,73.9,Low
3979,94,94,46,21,43,3.46,46.9,High
3980,92,49,65,25,39,2.44,43.7,High
3981,60,86,60,94,51,3.81,69.2,Low
3982,69,75,98,62,32,2.98,55.6,Medium
3983,52,37,44,59,62,3.36,55.8,High
3984,73,39,37,58,39,2.29,47.9,High
3985,43,96,31,47,21,2.52,39.5,High
3986,67,40,70,99,87,3.17,82.2,Low
3987,77,41,58,82,79,2.64,73.8,Low
3988,97,39,29,83,23,3.0,50.6,Medium
3989,70,54,93,31,36,2.75,45.4,High
3990,98,78,96,60,20,3.28,53.2,Medium
3991,94,78,73,48,52,2.97,59.7,Medium
3992,66,40,48,42,49,2.01,47.6,High
3993,44,91,60,99,24,3.3,58.8,High
3994,64,65,28,70,31,2.84,49.1,High
3995,42,68,82,64,51,2.68,58.8,High
3996,72,82,96,41,57,2.19,60.1,Medium
3997,43,85,56,29,36,2.44,41.5,High
3998,64,30,33,26,77,2.45,51.3,Medium
3999,59,85,92,92,59,3.87,74.8,High
4000,73,33,91,34,43,2.87,47.1,High
4001,65,59,58,96,31,2.08,59.4,Medium
4002,44,41,59,65,38,2.28,49.1,High
4003,74,64,73,80,48,2.16,64.3,Medium
4004,67,81,22,80,71,3.18,69.4,Low
4005,68,60,74,70,36,2.37,55.6,Medium
4006,48,97,52,57,92,3.0,73.6,High
4007,91,81,90,31,40,2.74,51.5,Medium
4008,77,36,38,96,79,3.61,75.5,Low
4009,89,51,53,85,94,2.64,82.4,Low
4010,45,85,97,73,39,2.92,60.2,High
4011,58,87,69,58,72,3.44,67.6,High
4012,99,93,66,95,99,2.87,93.9,Low
4013,83,41,65,58,82,3.59,69.1,Low
4014,96,36,75,97,76,3.32,80.2,Low
4015,50,84,76,49,48,2.82,54.9,High
4016,41,91,70,67,20,3.01,48.3,High
4017,86,84,73,50,78,3.93,70.5,Low
4018,83,65,47,44,83,3.32,65.9,Low
4019,83,53,38,87,91,3.81,79.9,Low
4020,48,73,46,70,90,2.36,73.7,High
4021,60,46,67,32,63,2.97,52.1,Medium
4022,63,31,38,82,67,3.82,64.6,Medium
4023,73,42,70,61,94,2.65,74.4,Low
4024,61,60,26,73,34,3.94,50.2,Medium
4025,42,57,48,86,54,2.19,62.1,High
4026,51,89,62,99,42,3.81,66.7,High
4027,67,56,88,75,72,2.89,72.4,Low
4028,69,44,77,38,64,2.15,56.0,Medium
4029,65,62,27,65,32,3.76,47.7,High
4030,87,49,61,34,53,2.5,51.1,Medium
4031,60,71,95,51,57,2.04,60.7,Medium
4032,67,41,61,68,89,2.27,72.9,Medium
4033,95,52,32,40,87,3.32,64.7,Medium
4034,65,43,45,84,24,3.96,50.1,Medium
4035,72,54,37,89,59,2.22,66.6,Medium
4036,60,60,61,46,89,2.92,67.5,Low
4037,74,83,70,42,40,2.36,51.3,Medium
4038,91,34,35,66,47,3.49,54.6,Medium
4039,73,42,22,31,22,2.24,31.8,High
4040,80,57,98,85,42,2.48,65.8,Medium
4041,90,72,64,24,91,2.39,66.2,Medium
4042,86,76,41,28,38,3.11,43.9,High
4043,57,67,42,39,94,3.75,65.9,High
4044,97,96,78,82,69,3.02,79.3,Low
4045,50,91,81,91,93,2.12,86.7,High
4046,96,68,87,92,77,3.13,83.5,Low
4047,62,66,73,90,39,3.6,62.7,Medium
4048,87,37,76,49,91,2.26,71.1,Medium
4049,61,81,42,35,72,2.15,57.7,Medium
4050,56,62,79,24,28,2.38,38.1,High
4051,44,71,92,48,23,3.49,44.3,High
4052,83,56,74,66,60,3.18,65.1,Low
4053,50,37,99,41,44,3.08,48.5,High
4054,69,52,82,97,53,2.5,70.6,Low
4055,54,93,75,76,92,2.66,81.8,High
4056,66,49,74,54,28,3.93,46.3,High
4057,74,45,44,79,94,2.48,77.6,Medium
4058,72,46,45,89,32,3.8,55.8,Medium
4059,59,48,68,79,28,3.16,52.4,High
4060,55,37,82,77,99,2.25,80.1,High
4061,73,67,64,22,23,2.93,36.2,High
4062,41,67,92,53,53,3.9,57.1,High
4063,74,82,98,64,26,2.84,55.0,Medium
4064,79,60,58,69,34,3.73,54.0,Medium
4065,95,73,84,21,57,2.51,54.3,Medium
4066,67,89,88,34,94,3.14,72.2,Low
4067,86,46,75,56,71,3.69,65.9,Low
4068,78,68,28,34,26,3.84,38.0,High
4069,45,71,89,79,64,2.97,69.8,High
4070,48,77,47,83,78,3.28,73.3,High
4071,59,41,64,71,40,2.01,53.7,High
4072,99,47,45,42,47,2.51,50.5,Medium
4073,40,35,47,56,22,2.56,37.8,High
4074,47,72,59,60,33,2.19,49.0,High
4075,94,64,34,76,21,2.56,50.4,Medium
4076,62,83,25,44,48,2.64,49.4,High
4077,42,91,46,56,37,3.94,49.5,High
4078,43,98,57,59,56,3.34,59.9,High
4079,97,45,87,65,64,2.85,68.0,Low
4080,64,37,94,79,64,3.98,68.8,Low
4081,86,60,83,38,43,2.31,51.5,Medium
4082,77,39,49,28,65,2.95,50.9,Medium
4083,54,85,22,88,31,3.29,54.9,High
4084,60,99,81,24,72,2.11,60.0,Medium
4085,74,49,31,45,64,3.43,54.5,Medium
4086,96,34,49,38,51,2.2,49.7,High
4087,92,52,57,49,37,2.28,49.6,High
4088,92,38,79,67,32,2.32,53.8,Medium
4089,85,87,57,35,23,3.86,42.6,High
4090,91,88,34,90,42,3.37,65.1,Low
4091,53,83,37,37,81,3.31,60.8,High
4092,75,75,71,75,73,3.11,73.8,Low
4093,51,51,48,40,93,2.59,64.2,High
4094,56,93,79,50,74,3.24,67.4,High
4095,78,37,40,20,88,2.82,56.7,Medium
4096,48,49,36,22,59,2.29,43.5,High
4097,74,80,37,44,33,3.38,45.5,High
4098,99,68,76,27,47,2.26,51.2,Medium
4099,52,66,56,84,91,2.38,79.0,High
4100,54,79,79,81,99,3.64,85.1,High
4101,57,63,57,26,90,3.32,61.5,High
4102,90,62,31,26,86,3.26,60.5,Medium
4103,72,60,94,27,48,2.84,49.9,High
4104,45,83,92,38,80,2.79,65.4,High
4105,98,73,20,36,87,3.38,64.7,Medium
4106,66,63,77,30,28,3.48,40.8,High
4107,62,91,22,68,36,3.02,52.3,Medium
4108,98,52,82,30,68,3.94,59.4,Medium
4109,66,75,40,60,82,3.91,68.9,Low
4110,73,85,42,81,97,2.82,83.1,Low
4111,95,36,28,71,65,3.64,63.2,Medium
4112,85,90,74,85,32,3.09,63.2,Medium
4113,77,32,38,87,64,3.02,66.4,Low
4114,53,67,81,94,72,2.11,77.1,High
4115,75,63,58,86,36,3.15,59.8,Medium
4116,92,73,95,59,66,3.8,70.1,Low
4117,47,59,46,24,81,3.56,54.8,High
4118,74,46,65,41,69,3.57,58.4,Medium
4119,58,88,53,56,62,2.32,61.5,High
4120,69,39,52,30,87,2.72,59.8,Medium
4121,53,47,69,63,94,2.47,73.4,High
4122,98,74,39,72,91,2.63,79.1,Low
4123,59,88,59,96,47,3.16,68.2,High
4124,88,91,77,80,64,2.73,75.2,Low
4125,64,88,50,86,60,3.12,70.0,Low
4126,79,78,57,32,55,2.88,53.0,Medium
4127,63,92,64,30,52,2.57,51.7,Medium
4128,53,61,60,30,44,2.19,44.0,High
4129,65,39,28,26,38,3.78,36.2,High
4130,77,40,28,36,66,2.02,51.7,Medium
4131,62,99,82,67,52,2.0,65.2,Medium
4132,61,91,98,33,86,3.65,69.3,Low
4133,87,76,96,82,33,3.99,63.7,Medium
4134,96,63,41,83,98,3.45,84.1,Low
4135,58,46,35,94,52,2.03,62.9,High
4136,85,83,51,96,61,2.45,75.1,Medium
4137,90,69,85,84,84,3.94,83.2,Low
4138,42,48,33,53,66,3.62,54.6,High
4139,81,96,57,28,54,3.13,53.4,Medium
4140,58,82,27,96,51,2.47,65.9,High
4141,48,93,40,56,74,2.03,64.5,High
4142,67,76,75,49,73,2.04,65.7,Medium
4143,59,35,65,60,95,3.22,71.9,High
4144,84,45,62,64,70,2.04,66.3,Medium
4145,46,47,65,66,99,3.99,75.2,High
4146,53,81,67,26,78,2.37,59.1,High
4147,48,77,89,33,91,3.42,67.7,High
4148,98,72,50,67,33,2.31,55.3,Medium
4149,99,68,52,25,37,3.08,44.2,High
4150,94,78,63,53,74,2.16,69.0,Medium
4151,96,41,90,99,75,3.53,82.4,Low
4152,99,39,27,65,68,3.17,63.2,Medium
4153,58,84,92,78,79,2.17,78.4,High
4154,86,30,21,89,72,3.7,69.2,Low
4155,91,78,36,27,90,3.09,64.6,Medium
4156,53,65,71,43,25,3.84,41.8,High
4157,95,50,64,86,89,3.83,82.3,Low
4158,77,66,56,23,27,3.84,37.6,High
4159,92,53,61,20,34,2.16,40.2,High
4160,75,84,63,53,45,2.24,56.1,Medium
4161,79,54,57,28,58,3.98,50.6,Medium
4162,56,36,25,82,22,2.98,45.1,High
4163,69,53,87,95,76,2.48,79.8,Medium
4164,48,40,70,29,29,3.54,36.1,High
4165,72,41,54,29,22,2.53,34.2,High
4166,95,64,77,69,65,3.45,70.3,Low
4167,91,92,76,63,41,3.67,61.2,Medium
4168,64,97,92,67,86,3.57,79.8,Low
4169,53,86,25,25,84,2.55,57.5,High
4170,50,42,32,43,38,2.8,40.5,High
4171,92,52,78,77,81,2.83,77.7,Low
4172,74,68,49,83,76,2.98,74.4,Low
4173,80,41,21,75,95,2.33,74.7,Medium
4174,98,63,77,31,32,2.9,45.9,High
4175,53,60,55,54,35,3.02,47.0,High
4176,69,91,91,90,35,3.06,66.1,Low
4177,80,42,64,25,71,3.64,54.5,Medium
4178,43,60,28,84,60,3.03,62.3,High
4179,98,31,84,99,67,2.46,77.8,Medium
4180,43,44,96,79,58,3.33,65.2,High
4181,67,86,69,87,32,3.59,61.1,Medium
4182,47,63,98,48,23,2.64,44.4,High
4183,41,97,51,57,62,3.29,60.8,High
4184,80,58,62,41,65,2.29,58.3,Medium
4185,85,95,97,27,66,2.68,62.2,Medium
4186,61,45,73,82,72,3.82,71.3,Low
4187,80,68,66,32,44,3.82,48.6,High
4188,95,66,33,46,60,3.15,57.2,Medium
4189,94,50,67,37,22,3.4,41.0,High
4190,55,73,74,37,96,3.71,69.7,High
4191,68,48,48,96,32,3.92,58.0,Medium
4192,88,37,66,81,37,2.98,58.2,Medium
4193,87,95,82,33,56,3.12,58.7,Medium
4194,69,70,38,30,62,2.83,51.5,Medium
4195,51,99,28,36,53,2.14,49.8,High
4196,74,90,56,70,74,2.85,72.6,Low
4197,50,55,71,33,71,3.58,55.9,High
4198,85,99,76,76,55,3.61,70.8,Low
4199,89,58,47,25,73,3.78,56.1,Medium
4200,60,95,55,76,78,2.1,75.0,Medium
4201,60,48,83,23,71,3.05,54.4,Medium
4202,44,97,37,30,38,2.21,42.0,High
4203,87,87,54,93,31,2.4,63.1,Medium
4204,59,99,87,30,30,3.8,45.5,High
4205,76,86,97,98,67,2.99,82.1,Low
4206,42,66,58,27,98,3.52,63.9,High
4207,83,90,27,78,35,2.13,57.4,Medium
4208,72,59,99,40,90,2.83,71.0,Low
4209,92,54,34,84,66,3.35,69.6,Low
4210,48,94,26,43,86,2.27,64.1,High
4211,48,35,36,49,50,2.65,46.6,High
4212,43,47,83,76,95,2.13,78.1,High
4213,74,39,31,99,27,3.3,54.9,Medium
4214,56,40,75,92,80,3.94,76.7,High
4215,73,94,65,36,63,3.65,59.2,Medium
4216,63,94,66,78,69,3.95,73.3,Low
4217,71,81,98,50,54,3.69,61.6,Medium
4218,40,96,35,83,95,3.71,80.0,High
4219,47,60,88,67,80,3.15,71.6,High
4220,84,46,21,42,74,3.04,57.3,Medium
4221,62,84,73,89,85,2.81,82.6,Low
4222,86,65,46,49,33,3.64,47.6,High
4223,79,55,50,74,23,2.36,49.8,High
4224,51,82,60,26,36,2.11,41.5,High
4225,93,46,55,94,88,3.9,82.8,Low
4226,51,54,66,31,43,2.01,43.6,High
4227,85,31,62,79,68,3.95,68.7,Low
4228,86,34,84,71,74,3.46,71.3,Low
4229,54,33,69,46,90,2.66,65.4,High
4230,80,65,20,31,42,3.4,42.6,High
4231,58,35,91,32,31,3.64,40.4,High
4232,65,50,76,91,30,2.49,58.4,Medium
4233,91,55,35,99,94,3.54,85.4,Low
4234,68,84,47,81,48,3.61,63.4,Medium
4235,61,68,41,48,81,2.5,63.8,Medium
4236,79,62,60,54,72,2.08,65.1,Medium
4237,60,43,95,79,67,2.41,70.3,Medium
4238,90,85,38,48,85,2.4,69.7,Medium
4239,77,50,69,50,67,2.13,61.4,Medium
4240,59,75,78,96,78,3.45,81.2,High
4241,96,45,88,95,90,2.76,87.4,Low
4242,68,45,53,80,76,3.77,71.0,Low
4243,90,58,58,21,95,2.5,64.9,Medium
4244,43,37,93,52,22,2.91,41.7,High
4245,94,32,26,91,51,3.28,62.9,Medium
4246,46,48,71,81,27,3.75,51.6,High
4247,67,95,79,78,49,3.05,67.1,Low
4248,67,51,71,59,34,2.75,50.2,Medium
4249,43,75,98,68,93,3.73,79.2,High
4250,61,42,43,51,74,2.62,59.5,Medium
4251,51,62,45,57,57,2.16,55.7,High
4252,84,34,29,98,34,2.89,57.7,Medium
4253,42,56,36,32,49,3.57,42.6,High
4254,61,53,97,73,65,2.06,69.0,Medium
4255,83,96,21,95,83,3.17,81.7,Low
4256,41,92,96,32,45,3.19,50.5,High
4257,63,77,46,58,97,3.86,74.8,Low
4258,73,92,92,42,86,2.57,72.7,Low
4259,66,41,90,33,55,2.56,51.6,Medium
4260,94,57,67,36,97,2.88,71.4,Low
4261,80,73,93,43,50,2.71,57.5,Medium
4262,40,72,28,77,97,3.47,75.9,High
4263,47,46,42,82,59,3.28,61.7,High
4264,62,69,90,53,93,3.52,75.2,Low
4265,77,78,92,70,92,3.64,82.5,Low
4266,45,86,46,29,65,3.85,52.4,High
4267,61,93,90,91,61,2.86,76.1,Low
4268,64,86,62,40,37,3.97,48.0,High
4269,57,99,26,56,55,2.43,57.0,High
4270,56,72,82,26,95,3.43,66.8,High
4271,51,52,63,32,69,3.07,53.8,High
4272,45,56,58,99,80,3.63,77.6,High
4273,65,87,59,49,59,2.95,59.4,Medium
4274,66,66,26,50,22,3.57,39.6,High
4275,47,35,89,24,26,3.86,34.7,High
4276,58,94,44,51,50,3.46,54.9,High
4277,99,35,78,35,84,3.55,65.3,Low
4278,81,79,32,92,83,2.13,80.0,Medium
4279,40,51,81,41,96,2.41,67.9,High
4280,96,54,27,83,22,3.95,51.4,Medium
4281,68,80,64,63,54,3.39,61.7,Medium
4282,84,77,37,59,34,3.12,51.1,Medium
4283,88,99,79,56,40,2.73,59.4,Medium
4284,74,94,79,97,81,2.09,86.2,Medium
4285,79,89,21,35,47,2.74,48.2,High
4286,53,75,85,62,23,3.0,49.1,High
4287,74,65,33,82,32,2.42,54.6,Medium
4288,87,87,67,34,98,2.35,73.5,Medium
4289,84,67,75,63,70,3.02,69.5,Low
4290,59,40,31,28,67,3.17,48.2,High
4291,95,41,74,84,58,2.48,69.4,Medium
4292,88,71,47,63,86,3.17,73.9,Low
4293,52,68,23,39,77,3.8,56.8,High
4294,77,40,55,89,21,2.95,52.3,Medium
4295,88,65,69,93,44,3.71,67.7,Low
4296,85,81,22,52,30,3.85,46.4,High
4297,88,60,20,99,20,2.18,54.5,Medium
4298,47,62,36,25,67,2.19,48.8,High
4299,82,42,90,50,67,2.95,63.2,Medium
4300,59,47,81,85,29,3.18,55.8,High
4301,99,70,67,37,49,2.85,54.3,Medium
4302,72,87,81,47,54,2.65,59.7,Medium
4303,65,85,88,87,38,3.28,65.1,Low
4304,78,53,38,84,72,2.0,70.9,Medium
4305,60,60,53,99,53,3.94,68.2,Low
4306,92,84,68,64,51,2.46,64.0,Medium
4307,88,39,99,77,95,3.83,83.7,Low
4308,81,89,66,66,25,2.22,53.4,Medium
4309,82,31,69,85,32,2.48,56.5,Medium
4310,93,44,45,71,94,2.47,77.1,Medium
4311,80,32,75,55,83,3.99,68.4,Low
4312,48,72,97,20,26,2.01,38.1,High
4313,63,60,33,58,64,3.28,58.6,Medium
4314,76,99,97,94,64,3.74,81.0,Low
4315,88,96,44,20,84,3.34,62.4,Medium
4316,80,85,23,94,38,2.73,62.2,Medium
4317,56,92,98,93,66,3.92,78.9,High
4318,63,44,51,33,65,3.79,51.7,Medium
4319,60,39,97,97,48,2.87,67.9,Low
4320,90,67,84,90,80,3.15,83.1,Low
4321,98,76,80,42,84,3.94,71.6,Low
4322,78,86,39,62,42,3.97,55.7,Medium
4323,94,79,93,41,70,2.9,66.9,Low
4324,80,44,29,79,82,3.69,71.8,Low
4325,78,47,53,46,41,2.6,48.0,High
4326,52,31,80,75,90,2.74,74.8,High
4327,50,72,46,21,52,2.33,43.9,High
4328,85,55,59,58,63,2.42,62.5,Medium
4329,58,67,84,70,26,3.31,52.3,High
4330,50,71,52,38,21,3.02,37.1,High
4331,52,34,87,81,36,2.46,56.0,High
4332,85,40,90,90,84,2.81,82.1,Low
4333,84,94,28,95,77,2.75,79.9,Low
4334,40,63,35,86,49,3.97,59.2,High
4335,79,30,24,82,45,3.71,55.9,Medium
4336,83,31,42,24,54,2.78,44.4,High
4337,58,49,62,91,82,3.83,77.0,High
4338,51,90,76,97,94,2.69,88.4,High
4339,47,50,70,80,90,3.34,76.7,High
4340,47,97,32,90,47,3.93,63.4,High
4341,92,41,43,26,44,2.78,43.0,High
4342,84,51,30,69,80,3.36,69.2,Low
4343,51,49,71,65,50,2.59,56.6,High
4344,87,30,36,91,73,2.53,71.8,Low
4345,72,59,56,95,86,3.15,81.6,Low
4346,84,53,32,93,70,3.96,72.8,Low
4347,65,43,81,33,77,2.91,59.6,Medium
4348,78,65,27,92,53,3.88,65.8,Low
4349,67,98,75,88,78,3.83,81.6,Low
4350,97,53,89,84,40,2.51,65.1,Low
4351,44,89,63,84,75,2.8,74.8,High
4352,47,84,79,76,56,3.29,66.2,High
4353,64,53,60,81,83,3.04,75.2,Low
4354,66,53,40,39,38,2.19,42.8,High
4355,85,83,61,94,97,3.99,89.9,Low
4356,62,55,93,45,93,3.51,71.7,Low
4357,69,95,93,63,72,2.88,73.4,Low
4358,84,67,48,86,90,3.24,81.7,Low
4359,86,94,99,89,82,2.18,87.4,Medium
4360,62,80,84,81,81,2.99,79.3,Low
4361,88,64,36,64,91,3.86,74.4,Low
4362,86,72,49,30,96,3.79,68.1,Low
4363,59,58,45,91,38,2.67,58.7,High
4364,57,66,72,93,94,3.06,85.0,High
4365,57,87,38,53,21,3.39,42.5,High
4366,41,83,72,65,25,2.68,49.1,High
4367,43,68,36,51,48,2.13,49.2,High
4368,69,71,65,94,60,3.01,72.7,Low
4369,72,57,72,24,70,3.2,55.3,Medium
4370,75,58,83,82,24,2.01,55.8,Medium
4371,57,72,64,48,60,2.19,57.7,High
4372,76,32,68,67,81,2.41,70.1,Medium
4373,58,39,38,35,49,2.7,43.6,High
4374,86,88,90,44,81,3.08,72.0,Low
4375,67,43,84,91,46,2.59,65.1,Low
4376,79,76,56,48,69,2.55,63.1,Medium
4377,59,71,89,71,71,3.74,71.6,High
4378,88,61,45,65,68,2.29,66.1,Medium
4379,72,61,21,44,81,2.99,61.0,Medium
4380,51,71,78,42,79,3.91,64.2,High
4381,97,61,24,53,99,3.25,73.7,Low
4382,90,55,56,86,73,3.43,75.1,Low
4383,54,30,50,53,24,2.86,38.9,High
4384,80,85,95,51,28,2.04,52.5,Medium
4385,78,31,67,48,53,3.29,53.2,Medium
4386,41,59,25,28,55,3.26,42.9,High
4387,68,81,34,85,39,2.22,59.4,Medium
4388,80,38,34,76,82,2.92,70.8,Low
4389,49,51,80,58,86,3.83,69.8,High
4390,41,63,35,26,49,2.41,41.3,High
4391,90,78,39,88,88,2.92,82.3,Low
4392,50,30,96,27,89,2.92,61.3,High
4393,52,82,63,37,22,3.62,39.6,High
4394,49,69,61,68,68,3.65,65.5,High
4395,53,74,65,35,61,3.52,54.1,High
4396,57,97,53,40,43,2.73,49.9,High
4397,90,38,83,29,63,2.14,55.0,Medium
4398,93,51,48,23,20,2.7,34.1,High
4399,48,47,22,63,73,3.36,59.8,High
4400,96,72,28,27,71,3.41,56.1,Medium
4401,78,68,94,74,55,3.93,68.2,Low
4402,67,35,94,38,98,2.91,70.2,Low
4403,42,77,44,83,57,3.26,64.0,High
4404,59,36,61,59,63,3.08,58.5,High
4405,45,98,65,70,66,2.3,68.2,High
4406,66,45,92,28,48,2.92,47.9,High
4407,92,30,78,49,70,3.09,62.7,Medium
4408,41,66,40,75,60,3.9,61.2,High
4409,68,66,93,63,83,2.73,74.8,Low
4410,77,93,41,78,67,3.96,71.3,Low
4411,42,91,48,34,96,3.08,66.7,High
4412,55,90,82,87,41,2.48,65.2,High
4413,69,62,92,89,36,2.38,63.4,Medium
4414,79,95,80,80,24,2.28,59.0,Medium
4415,41,59,83,99,80,2.91,80.0,High
4416,56,49,88,42,25,2.04,41.9,High
4417,80,89,59,96,72,2.89,80.4,Low
4418,51,53,94,66,36,3.98,54.0,High
4419,74,33,20,36,78,3.34,54.7,Medium
4420,82,66,84,76,58,3.52,69.2,Low
4421,40,33,81,73,73,2.24,66.5,High
4422,94,47,73,71,67,2.95,69.5,Low
4423,84,95,79,41,56,2.57,60.5,Medium
4424,54,77,65,58,67,3.79,63.8,High
4425,65,62,24,32,87,2.36,59.5,Medium
4426,76,87,41,97,97,2.92,88.3,Low
4427,60,57,72,85,96,3.18,82.8,Low
4428,88,64,89,71,46,3.03,63.8,Medium
4429,70,39,51,33,46,3.66,44.3,High
4430,64,94,30,92,91,2.46,82.8,Medium
4431,62,71,29,93,82,2.75,76.9,Low
4432,63,38,58,82,71,3.58,68.9,Low
4433,96,89,50,90,66,3.06,76.9,Low
4434,77,44,31,47,40,2.8,45.3,High
4435,67,86,99,65,76,2.06,75.1,Medium
4436,60,98,57,47,94,3.51,73.2,Low
4437,93,51,86,21,61,3.94,53.7,Medium
4438,82,93,85,36,67,3.24,63.6,Medium
4439,57,70,71,78,46,3.71,61.6,High
4440,75,85,24,71,91,3.03,76.1,Low
4441,74,52,30,23,52,2.46,43.3,High
4442,84,54,44,96,95,2.03,85.0,Medium
4443,94,35,54,22,54,3.31,46.5,High
4444,48,63,54,56,35,2.99,47.3,High
4445,92,92,41,43,55,3.56,57.4,Medium
4446,77,38,56,91,85,3.39,78.4,Low
4447,97,89,74,54,95,3.98,80.2,Low
4448,69,78,94,21,75,3.02,60.4,Medium
4449,99,80,91,52,36,2.85,57.0,Medium
4450,83,89,83,95,39,2.57,69.6,Low
4451,73,99,39,96,27,2.95,60.7,Medium
4452,71,66,23,29,37,3.75,39.5,High
4453,42,60,37,81,37,2.08,53.0,High
4454,42,70,70,62,37,3.96,51.6,High
4455,67,91,87,88,21,3.99,59.3,Medium
4456,83,87,39,78,95,3.2,82.3,Low
4457,54,43,28,28,91,2.66,57.3,High
4458,80,65,99,96,70,2.45,81.2,Medium
4459,62,65,45,79,29,2.55,52.5,Medium
4460,79,37,44,82,94,2.1,78.2,Medium
4461,50,55,87,71,33,2.95,53.7,High
4462,87,65,60,42,45,2.11,51.8,Medium
4463,71,77,78,49,66,3.44,63.7,Medium
4464,97,57,64,62,49,2.74,60.0,Medium
4465,98,97,60,87,75,2.4,81.6,Medium
4466,96,91,57,40,61,3.09,60.8,Medium
4467,93,80,38,62,23,3.95,48.9,High
4468,75,71,33,92,30,3.39,57.5,Medium
4469,99,58,40,26,43,2.98,44.7,High
4470,72,39,34,35,86,3.55,59.4,Medium
4471,63,68,22,42,56,3.47,50.3,Medium
4472,78,30,56,77,21,3.78,47.9,High
4473,73,68,65,50,31,2.41,48.0,High
4474,95,50,35,88,40,3.72,60.4,Medium
4475,67,94,33,25,88,2.6,62.1,Medium
4476,76,44,28,84,90,3.88,76.0,Low
4477,46,33,26,78,83,2.56,67.1,High
4478,43,89,33,47,87,3.85,65.4,High
4479,76,90,25,37,62,3.93,55.0,Medium
4480,95,49,34,96,73,2.29,75.8,Medium
4481,40,39,71,29,81,3.95,56.1,High
4482,40,63,91,26,92,2.17,64.0,High
4483,86,77,53,56,31,2.44,50.8,Medium
4484,59,62,20,64,20,2.89,41.3,High
4485,58,90,88,35,91,3.99,70.5,High
4486,68,39,39,33,52,2.98,45.3,High
4487,49,83,99,30,83,3.1,65.3,High
4488,99,94,26,53,87,3.39,72.6,Low
4489,57,30,26,79,33,3.94,48.2,High
4490,67,34,69,32,33,3.57,39.8,High
4491,74,44,21,58,28,2.45,42.5,High
4492,82,57,66,63,92,2.61,76.2,Low
4493,86,52,33,47,45,2.2,49.2,High
4494,70,46,50,59,68,3.29,61.5,Medium
4495,66,42,69,35,36,2.36,42.6,High
4496,50,43,80,69,87,2.51,72.8,High
4497,88,40,60,47,79,3.78,64.5,Medium
4498,88,57,33,87,22,2.65,52.7,Medium
4499,77,71,24,79,44,3.13,58.5,Medium
4500,44,90,94,31,40,2.8,48.1,High
4501,47,93,24,35,31,2.15,39.3,High
4502,73,60,83,72,73,2.73,72.4,Low
4503,87,39,48,73,20,2.82,47.3,High
4504,91,37,94,68,20,3.79,50.6,Medium
4505,95,50,24,55,64,2.65,59.0,Medium
4506,51,88,55,81,65,2.76,69.7,High
4507,77,79,98,45,67,3.57,65.7,Low
4508,40,98,38,75,26,3.52,50.5,High
4509,70,99,83,41,29,3.6,49.1,High
4510,43,59,41,92,34,3.91,55.5,High
4511,88,46,53,88,59,3.59,68.7,Low
4512,84,49,75,68,30,2.82,53.2,Medium
4513,89,77,36,21,75,3.64,56.5,Medium
4514,44,31,95,72,65,3.02,64.6,High
4515,69,66,75,26,64,2.56,54.4,Medium
4516,95,30,36,96,32,2.61,57.7,Medium
4517,63,33,93,39,46,2.45,49.0,High
4518,98,83,37,49,69,2.29,64.1,Medium
4519,42,54,64,94,80,2.37,76.2,High
4520,50,32,97,86,32,2.13,56.5,High
4521,84,38,75,78,31,3.78,55.5,Medium
4522,43,63,99,85,48,3.86,65.2,High
4523,65,72,69,22,39,3.17,42.8,High
4524,66,51,77,75,50,3.68,61.9,Medium
4525,85,99,37,98,27,2.37,62.3,Medium
4526,93,31,99,36,43,3.8,50.3,Medium
4527,82,95,26,71,94,3.01,79.2,Low
4528,66,61,95,26,58,2.13,53.2,Medium
4529,81,45,29,24,52,2.28,43.5,High
4530,90,30,88,73,61,2.62,67.1,Low
4531,89,77,22,80,34,2.09,56.4,Medium
4532,45,79,63,35,87,2.62,64.0,High
4533,98,42,89,86,84,2.12,82.3,Medium
4534,54,44,33,78,51,2.47,56.9,High
4535,92,82,23,66,30,2.53,51.5,Medium
4536,69,73,37,67,56,3.99,60.4,Medium
4537,81,37,71,83,38,2.47,59.0,Medium
4538,76,75,57,69,70,2.48,69.5,Medium
4539,97,98,99,60,53,3.37,68.6,Low
4540,76,48,39,91,90,3.72,79.6,Low
4541,81,67,63,41,79,2.77,65.0,Medium
4542,99,40,70,73,72,3.75,71.6,Low
4543,76,72,38,24,31,2.68,38.2,High
4544,74,49,87,36,81,2.39,64.2,Medium
4545,62,49,85,97,85,2.66,82.7,Low
4546,45,50,32,60,67,3.22,57.5,High
4547,43,86,81,54,59,2.73,60.8,High
4548,57,79,80,59,43,3.35,56.5,High
4549,99,55,49,41,69,2.47,60.2,Medium
4550,48,59,49,67,87,3.4,70.5,High
4551,88,60,70,72,62,2.69,68.2,Low
4552,68,71,67,29,36,2.91,43.7,High
4553,52,97,52,37,74,3.12,60.8,High
4554,98,90,93,99,53,3.37,79.0,Low
4555,86,90,38,68,89,2.48,77.4,Medium
4556,91,99,90,90,79,3.67,86.6,Low
4557,56,97,76,49,70,3.44,65.6,High
4558,84,46,38,38,96,2.47,66.6,Medium
4559,71,48,98,74,92,3.95,80.7,Low
4560,87,80,60,79,54,3.33,68.0,Low
4561,61,99,61,91,53,2.9,70.6,Low
4562,43,92,71,40,35,2.32,46.6,High
4563,44,59,23,45,37,3.07,40.9,High
4564,76,54,23,47,57,2.33,52.2,Medium
4565,80,55,24,58,62,2.86,58.1,Medium
4566,88,85,60,52,51,2.82,59.3,Medium
4567,52,51,80,59,26,3.44,46.4,High
4568,73,48,94,48,65,2.38,61.9,Medium
4569,84,60,74,39,80,3.64,65.5,Low
4570,61,55,94,39,37,2.65,47.5,High
4571,92,71,32,93,90,2.89,83.4,Low
4572,98,70,33,31,59,3.54,53.0,Medium
4573,62,52,79,44,97,3.25,71.3,Low
4574,90,76,91,44,69,2.62,66.5,Low
4575,42,42,44,23,24,2.77,29.3,High
4576,81,95,63,23,73,2.61,60.0,Medium
4577,73,95,29,28,77,3.19,58.9,Medium
4578,71,45,90,34,41,2.67,47.2,High
4579,84,57,69,45,93,3.45,71.7,Low
4580,90,64,63,98,98,3.16,90.3,Low
4581,97,70,33,90,57,2.29,69.8,Medium
4582,88,60,34,51,68,2.62,60.7,Medium
4583,60,61,35,95,20,2.44,52.1,Medium
4584,85,83,21,71,97,2.78,79.0,Low
4585,83,88,49,51,55,3.03,59.3,Medium
4586,60,70,49,28,47,3.01,45.1,High
4587,83,95,50,97,54,3.51,73.5,Low
4588,50,83,96,32,79,2.38,64.1,High
4589,78,69,39,75,81,3.89,73.5,Low
4590,43,57,68,63,65,2.69,61.7,High
4591,90,66,54,49,98,2.6,74.9,Low
4592,40,94,42,35,80,3.37,60.1,High
4593,67,84,80,31,84,3.61,66.0,Low
4594,63,33,74,93,45,2.76,62.9,Medium
4595,74,39,86,85,54,3.49,67.0,Low
4596,52,76,27,37,76,3.77,57.0,High
4597,86,43,59,32,98,3.53,67.6,Low
4598,73,67,78,43,82,2.07,67.5,Medium
4599,50,41,51,31,23,3.65,32.7,High
4600,75,74,26,79,98,3.55,80.4,Low
4601,90,46,21,79,61,3.34,63.8,Medium
4602,56,64,25,20,64,3.52,46.1,High
4603,74,95,55,62,58,3.96,64.2,Medium
4604,99,70,51,74,84,2.86,77.8,Low
4605,57,96,64,59,41,2.13,55.8,High
4606,79,58,61,83,30,2.92,56.7,Medium
4607,61,47,72,53,56,2.09,56.3,Medium
4608,96,49,28,53,70,2.59,61.2,Medium
4609,63,43,94,67,77,3.17,70.9,Low
4610,97,63,94,52,96,2.62,79.4,Low
4611,58,78,68,87,26,3.37,56.9,High
4612,76,83,21,49,27,3.64,43.5,High
4613,78,60,86,98,70,2.84,79.8,Low
4614,60,87,30,90,42,3.8,61.5,Medium
4615,47,71,69,90,28,2.16,56.9,High
4616,67,87,54,48,65,3.68,61.2,Medium
4617,44,59,34,42,57,3.66,49.1,High
4618,56,54,94,53,32,2.64,49.1,High
4619,76,92,50,34,26,2.6,42.4,High
4620,75,48,81,72,30,2.61,54.0,Medium
4621,93,37,47,36,93,3.62,65.7,Low
4622,58,32,44,83,69,3.66,65.9,High
4623,66,96,44,80,86,2.66,79.0,Low
4624,92,46,94,76,60,3.19,70.0,Low
4625,73,43,20,96,48,2.28,61.6,Medium
4626,50,38,78,56,56,2.94,55.8,High
4627,93,91,88,26,75,4.0,65.0,Medium
4628,84,50,93,27,99,2.32,70.4,Medium
4629,86,66,61,97,35,3.9,64.4,Medium
4630,51,40,53,87,63,3.65,65.7,High
4631,93,49,85,40,69,3.94,62.3,Medium
4632,60,64,37,80,90,2.36,76.1,Medium
4633,93,82,96,93,98,2.43,94.2,Medium
4634,50,76,24,99,25,2.03,54.7,High
4635,78,81,39,94,37,3.45,62.8,Medium
4636,67,37,85,48,38,3.29,48.5,High
4637,44,33,94,44,70,2.36,58.3,High
4638,56,56,81,77,85,3.58,76.4,High
4639,95,73,51,33,22,2.6,40.6,High
4640,59,69,77,97,73,2.27,78.8,High
4641,80,76,69,85,68,2.85,75.2,Low
4642,85,73,57,73,47,2.18,62.2,Medium
4643,97,77,74,96,57,2.53,76.4,Low
4644,51,81,47,86,47,2.74,62.5,High
4645,45,97,93,49,51,3.7,58.6,High
4646,56,40,41,37,60,3.59,48.8,High
4647,90,33,62,73,55,2.89,62.4,Medium
4648,58,77,55,40,55,3.45,53.0,High
4649,65,55,71,72,85,3.14,74.7,Low
4650,87,68,55,35,29,2.68,43.1,High
4651,83,87,47,47,89,3.45,71.4,Low
4652,83,48,97,23,91,3.37,66.1,Low
4653,91,87,77,74,98,3.24,86.9,Low
4654,71,57,55,34,82,3.24,61.3,Medium
4655,45,95,89,83,41,3.37,64.2,High
4656,94,39,28,84,39,2.77,56.9,Medium
4657,97,87,40,35,52,3.74,53.7,Medium
4658,75,43,83,39,34,2.32,45.4,High
4659,77,44,95,83,26,3.77,56.9,Medium
4660,50,62,80,52,69,2.68,62.4,High
4661,72,46,59,88,29,2.25,55.7,Medium
4662,63,53,75,88,98,3.2,84.7,Low
4663,62,59,23,77,56,2.75,59.9,Medium
4664,54,91,50,58,78,3.63,68.1,High
4665,66,42,46,96,94,2.86,81.8,Low
4666,50,91,77,55,82,3.34,71.1,High
4667,96,76,44,87,40,2.62,63.7,Medium
4668,90,45,88,40,98,2.42,73.5,Medium
4669,89,95,89,82,98,2.78,91.1,Low
4670,56,72,24,25,56,3.21,45.1,High
4671,90,37,27,43,64,3.31,53.9,Medium
4672,92,32,28,72,33,3.16,50.0,Medium
4673,53,41,34,95,62,3.98,66.1,High
4674,66,45,26,97,52,3.38,63.6,Medium
4675,57,88,91,69,22,3.86,53.1,High
4676,67,78,34,31,63,2.24,52.4,Medium
4677,90,92,56,75,54,2.12,67.9,Medium
4678,86,91,58,34,44,2.62,51.3,Medium
4679,86,78,25,59,27,2.27,47.4,High
4680,43,80,76,60,81,3.05,70.3,High
4681,46,62,38,88,37,3.04,55.8,High
4682,84,59,82,88,47,3.15,67.7,Low
4683,74,88,50,25,94,3.49,66.3,Low
4684,87,44,94,86,31,3.94,60.7,Medium
4685,48,52,98,52,83,3.76,68.6,High
4686,47,74,29,62,21,2.24,42.0,High
4687,91,91,86,40,78,2.68,70.0,Low
4688,84,44,81,84,56,2.51,68.5,Low
4689,56,75,22,36,23,2.35,35.3,High
4690,56,93,37,27,60,3.09,50.7,High
4691,88,75,44,83,64,3.11,71.2,Low
4692,72,85,39,47,53,2.45,54.9,Medium
4693,71,73,77,32,32,3.42,44.5,High
4694,47,58,69,32,26,3.47,37.4,High
4695,58,91,98,57,51,2.04,62.2,High
4696,77,81,29,44,42,2.79,48.7,High
4697,42,83,40,81,68,3.78,68.0,High
4698,98,86,48,42,91,3.04,72.2,Low
4699,44,95,29,40,66,2.7,55.2,High
4700,52,51,32,73,56,2.51,57.8,High
4701,86,49,66,82,67,2.49,71.5,Medium
4702,85,62,42,49,48,2.2,52.8,Medium
4703,70,54,69,94,56,3.63,69.9,Low
4704,94,75,23,87,42,2.17,62.1,Medium
4705,55,86,86,95,57,2.58,74.0,High
4706,89,34,72,92,63,2.09,72.3,Medium
4707,71,84,21,51,24,3.56,42.5,High
4708,61,90,87,94,71,2.08,80.4,Medium
4709,68,37,84,43,59,2.62,55.4,Medium
4710,61,45,98,26,30,3.15,40.2,High
4711,82,77,76,91,97,2.82,89.6,Low
4712,42,90,89,20,21,2.56,36.5,High
4713,93,44,26,22,54,2.55,44.5,High
4714,49,94,38,47,64,3.6,57.8,High
4715,81,51,63,62,68,3.95,65.3,Low
4716,60,32,82,65,54,2.7,58.5,Medium
4717,55,83,84,20,91,2.08,64.6,High
4718,51,43,58,57,51,2.07,52.7,High
4719,41,65,45,54,87,3.52,66.1,High
4720,80,96,63,93,90,3.1,87.8,Low
4721,63,39,31,95,58,3.57,65.0,Medium
4722,74,78,41,93,67,3.39,74.0,Low
4723,95,94,96,73,56,3.82,72.8,Low
4724,69,86,33,43,79,3.77,63.3,Medium
4725,96,56,49,47,93,3.58,71.4,Low
4726,69,34,63,41,23,2.95,38.1,High
4727,86,86,57,35,42,2.62,50.2,Medium
4728,74,44,78,32,33,3.01,42.4,High
4729,58,59,61,81,24,3.0,51.7,High
4730,89,49,71,62,85,3.22,73.5,Low
4731,47,66,82,97,43,2.37,65.8,High
4732,65,32,80,51,37,3.31,47.8,High
4733,88,70,53,86,46,2.91,65.3,Low
4734,79,68,58,76,43,3.24,60.5,Medium
4735,46,55,60,84,48,2.48,60.5,High
4736,69,31,56,88,30,2.87,54.0,Medium
4737,46,52,84,68,37,2.42,53.4,High
4738,42,52,98,52,23,3.75,44.0,High
4739,40,45,51,38,52,2.98,45.8,High
4740,75,38,27,55,97,2.45,69.3,Medium
4741,64,42,37,89,61,2.08,65.4,Medium
4742,76,57,64,34,51,3.35,50.3,Medium
4743,40,56,52,43,70,2.43,55.7,High
4744,54,80,24,46,23,3.98,38.8,High
4745,76,93,93,68,39,3.07,62.2,Medium
4746,52,81,55,94,86,2.58,81.4,High
4747,79,67,42,42,87,3.32,66.2,Low
4748,47,94,59,52,81,2.55,68.0,High
4749,44,47,24,60,77,3.64,60.3,High
4750,99,92,53,75,66,2.62,73.3,Low
4751,48,80,43,48,94,3.98,69.1,High
4752,40,38,36,50,99,3.21,66.0,High
4753,75,42,90,84,78,3.69,77.1,Low
4754,74,69,41,37,25,2.15,39.5,High
4755,41,84,34,25,59,2.7,47.0,High
4756,79,72,34,71,96,3.47,78.2,Low
4757,62,73,44,59,42,3.31,52.4,Medium
4758,48,97,72,84,71,2.39,75.3,High
4759,73,62,40,61,23,2.71,45.0,High
4760,85,53,85,87,56,2.53,70.8,Low
4761,53,65,51,51,61,3.23,56.6,High
4762,43,39,40,29,63,2.69,46.1,High
4763,69,49,87,88,61,2.62,71.3,Low
4764,70,41,63,28,48,2.41,45.0,High
4765,77,91,85,88,38,2.82,66.9,Low
4766,50,47,33,80,51,2.39,57.4,High
4767,74,92,34,30,63,3.93,54.2,Medium
4768,47,54,39,87,74,2.31,69.7,High
4769,42,41,53,93,99,3.83,81.1,High
4770,53,50,55,27,24,2.86,33.5,High
4771,99,54,28,68,65,2.76,64.5,Medium
4772,52,40,90,43,95,2.46,69.1,High
4773,84,93,49,52,64,3.27,63.8,Medium
4774,71,79,96,38,40,3.37,52.0,Medium
4775,73,91,82,21,97,2.94,69.7,Low
4776,84,78,54,74,41,2.11,60.2,Medium
4777,58,43,32,30,49,3.84,41.9,High
4778,98,30,98,36,42,3.96,50.2,Medium
4779,77,54,65,61,24,2.86,47.5,High
4780,55,88,75,80,82,3.23,78.6,High
4781,41,98,28,22,78,2.9,54.5,High
4782,79,34,55,54,71,2.64,61.4,Medium
4783,56,48,22,85,84,2.15,71.7,High
4784,94,52,38,20,58,2.91,47.6,High
4785,73,38,47,26,22,3.64,32.4,High
4786,81,79,42,39,61,2.03,56.3,Medium
4787,99,45,26,62,90,3.16,71.6,Low
4788,55,62,95,25,46,3.76,47.1,High
4789,77,31,33,74,47,2.44,55.1,Medium
4790,99,43,65,40,73,2.37,61.9,Medium
4791,41,30,34,70,34,3.54,45.1,High
4792,41,87,86,65,72,2.51,69.7,High
4793,65,45,34,54,91,2.38,67.0,Medium
4794,52,76,70,27,89,2.76,63.5,High
4795,95,73,27,87,23,2.79,54.8,Medium
4796,86,43,88,35,36,3.75,46.6,High
4797,70,53,81,86,53,3.24,67.4,Low
4798,99,84,70,90,25,2.81,62.3,Medium
4799,73,44,82,83,55,3.07,66.8,Low
4800,78,63,87,21,58,3.91,52.3,Medium
4801,42,31,97,20,99,2.23,62.6,High
4802,47,56,35,77,85,2.42,70.9,High
4803,62,52,43,20,27,3.93,32.5,High
4804,53,97,25,26,34,3.91,38.9,High
4805,95,43,76,88,82,2.35,80.6,Medium
4806,94,92,50,37,99,2.29,74.3,Medium
4807,66,94,25,51,84,2.84,67.4,Low
4808,93,97,98,64,78,2.1,79.2,Medium
4809,68,92,48,52,29,3.31,48.0,High
4810,78,93,86,93,26,2.15,64.0,Medium
4811,92,61,94,92,93,2.12,89.5,Medium
4812,78,42,22,68,95,2.97,72.6,Low
4813,40,95,47,52,31,3.92,46.2,High
4814,56,48,93,90,98,2.85,85.9,High
4815,80,53,67,87,65,2.71,72.1,Low
4816,69,40,99,47,51,4.0,55.3,Medium
4817,92,88,29,72,51,3.06,62.9,Medium
4818,52,44,52,63,97,2.75,72.5,High
4819,60,39,86,99,80,2.77,80.2,Low
4820,58,70,88,74,88,2.39,79.0,High
4821,92,56,31,29,80,3.02,58.6,Medium
4822,58,89,76,33,65,2.88,58.2,High
4823,96,81,63,55,87,2.54,75.3,Low
4824,64,57,32,53,74,2.32,60.8,Medium
4825,61,94,43,37,20,2.62,38.9,High
4826,70,46,63,35,96,3.02,66.8,Low
4827,56,73,76,56,86,2.12,71.7,High
4828,94,39,35,60,68,2.31,62.0,Medium
4829,62,92,40,44,44,3.9,50.2,Medium
4830,71,76,95,27,35,3.09,46.3,High
4831,49,67,70,37,32,2.13,42.5,High
4832,49,99,40,87,71,3.39,73.3,High
4833,75,82,79,67,55,2.12,65.7,Medium
4834,47,73,70,89,91,3.48,82.1,High
4835,93,83,40,86,63,3.5,72.6,Low
4836,91,49,25,37,66,3.3,54.0,Medium
4837,59,60,92,37,99,3.46,71.8,High
4838,71,36,84,75,95,2.18,79.6,Medium
4839,89,87,95,42,39,3.45,55.3,Medium
4840,53,39,77,54,37,2.27,47.9,High
4841,89,39,97,25,73,2.68,59.2,Medium
4842,67,68,25,45,31,3.89,41.9,High
4843,85,57,84,80,44,3.01,64.2,Medium
4844,91,59,53,34,79,3.93,62.1,Medium
4845,92,66,75,51,94,2.18,76.2,Medium
4846,63,96,94,31,53,2.96,55.8,Medium
4847,54,72,22,24,32,2.12,34.8,High
4848,61,81,61,83,57,3.26,68.0,Low
4849,69,85,81,90,31,2.16,62.9,Medium
4850,43,97,25,46,55,2.35,52.3,High
4851,52,38,25,98,47,2.52,59.7,High
4852,98,52,82,64,58,3.5,65.6,Low
4853,62,92,39,54,96,2.33,73.9,Medium
4854,47,90,40,45,62,3.69,56.0,High
4855,57,69,21,42,50,2.26,47.3,High
4856,51,73,75,32,21,2.07,37.9,High
4857,94,53,29,22,61,2.79,48.6,High
4858,70,80,89,48,50,3.96,58.3,Medium
4859,53,87,42,85,80,2.22,75.7,High
4860,73,62,49,83,75,2.2,73.3,Medium
4861,57,45,97,47,33,3.5,47.2,High
4862,95,51,56,55,33,2.62,49.9,High
4863,73,86,74,25,48,3.43,50.0,Medium
4864,50,91,68,30,69,2.4,57.5,High
4865,80,99,53,57,69,2.92,67.9,Low
4866,51,59,63,53,82,2.53,66.0,High
4867,88,52,41,86,92,2.9,80.7,Low
4868,54,61,50,65,84,3.54,69.6,High
4869,96,86,26,48,87,3.52,70.0,Low
4870,70,38,40,79,90,3.03,74.5,Low
4871,88,60,35,73,30,3.86,52.2,Medium
4872,97,38,39,88,33,2.53,57.0,Medium
4873,68,42,62,93,22,2.48,53.9,Medium
4874,65,87,63,93,27,3.23,60.2,Medium
4875,57,32,66,28,62,3.24,48.7,High
4876,71,64,38,96,28,2.09,57.3,Medium
4877,61,50,67,29,38,3.22,41.7,High
4878,77,93,98,94,31,2.75,67.4,Low
4879,56,81,88,87,46,3.49,67.0,High
4880,62,63,30,77,77,3.62,69.4,Low
4881,63,64,98,71,44,3.1,61.4,Medium
4882,89,44,48,53,64,2.0,59.6,Medium
4883,47,35,64,54,67,3.27,57.6,High
4884,80,61,87,52,69,3.5,66.0,Low
4885,45,81,55,91,63,2.5,70.6,High
4886,44,57,67,51,78,2.93,63.3,High
4887,83,93,34,74,52,3.93,64.0,Medium
4888,96,48,63,27,97,2.6,67.6,Low
4889,68,44,86,65,47,2.45,58.1,Medium
4890,67,35,93,33,37,2.42,44.2,High
4891,50,67,59,27,74,3.12,55.3,High
4892,96,55,33,90,52,3.9,66.2,Low
4893,40,80,82,96,34,3.22,62.6,High
4894,82,82,70,73,80,2.61,77.3,Low
4895,58,85,98,40,30,3.28,48.1,High
4896,48,88,77,94,55,3.25,71.5,High
4897,66,99,34,33,34,3.19,43.4,High
4898,73,87,84,94,72,2.32,81.4,Medium
4899,83,42,74,21,81,3.27,58.6,Medium
4900,43,72,95,80,67,2.86,71.8,High
4901,75,80,29,36,34,2.04,42.8,High
4902,57,48,61,97,82,3.08,78.5,High
4903,54,50,30,67,62,3.98,58.3,High
4904,90,53,35,27,69,2.7,53.5,Medium
4905,52,55,92,75,79,3.93,74.0,High
4906,58,74,97,36,78,2.19,64.9,High
4907,88,57,38,88,34,3.46,58.3,Medium
4908,45,58,50,31,48,2.23,43.8,High
4909,87,46,92,57,94,2.55,77.2,Low
4910,95,97,72,37,59,3.14,61.1,Medium
4911,51,73,27,45,50,3.19,48.6,High
4912,90,90,43,56,92,3.55,75.9,Low
4913,76,97,27,89,30,3.23,58.7,Medium
4914,56,54,67,60,81,3.19,68.1,High
4915,97,96,49,98,94,3.82,91.2,Low
4916,62,31,77,61,27,2.9,46.1,High
4917,65,78,74,95,70,2.45,78.2,Medium
4918,68,99,92,60,76,2.32,74.3,Medium
4919,72,55,81,66,23,2.8,49.8,High
4920,99,56,67,33,55,3.43,54.1,Medium
4921,66,47,23,20,38,2.09,34.8,High
4922,64,83,56,36,43,2.26,48.3,High
4923,95,30,27,74,60,2.21,61.4,Medium
4924,94,90,20,72,68,3.17,69.2,Low
4925,49,32,89,50,65,2.49,58.0,High
4926,86,97,66,81,55,2.33,71.2,Medium
4927,62,70,94,27,29,3.19,42.3,High
4928,60,66,24,49,97,3.52,68.5,Low
4929,60,80,69,96,26,2.66,60.1,Medium
4930,82,44,43,99,31,3.16,59.0,Medium
4931,52,37,66,85,67,2.2,67.8,High
4932,76,67,37,64,56,3.87,59.6,Medium
4933,72,85,47,37,94,2.67,69.1,Low
4934,63,76,96,64,55,4.0,64.7,Medium
4935,83,39,24,38,79,3.96,57.6,Medium
4936,50,78,49,96,96,3.56,84.9,High
4937,56,70,20,87,27,2.04,51.5,High
4938,43,59,65,69,26,3.09,47.8,High
4939,86,34,88,44,62,2.17,58.8,Medium
4940,64,60,50,57,77,3.79,65.3,Low
4941,69,81,89,55,65,3.58,66.4,Low
4942,48,52,75,87,53,3.94,64.8,High
4943,60,77,47,75,91,3.22,77.3,Low
4944,59,69,35,58,41,3.04,50.1,High
4945,58,35,73,82,40,3.04,57.2,High
4946,58,67,72,26,34,2.77,41.1,High
4947,51,70,31,77,24,2.94,47.9,High
4948,76,56,39,99,36,3.27,61.2,Medium
4949,81,98,53,78,91,3.87,83.0,Low
4950,56,86,72,67,38,3.19,56.7,High
4951,76,46,83,24,24,3.71,37.3,High
4952,93,76,42,55,42,3.73,54.4,Medium
4953,87,42,46,44,33,3.04,43.9,High
4954,78,40,36,64,29,2.69,46.2,High
4955,67,53,67,38,50,3.28,50.1,Medium
4956,80,33,40,26,32,2.89,35.9,High
4957,74,75,69,77,41,2.16,61.3,Medium
4958,86,47,59,85,56,2.76,67.1,Low
4959,87,72,22,99,58,3.99,71.0,Low
4960,57,62,36,58,29,2.1,44.5,High
4961,53,39,80,37,50,3.39,48.3,High
4962,74,88,69,20,62,3.68,53.9,Medium
4963,83,60,25,82,96,3.3,79.8,Low
4964,80,57,47,22,55,3.14,47.0,High
4965,99,89,91,40,54,3.42,61.5,Medium
4966,46,32,74,49,87,2.86,64.7,High
4967,80,84,77,30,74,2.18,62.7,Medium
4968,52,43,64,41,87,3.92,63.0,High
4969,57,87,91,76,66,2.86,72.7,High
4970,76,44,38,22,25,3.33,32.4,High
4971,52,31,48,49,47,3.06,46.6,High
4972,75,53,42,64,49,2.11,55.8,Medium
4973,70,93,51,55,46,3.91,56.3,Medium
4974,41,53,29,91,88,3.59,74.8,High
4975,55,56,68,83,58,2.3,66.0,High
4976,48,66,84,73,54,3.96,63.3,High
4977,48,68,48,87,63,3.47,67.7,High
4978,77,92,78,69,34,2.94,59.0,Medium
4979,50,55,64,50,51,3.22,52.3,High
4980,93,94,86,48,48,2.21,60.9,Medium
4981,95,33,70,78,82,3.12,76.0,Low
4982,61,58,30,55,25,2.15,41.4,High
4983,72,30,25,96,46,3.09,59.9,Medium
4984,75,79,86,92,47,3.11,70.4,Low
4985,84,40,81,86,24,3.75,55.9,Medium
4986,62,88,24,95,60,3.45,69.9,Low
4987,84,91,28,30,75,2.5,59.3,Medium
4988,84,65,47,30,73,3.78,57.8,Medium
4989,73,85,96,45,99,3.15,78.5,Low
4990,48,50,57,72,37,3.21,51.9,High
4991,63,42,62,33,96,2.34,65.0,Medium
4992,47,38,40,83,62,3.72,62.2,High
4993,46,40,81,99,93,3.86,83.6,High
4994,75,99,65,29,48,3.55,51.8,Medium
4995,57,30,89,50,29,3.88,44.2,High
4996,42,99,57,55,25,2.6,46.3,High
4997,67,85,68,29,99,3.72,70.3,Low
4998,45,60,94,45,23,2.98,42.6,High
4999,83,66,58,39,53,2.33,53.6,Medium
5000,83,76,90,63,52,3.34,64.6,Medium
